Key,Type,Desc,English,French,Italian,German,Spanish,Japanese,Korean,Polish,Russian,Chinese-Simplified [zh-CN],Portuguese-Brazil [pt-BR],Chinese-Traditional [zh-TW],Pirate English [en-PI],Serbian,Swedish,Romanian
Missions/MissionGranter/Description/MissionGranterMTETest,Text,,"Test description","Description de test","Descrizione di prova","Testbeschreibung","Descripción de prueba","テスト用の説明","테스트 설명","Opis testowy","Тестовое описание","测试描述","Descrição de teste","測試說明","Test scribblin's","Пробни опис","Testbeskrivning","Descriere de test"

Missions/MissionGranter/Name/MissionGranterMTETest,Text,,"Test name","Nom de test","Nome di prova","Testname","Nombre de prueba","テスト用の名前","테스트 이름","Nazwa testowa","Тестовое название","测试名称","Nome de teste","測試名稱","Test name, arr","Пробни назив","Testnamn","Nume de test"

Missions/Primary/PM04/Description,Text,,"We are going all in! A proper Munar orbit!","On met le paquet ! Une véritable orbite autour de la Mune !","Andiamo con tutto! Una vera orbita intorno a Mun!","Wir setzen alles auf eine Karte! Eine richtige Umlaufbahn um den Mun!","¡Vamos con todo! ¡Una órbita en condiciones alrededor de la Muna!","全力で行きますよ！本格的なムン周回軌道です！","모든 걸 걸어 봅시다! 제대로 된 문 궤도 진입입니다!","Idziemy na całość! Prawdziwa orbita wokół Muna!","Идем ва-банк! Настоящая орбита вокруг Муны!","我们要全力以赴！一次真正的环Mun轨道飞行！","Vamos com tudo! Uma órbita de verdade ao redor da Mun!","我們要全力以赴！來一次真正的穆恩星軌道任務！","We be goin' all in! A proper orbit 'round the Mun!","Идемо на све или ништа! Права орбита око Муна!","Nu satsar vi allt! En riktig omloppsbana runt Mun!","Mergem până la capăt! O orbită adevărată în jurul lui Mun!"
Missions/Primary/PM04/Brief02,Text,,"Yesterday I slept for the first time in a few days. Who knew a caffeine crash could provide such restful sleep?  
Anyway, I brewed some fresh pots for everyone in <style=""KSC-Mission-Control"">Mission Control</style> so we can cut down on all that unnecessary blinking! With your help, we’re going to pull off our first Mun orbit!","Hier, j'ai dormi pour la première fois depuis plusieurs jours. Qui aurait pu deviner que la descente de caféine provoquait un sommeil aussi profond et reposant ?
Enfin bref, j'ai préparé du café frais pour tout le monde au <style=""KSC-Mission-Control"">Contrôle mission</style>, comme ça on pourra limiter tous ces clignements d'yeux inutiles ! Avec votre aide, on va réussir notre première mise en orbite autour de la Mune !","Ieri ho dormito per la prima volta da giorni. Chi poteva immaginare che riprendersi da un'overdose di caffeina potesse portare a una nottata di sonno così riposante?
Comunque, ho preparato altro caffè per tutti i membri del <style=""KSC-Mission-Control"">Controllo Missioni</style>, così non perderemo tempo sbattendo le palpebre! Con il tuo aiuto, riusciremo a portare a termine la nostra prima orbita intorno a Mun!","Gestern habe ich seit ein paar Tagen das erste Mal wieder geschlafen. Wer hätte gedacht, dass man nach einem Koffeinabsturz so erholsam schläft?
Wie auch immer, ich habe für das gesamte Team im <style=""KSC-Mission-Control"">Missionszentrum</style> ein paar Kannen frischen Kaffee gekocht, damit dieses unnötige Blinzeln mal ein Ende hat! Mit deiner Hilfe schaffen wir unsere allererste Umlaufbahn um den Mun!","Ayer fue la primera vez que dormí en días. ¿Quién iba a decir que un bajón de cafeína produciría un sueño tan reparador?
En fin, acabo de preparar más cafeteras para todos en <style=""KSC-Mission-Control"">Control de misión</style>, ¡así reduciremos parpadeos innecesarios! Con tu ayuda, ¡lograremos nuestra primera órbita alrededor de la Muna!","昨日数日ぶりに眠れたんです。カフェインクラッシュのおかげでこんなに安らかな眠りにつけるなんて、知ってました？
とにかく、<style=""KSC-Mission-Control"">ミッションコントロールセンター</style>のみんなのために数ポット分コーヒーを淹れておきました。これで無駄なまばたきを減らすことができます！ 所長の助けがあれば、初めてのムン周回軌道を成功させられますよ！","어제 저는 며칠 만에 처음으로 잠을 잤습니다. 카페인이 떨어지면서 이렇게 깊고 편안한 잠을 잘 수 있을 줄 누가 알았겠어요?
아무튼, <style=""KSC-Mission-Control"">우주 비행 관제소</style>의 모두를 위해 갓 내린 커피를 몇 주전자 준비했어요. 이제 쓸데없이 눈을 깜빡이는 일도 줄어들 거예요! 국장님의 도움이 있다면 첫 번째 문 궤도 진입에 성공할 수 있을 겁니다!","Wczoraj pierwszy raz od kilku dni zasnęłam. Kto by pomyślał, że spadek po kofeinie może dać tak głęboki, regenerujący sen?
W każdym razie zaparzyłam świeżą kawę dla wszystkich w <style=""KSC-Mission-Control"">kontroli misji</style>, aby ograniczyć zbędne mruganie powiekami! Z twoją pomocą osiągniemy naszą pierwszą orbitę wokół Muna!","Вчера мне впервые за несколько дней удалось заснуть. Кто знал, что кофеиновый отходняк дает такой освежающий сон?
В общем, я сварила свежий кофе для всех работников <style=""KSC-Mission-Control"">Центра аэрокосмических программ</style>, чтобы мы поменьше тратили время на лишнее моргание! С вашей помощью мы впервые выйдем на орбиту вокруг Муны!","昨天是我好几天来头一次睡觉。谁能想到咖啡因崩溃能够带来如此安宁的酣睡呢？
总之，我新煮了几壶给<style=""KSC-Mission-Control"">任务控制中心</style>的所有人，这样我们就能减少不必要的眨眼了！有了你的帮助，我们将首次进入环绕Mun的轨道！","Ontem eu dormi pela primeira vez em dias. Quem diria que a queda depois da cafeína poderia proporcionar um sono tão revigorante?
Enfim, fiz um café fresquinho pra todo mundo do <style=""KSC-Mission-Control"">Controle de Missão</style> para reduzir todas as piscadas desnecessárias! Com a sua ajuda, vamos conseguir nossa primeira órbita ao redor da Mun!","昨天我終於睡了，這是我幾天來的第一次好覺。誰會想到咖啡因崩潰竟然能讓我睡得這麼香甜？
總之，我已經為<style=""KSC-Mission-Control"">任務控制中心</style>的每個人都煮好了新鮮的咖啡，這樣我們就可以減少不必要的眨眼了！在你的協助下，我們要完成首次環繞穆恩星的軌道任務！","Yesterday I slept fer the first time in a few days. Who knew a crash from the bean juice could give such restful sleep?
Anyhow, I brewed fresh pots fer every hand in <style=""KSC-Mission-Control"">Mission Control</style> so we can cut down on all that needless blinkin'! With yer help, we be pullin' off our first orbit 'round the Mun!","Јуче сам први пут после неколико дана заспала. Ко би рекао да пад после кофеина доноси тако миран сан?
Уосталом, скувала сам свежу кафу за све у <style=""KSC-Mission-Control"">Контроли мисије</style>, да бисмо смањили сво то непотребно трептање! Уз Вашу помоћ остварићемо нашу прву орбиту око Муна!","I går sov jag för första gången på flera dagar. Vem kunde ana att en koffeinkrasch kunde ge så vilsam sömn?
Hur som helst, jag har bryggt färskt kaffe åt alla på <style=""KSC-Mission-Control"">Uppdragskontrollen</style> så att vi kan dra ner på allt onödigt blinkande! Med din hjälp ska vi klara vår första omloppsbana runt Mun!","Ieri am dormit pentru prima dată după câteva zile. Cine ar fi crezut că prăbușirea după cofeină poate aduce un somn atât de odihnitor?
Oricum, am făcut cafea proaspătă pentru toată lumea din <style=""KSC-Mission-Control"">Controlul Misiunii</style>, ca să reducem toate clipitele inutile! Cu ajutorul dumneavoastră, vom reuși prima noastră orbită în jurul lui Mun!"

Missions/Primary/MTE01/Name,Text,,"Fly by the Mun","Survol de la Mune","Sorvolo di Mun","Vorbeiflug am Mun","Sobrevuelo de la Muna","ムン接近通過","문 근접 비행","Przelot obok Muna","Пролет мимо Муны","飞掠Mun","Sobrevoo da Mun","飛越穆恩星","Sail Past the Mun","Прелет поред Муна","Förbiflygning av Mun","Survolul lui Mun"
Missions/Primary/MTE01/Description,Text,,"Time to visit our nearest neighbor, the Mun!","En route vers notre plus proche voisin, la Mune !","È il momento di visitare la nostra vicina più vicina: Mun!","Zeit, unseren nächsten Nachbarn zu besuchen, den Mun!","Ahora toca visitar a nuestra vecina más cercana: ¡la Muna!","一番近いお隣さん、ムンを訪ねに行きましょう！","가장 가까운 이웃인 문을 방문할 시간입니다!","Pora odwiedzić naszego najbliższego sąsiada, Muna!","Пора навестить нашу ближайшую соседку Муну!","该去拜访我们最近的邻居Mun了！","Hora de visitar a nossa vizinha mais próxima, Mun!","該去拜訪我們最近的鄰居，穆恩星了！","Time to pay a visit to our nearest neighbor, the Mun!","Време је да посетимо нашег најближег суседа, Мун!","Dags att besöka vår närmaste granne, Mun!","E timpul să-l vizităm pe cel mai apropiat vecin al nostru, Mun!"
Missions/Primary/MTE01/Objective,Text,,"Enter the Mun's SOI.","Entrer dans la SDI de la Mune.","Entra nella SdI di Mun.","Tritt in die SOI des Muns ein.","Entra en la EdI de la Muna.","ムンのSOIに入る。","문의 SOI에 진입하세요.","Wejdź w SG Muna.","Войдите в сферу тяготения Муны.","进入Mun的SOI。","Entre na EDI da Mun.","進入穆恩星的SOI。","Sail into the Mun's Sphere o' Influence.","Уђите у сферу утицаја Муна.","Gå in i Muns inflytandesfär.","Intrați în sfera de influență a lui Mun."
Missions/Primary/MTE01/Brief01,Text,,"Ah, Director!
You wouldn't believe the chaos. Absolute, utter chaos. You see, I may have… overindulged in the Macchiato Mk1. It's… invigorating. To say the least. I haven't slept in days! I've been bouncing off the walls, reorganizing the entire <style=""KSC-Mission-Control"">Mission Control</style> filing system by color. It's… a masterpiece.","Ah, directeur !
Vous n'imaginez pas le chaos. Un chaos absolu, total. Voyez-vous, j'ai peut-être… abusé du Macchiato Mk1. C'est… revigorant. C'est le moins qu'on puisse dire. Je n'ai pas dormi depuis des jours ! Je n'arrête pas de rebondir partout, j'ai réorganisé tout le système de classement du <style=""KSC-Mission-Control"">Contrôle mission</style> par couleur. C'est… un chef-d'œuvre.","Ah, direttore!
Non crederesti mai al caos. Caos assoluto, totale. Vedi, forse ho… esagerato con il Macchiato Mk1. È… rinvigorente. Per non dire altro. Non dormo da giorni! Rimbalzo da una parete all'altra, ho riorganizzato per colore l'intero archivio del <style=""KSC-Mission-Control"">Controllo Missioni</style>. È… un capolavoro.","Ah, Direktor!
Du glaubst nicht, was hier für ein Chaos herrscht. Absolutes, totales Chaos. Weißt du, ich habe es vielleicht ein wenig… mit dem Macchiato Mk1 übertrieben. Er ist… belebend. Gelinde gesagt. Ich habe seit Tagen nicht geschlafen! Ich springe hier herum wie ein Flummi und habe das gesamte Ablagesystem des <style=""KSC-Mission-Control"">Missionszentrums</style> nach Farben neu sortiert. Es ist… ein Meisterwerk.","¡Ah, dire!
No te puedes imaginar el caos. Un caos absoluto, total. Verás, puede que me haya… pasado con el Macchiato Mk1. Es… vigorizante. Por decirlo suavemente. ¡Llevo días sin dormir! No paro de rebotar por las paredes y he reorganizado todo el sistema de archivo de <style=""KSC-Mission-Control"">Control de misión</style> por colores. Es… una obra maestra.","ああ、所長！
もう信じられないくらいの大混乱なんです。完全に、徹底的に大混乱。実はですね、マキアートMk1を…ちょっと飲みすぎたかもしれません。これが…元気が出るんですよ。控えめに言っても。もう何日も寝てないんです！ 壁から壁へ跳ね回って、<style=""KSC-Mission-Control"">ミッションコントロールセンター</style>のファイリングシステムを全部色別に整理し直しちゃいました。これが…傑作なんです。","아, 국장님!
얼마나 난리였는지 믿지 못하실 거예요. 완전히, 철저하게 난리였어요. 그게, 제가 마키아토 Mk1을… 좀 과하게 마신 것 같아요. 정말… 기운이 나더라고요. 아주 조심스럽게 말하자면요. 며칠째 잠을 못 잤어요! 벽에 부딪혀 튕겨 다니듯 돌아다니면서 <style=""KSC-Mission-Control"">우주 비행 관제소</style>의 서류 정리 체계를 전부 색깔별로 다시 정리했어요. 이건… 걸작이에요.","Ach, dyrektorze!
Nie uwierzysz, jaki tu chaos. Absolutny, kompletny chaos. Widzisz, chyba trochę… przesadziłam z Macchiato Mk1. Jest… pobudzające. Delikatnie mówiąc. Od kilku dni nie spałam! Odbijam się od ścian i przeorganizowałam cały system archiwizacji w <style=""KSC-Mission-Control"">kontroli misji</style> według kolorów. To… arcydzieło.","А, директор!
Вы не поверите, какой тут хаос. Полный, абсолютный хаос. Видите ли, я, кажется, немного… перебрала с «Макиато Mk1». Он… бодрит. Мягко говоря. Я не спала уже несколько дней! Скачу от стенки к стенке и переложила всю картотеку <style=""KSC-Mission-Control"">Центра аэрокосмических программ</style> по цветам. Это… шедевр.","啊，局长！
你绝对想象不到这里有多混乱。彻头彻尾、一塌糊涂的混乱。你看，我可能……喝了太多玛奇朵Mk1。它……让人精神百倍。说得保守一点。我已经好几天没睡觉了！我在墙壁之间弹来弹去，把<style=""KSC-Mission-Control"">任务控制中心</style>的整个归档系统按颜色重新整理了一遍。这简直是……一件杰作。","Ah, Diretor!
Você não acreditaria no caos. Um caos absoluto, total. Sabe, talvez eu tenha… exagerado no Macchiato Mk1. Ele é… revigorante. Para dizer o mínimo. Não durmo há dias! Estou quicando pelas paredes e reorganizei todo o sistema de arquivos do <style=""KSC-Mission-Control"">Controle de Missão</style> por cor. É… uma obra-prima.","啊，總監！
你絕對不敢相信這裡有多混亂。徹徹底底、一團亂的混亂。是這樣的，我可能……喝了太多瑪奇朵Mk1。它……超提神的。這已經是保守說法了。我已經好幾天沒睡了！我整個人在牆壁之間彈來彈去，還把<style=""KSC-Mission-Control"">任務控制中心</style>的整套歸檔系統依照顏色重新整理了一遍。這根本是……一件傑作。","Ahoy, Cap'n!
Ye'd not believe the chaos. Utter, total chaos, it be. Ye see, I may have… guzzled a wee bit too much Macchiato Mk1. It be… invigoratin'. To say the least. I ain't slept in days! I been bouncin' off the bulkheads, sortin' the whole <style=""KSC-Mission-Control"">Mission Control</style> filin' system by color. It be… a masterpiece.","Ах, директоре!
Не бисте веровали какав је хаос. Потпуни, апсолутни хаос. Видите, можда сам… претерала са макијатом Mk1. Он је… окрепљујући. Најблаже речено. Данима нисам спавала! Одбијам се од зидова и преуредила сам цео систем архивирања <style=""KSC-Mission-Control"">Контроле мисије</style> по бојама. То је… ремек-дело.","Ah, chefen!
Du skulle inte tro vilket kaos det är. Totalt, fullständigt kaos. Du förstår, jag har kanske… druckit lite för mycket Macchiato Mk1. Den är… uppiggande. Milt uttryckt. Jag har inte sovit på flera dagar! Jag studsar mellan väggarna och har sorterat om hela arkivsystemet på <style=""KSC-Mission-Control"">Uppdragskontrollen</style> efter färg. Det är… ett mästerverk.","Ah, director!
Nici nu vă imaginați ce haos e aici. Un haos absolut, total. Vedeți, poate că am… exagerat cu Macchiato Mk1. E… revigorant. Ca să nu spun mai mult. N-am mai dormit de câteva zile! Sar de pe un perete pe altul și am reorganizat tot sistemul de arhivare al <style=""KSC-Mission-Control"">Controlului Misiunii</style> după culori. E… o capodoperă."
Missions/Primary/MTE01/Brief02,Text,,"Anyway, the point is, I need to slow down. Cut back. Maybe try a… decaf? The thought horrifies me, but desperate times call for desperate measures.
And speaking of desperate measures, it's time for a new challenge!","Bref, ce que je veux dire, c'est que je dois ralentir. Lever le pied. Peut-être essayer un… déca ? Cette idée me terrifie, mais aux grands maux les grands remèdes.
Et en parlant de grands remèdes, il est temps de relever un nouveau défi !","Comunque, il punto è che devo rallentare. Darmi una calmata. Magari provare un… decaffeinato? L'idea mi fa orrore, ma a mali estremi, estremi rimedi.
E a proposito di estremi rimedi, è ora di affrontare una nuova sfida!","Wie auch immer, der Punkt ist: Ich muss langsamer machen. Kürzertreten. Vielleicht mal einen… Entkoffeinierten probieren? Der Gedanke entsetzt mich, aber verzweifelte Zeiten erfordern verzweifelte Maßnahmen.
Und apropos verzweifelte Maßnahmen: Es ist Zeit für eine neue Herausforderung!","En fin, la cuestión es que tengo que frenar. Bajar el ritmo. Quizá probar un… ¿descafeinado? La idea me horroriza, pero a grandes males, grandes remedios.
Y hablando de grandes remedios, ¡ha llegado la hora de un nuevo desafío!","とにかく、言いたいのは、ペースを落とさなきゃってことです。控えめにしないと。もしかしたら…デカフェを試してみるとか？ 考えただけでゾッとしますが、窮地には思い切った手段が必要です。
思い切った手段といえば、新しい挑戦の時間ですよ！","아무튼 요점은, 제가 속도를 좀 늦춰야 한다는 거예요. 줄여야죠. 어쩌면… 디카페인을 마셔 봐야 할지도요? 생각만 해도 끔찍하지만, 절박한 상황에는 절박한 조치가 필요한 법이죠.
그리고 절박한 조치라고 하니 말인데, 새로운 도전의 시간이에요!","W każdym razie chodzi o to, że muszę zwolnić. Przystopować. Może spróbować… bezkofeinowej? Sama myśl mnie przeraża, ale na rozpaczliwe sytuacje trzeba rozpaczliwych środków.
A skoro mowa o rozpaczliwych środkach, pora na nowe wyzwanie!","В общем, суть в том, что мне надо притормозить. Сбавить обороты. Может, попробовать… кофе без кофеина? От одной мысли мне становится жутко, но отчаянные времена требуют отчаянных мер.
И раз уж речь зашла об отчаянных мерах — пора принять новый вызов!","总之，我想说的是，我得放慢脚步了。少喝点。也许试试……低因咖啡？光是想想就让我害怕，但非常时期需要非常手段。
说到非常手段，是时候迎接新挑战了！","Enfim, o que eu quero dizer é que preciso desacelerar. Maneirar. Talvez experimentar um… descafeinado? A ideia me horroriza, mas tempos desesperados exigem medidas desesperadas.
E por falar em medidas desesperadas, é hora de um novo desafio!","總之，重點是我得放慢腳步了。少喝一點。也許試試……低咖啡因咖啡？光想就讓我害怕，但非常時期需要非常手段。
說到非常手段，該迎接新挑戰了！","Anyhow, the point be, I need to slow down. Ease off the sails. Maybe try a… decaf? The thought chills me bones, but desperate times call fer desperate measures.
An' speakin' o' desperate measures, it be time fer a new challenge!","Елем, поента је да морам да успорим. Да смањим. Можда да пробам… кафу без кофеина? Сама помисао ме ужасава, али очајна времена захтевају очајне мере.
А кад смо већ код очајних мера, време је за нови изазов!","Hur som helst, poängen är att jag måste sakta ner. Dra ner på tempot. Kanske prova… koffeinfritt? Bara tanken skrämmer mig, men desperata tider kräver desperata åtgärder.
Och på tal om desperata åtgärder, det är dags för en ny utmaning!","În fine, ideea e că trebuie să încetinesc. Să mai las din turație. Poate să încerc… o decofeinizată? Simplul gând mă îngrozește, dar vremurile disperate cer măsuri disperate.
Și, apropo de măsuri disperate, e timpul pentru o nouă provocare!"
Missions/Primary/MTE01/Brief03,Text,,"You've conquered orbit. Now, it's time to <i>brush shoulders</i> with the <style=""OBJ-Mun"">Mun</style>! Well, not literally. That would be messy.
<style=""TXT-Objective"">Enter the <style=""OBJ-Mun"">Mun</style>’s SOI (Sphere Of Influence).</style>","Vous avez conquis l'orbite. Il est maintenant temps de <i>frôler</i> la <style=""OBJ-Mun"">Mune</style> ! Enfin, pas littéralement. Ce serait salissant.
<style=""TXT-Objective"">Entrez dans la SDI (sphère d'influence) de la <style=""OBJ-Mun"">Mune</style>.</style>","Hai conquistato l'orbita. Ora è il momento di <i>sfiorare</i> <style=""OBJ-Mun"">Mun</style>! Beh, non letteralmente. Sarebbe un disastro.
<style=""TXT-Objective"">Entra nella SdI (sfera di influenza) di <style=""OBJ-Mun"">Mun</style>.</style>","Du hast die Umlaufbahn erobert. Jetzt ist es an der Zeit, den <style=""OBJ-Mun"">Mun</style> <i>zu streifen</i>! Na ja, nicht wörtlich. Das gäbe eine ziemliche Sauerei.
<style=""TXT-Objective"">Tritt in die SOI (Einflusssphäre) des <style=""OBJ-Mun"">Muns</style> ein.</style>","Has conquistado la órbita. ¡Ahora toca <i>rozar</i> la <style=""OBJ-Mun"">Muna</style>! Bueno, no literalmente. Eso lo dejaría todo hecho un desastre.
<style=""TXT-Objective"">Entra en la EdI (esfera de influencia) de la <style=""OBJ-Mun"">Muna</style>.</style>","所長は軌道を制覇しました。次は<style=""OBJ-Mun"">ムン</style>と<i>すれ違う</i>番です！ まあ、文字通りの意味じゃありませんよ。そんなことしたら大惨事です。
<style=""TXT-Objective""><style=""OBJ-Mun"">ムン</style>のSOI（作用圏）に入ってください。</style>","국장님은 궤도를 정복하셨어요. 이제 <style=""OBJ-Mun"">문</style>을 <i>스치고 지나갈</i> 시간이에요! 뭐, 말 그대로는 아니고요. 그러면 엉망진창이 될 테니까요.
<style=""TXT-Objective""><style=""OBJ-Mun"">문</style>의 SOI(영향권)에 진입하세요.</style>","Podbiłeś orbitę. Teraz pora <i>otrzeć się</i> o <style=""OBJ-Mun"">Muna</style>! No, nie dosłownie. To by się źle skończyło.
<style=""TXT-Objective"">Wejdź w SG (studnię grawitacyjną) <style=""OBJ-Mun"">Muna</style>.</style>","Вы покорили орбиту. Теперь пора <i>пройти по касательной</i> мимо <style=""OBJ-Mun"">Муны</style>! Ну, не в буквальном смысле. Это было бы чревато.
<style=""TXT-Objective"">Войдите в сферу тяготения <style=""OBJ-Mun"">Муны</style>.</style>","你已经征服了轨道。现在，是时候和<style=""OBJ-Mun"">Mun</style><i>擦肩而过</i>了！好吧，不是字面意义上的。那样会弄得一团糟。
<style=""TXT-Objective"">进入<style=""OBJ-Mun"">Mun</style>的SOI（引力作用范围）。</style>","Você conquistou a órbita. Agora é hora de <i>passar raspando</i> pela <style=""OBJ-Mun"">Mun</style>! Bom, não literalmente. Isso faria uma bagunça.
<style=""TXT-Objective"">Entre na EDI (esfera de influência) da <style=""OBJ-Mun"">Mun</style>.</style>","你已經征服軌道了。現在該和<style=""OBJ-Mun"">穆恩星</style><i>擦肩而過</i>了！好啦，不是字面上的意思。那樣會弄得一團糟。
<style=""TXT-Objective"">進入<style=""OBJ-Mun"">穆恩星</style>的SOI（影響力圈）。</style>","Ye've conquered orbit. Now 'tis time to <i>brush shoulders</i> with the <style=""OBJ-Mun"">Mun</style>! Well, not literally. That'd be a right mess.
<style=""TXT-Objective"">Sail into the <style=""OBJ-Mun"">Mun</style>'s SOI (Sphere o' Influence).</style>","Освојили сте орбиту. Сада је време да <i>окрзнете</i> <style=""OBJ-Mun"">Мун</style>! Па, не дословно. То би направило прави неред.
<style=""TXT-Objective"">Уђите у SOI (сферу утицаја) <style=""OBJ-Mun"">Муна</style>.</style>","Du har erövrat omloppsbanan. Nu är det dags att <i>snudda vid</i> <style=""OBJ-Mun"">Mun</style>! Fast inte bokstavligt. Det skulle bli en enda röra.
<style=""TXT-Objective"">Gå in i <style=""OBJ-Mun"">Muns</style> SOI (inflytandesfär).</style>","Ați cucerit orbita. Acum e timpul să vă <i>atingeți umerii</i> cu <style=""OBJ-Mun"">Mun</style>! Mă rog, nu la propriu. Ar ieși o mare mizerie.
<style=""TXT-Objective"">Intrați în SOI (sfera de influență) a lui <style=""OBJ-Mun"">Mun</style>.</style>"
Missions/Primary/MTE01/Brief04,Text,,"I know, I know. ‘But Dr. Kerman,' you're probably thinking, ‘aiming for an object so high in the sky sounds… difficult.' And you'd be absolutely right. It's going to require precision, patience, and possibly a few more cups of… <i>decaf</i>.","Je sais, je sais. « Mais Dr Kerman, vous vous dites sûrement, viser un objet aussi haut dans le ciel, ça a l'air… difficile. » Et vous auriez entièrement raison. Il va falloir de la précision, de la patience et peut-être quelques tasses de plus de… <i>déca</i>.","Lo so, lo so. ""Ma dottoressa Kerman"", starai pensando, ""puntare a un oggetto così alto nel cielo sembra… difficile"". E avresti perfettamente ragione. Servirà precisione, pazienza e forse qualche altra tazza di… <i>decaffeinato</i>.","Ich weiß, ich weiß. „Aber Dr. Kerman“, denkst du wahrscheinlich, „auf ein Objekt so hoch am Himmel zu zielen, klingt… schwierig.“ Und damit hättest du völlig recht. Es erfordert Präzision, Geduld und möglicherweise noch ein paar Tassen… <i>Entkoffeinierten</i>.","Lo sé, lo sé. ""Pero, doctora Kerman"", estarás pensando, ""apuntar a algo tan alto en el cielo suena… difícil"". Y tendrías toda la razón. Hará falta precisión, paciencia y puede que unas cuantas tazas más de… <i>descafeinado</i>.","わかってます、わかってます。「でもカーマン博士、空のあんなに高いところにある物体を狙うなんて…難しそうだ」って思ってますよね。まったくその通りです。精密さと忍耐、それにたぶん…<i>デカフェ</i>があと何杯か必要になりますね。","알아요, 알아요. '하지만 케르맨 박사, 하늘 높이 떠 있는 물체를 겨냥하는 건… 어려워 보이는데'라고 생각하고 계시겠죠. 전적으로 맞는 말씀이에요. 정밀함과 인내심, 그리고 아마도… <i>디카페인</i> 몇 잔이 더 필요할 거예요.","Wiem, wiem. „Ale doktor Kerman”, pewnie myślisz, „celowanie w obiekt tak wysoko na niebie wydaje się… trudne”. I miałbyś całkowitą rację. Będzie to wymagało precyzji, cierpliwości i być może kilku kolejnych filiżanek… <i>bezkofeinowej</i>.","Знаю, знаю. «Но, доктор Керман, — наверное, думаете вы, — целиться в объект так высоко в небе — это как-то… сложно». И вы будете совершенно правы. Понадобятся точность, терпение и, возможно, еще несколько чашек… <i>кофе без кофеина</i>.","我知道，我知道。你可能在想：“可是Kerman博士，瞄准天上那么高的物体听起来……很难啊。”你说得完全正确。这需要精准、耐心，可能还需要再来几杯……<i>低因咖啡</i>。","Eu sei, eu sei. ""Mas, Dra. Kerman"", você deve estar pensando, ""mirar num objeto tão alto no céu parece… difícil"". E você estaria absolutamente certo. Vai exigir precisão, paciência e talvez mais algumas xícaras de… <i>descafeinado</i>.","我知道，我知道。你大概在想：「可是科曼博士，要瞄準天上那麼高的東西，聽起來……很難耶。」你說得完全沒錯。這需要精準、耐心，可能還要再來幾杯……<i>低咖啡因咖啡</i>。","Aye, aye, I know. ""But Dr. Kerman,"" ye be thinkin', ""aimin' fer somethin' so high in the sky sounds… tricky."" An' ye'd be dead right. It'll take precision, patience, an' maybe a few more mugs o'… <i>decaf</i>.","Знам, знам. „Али, др Керман”, вероватно мислите, „циљати објекат тако високо на небу звучи… тешко.” И били бисте потпуно у праву. Биће потребни прецизност, стрпљење и можда још неколико шољица… <i>кафе без кофеина</i>.","Jag vet, jag vet. ”Men dr Kerman”, tänker du förmodligen, ”att sikta på något så högt upp på himlen låter… svårt.” Och där har du helt rätt. Det kommer att kräva precision, tålamod och kanske några koppar till av… <i>koffeinfritt</i>.","Știu, știu. „Dar, dr. Kerman”, probabil vă gândiți, „să țintești un obiect atât de sus pe cer pare… dificil.” Și ați avea perfectă dreptate. Va fi nevoie de precizie, răbdare și poate încă câteva cești de… <i>decofeinizată</i>."
Missions/Primary/MTE01/Brief05,Text,,"I'll let you in on a little secret. The trick to succeeding in this mission is to wait until you see the <style=""OBJ-Mun"">Mun</style> rise on the horizon, and burn prograde. That way you can't miss it! Be careful not to crash into it, though.
You can thanks the engineers at <style=""KSC-Mission-Control"">Mission Control</style>, I would never have found this on my own…","Je vais vous confier un petit secret. L'astuce pour réussir cette mission, c'est d'attendre de voir la <style=""OBJ-Mun"">Mune</style> se lever à l'horizon, puis d'allumer les moteurs en direction prograde. Comme ça, impossible de la rater ! Faites quand même attention à ne pas vous écraser dessus.
Vous pouvez remercier les ingénieurs du <style=""KSC-Mission-Control"">Contrôle mission</style>, je n'aurais jamais trouvé ça toute seule…","Ti svelo un piccolo segreto. Il trucco per riuscire in questa missione è aspettare di vedere <style=""OBJ-Mun"">Mun</style> sorgere all'orizzonte e poi accendere i motori in direzione progrado. Così non puoi mancarla! Fai attenzione a non schiantartici sopra, però.
Puoi ringraziare gli ingegneri del <style=""KSC-Mission-Control"">Controllo Missioni</style>, non ci sarei mai arrivata da sola…","Ich verrate dir ein kleines Geheimnis. Der Trick bei dieser Mission ist, zu warten, bis du den <style=""OBJ-Mun"">Mun</style> am Horizont aufgehen siehst, und dann rechtläufig zu zünden. So kannst du ihn gar nicht verfehlen! Pass aber auf, dass du nicht auf ihm zerschellst.
Du kannst dich bei den Ingenieuren im <style=""KSC-Mission-Control"">Missionszentrum</style> bedanken, allein wäre ich nie darauf gekommen…","Te voy a contar un secretillo. El truco para tener éxito en esta misión es esperar a ver la <style=""OBJ-Mun"">Muna</style> asomar por el horizonte y encender los motores en dirección prógrada. ¡Así no hay forma de fallar! Eso sí, ten cuidado de no estrellarte contra ella.
Puedes darles las gracias a los ingenieros de <style=""KSC-Mission-Control"">Control de misión</style>, a mí sola nunca se me habría ocurrido…","ちょっとした秘密を教えてあげます。このミッションを成功させるコツは、<style=""OBJ-Mun"">ムン</style>が地平線から昇ってくるのを待って、順行方向に噴射することです。そうすれば絶対に外しません！ でも、ぶつからないように気をつけてくださいね。
<style=""KSC-Mission-Control"">ミッションコントロールセンター</style>のエンジニアたちに感謝してください。私ひとりじゃ絶対に思いつきませんでした…","작은 비밀을 하나 알려 드릴게요. 이 임무를 성공시키는 요령은 <style=""OBJ-Mun"">문</style>이 지평선 위로 떠오르는 것을 기다렸다가 순행 방향으로 엔진을 점화하는 거예요. 그러면 절대 놓칠 수 없어요! 하지만 충돌하지 않도록 조심하세요.
<style=""KSC-Mission-Control"">우주 비행 관제소</style>의 엔지니어들에게 감사하셔도 돼요. 저 혼자서는 절대 이걸 알아내지 못했을 거예요…","Zdradzę ci mały sekret. Sztuka w tej misji polega na tym, żeby poczekać, aż <style=""OBJ-Mun"">Mun</style> wzejdzie nad horyzontem, i wtedy odpalić silniki postępowo. W ten sposób nie da się chybić! Uważaj tylko, żeby się o niego nie roztrzaskać.
Możesz podziękować inżynierom z <style=""KSC-Mission-Control"">kontroli misji</style>, sama nigdy bym na to nie wpadła…","Открою вам маленький секрет. Хитрость этой миссии в том, чтобы дождаться, когда <style=""OBJ-Mun"">Муна</style> поднимется над горизонтом, и включить двигатели по движению. Так вы точно не промахнетесь! Только смотрите не врежьтесь в нее.
Можете поблагодарить инженеров <style=""KSC-Mission-Control"">Центра аэрокосмических программ</style>, сама я бы до этого ни за что не додумалась…","我告诉你一个小秘密。成功完成这项任务的诀窍是：等<style=""OBJ-Mun"">Mun</style>从地平线上升起时，朝顺向点火。这样你就不可能错过它！不过要小心，别撞上去了。
你可以感谢<style=""KSC-Mission-Control"">任务控制中心</style>的工程师们，我自己是绝对想不出来的……","Vou te contar um segredinho. O truque para ter sucesso nesta missão é esperar até ver a <style=""OBJ-Mun"">Mun</style> nascer no horizonte e então acelerar no sentido prógrado. Assim não tem como errar! Só tome cuidado para não se espatifar nela.
Pode agradecer aos engenheiros do <style=""KSC-Mission-Control"">Controle de Missão</style>, eu nunca teria descoberto isso sozinha…","告訴你一個小祕密。成功完成這項任務的訣竅，就是等<style=""OBJ-Mun"">穆恩星</style>從地平線升起時，朝順行方向點火。這樣你絕對不會錯過它！不過要小心，別撞上去喔。
你可以謝謝<style=""KSC-Mission-Control"">任務控制中心</style>的工程師們，我自己絕對想不到這招……","I'll let ye in on a wee secret. The trick to this voyage be to wait till ye spy the <style=""OBJ-Mun"">Mun</style> risin' over the horizon, then burn prograde. That way ye can't miss 'er! Mind ye don't ram into 'er, though.
Ye can thank the engineers in <style=""KSC-Mission-Control"">Mission Control</style>, I'd never have found that on me own…","Открићу Вам малу тајну. Трик за успех у овој мисији је да сачекате да <style=""OBJ-Mun"">Мун</style> изађе изнад хоризонта, па да упалите моторе у правцу кретања. Тако не можете да промашите! Ипак, пазите да се не забијете у њега.
Можете да захвалите инжењерима из <style=""KSC-Mission-Control"">Контроле мисије</style>, ја се тога никада не бих сама сетила…","Jag ska avslöja en liten hemlighet. Tricket för att lyckas med det här uppdraget är att vänta tills du ser <style=""OBJ-Mun"">Mun</style> gå upp över horisonten och sedan bränna prograd. På så sätt kan du inte missa den! Akta dig bara så att du inte kraschar in i den.
Du kan tacka ingenjörerna på <style=""KSC-Mission-Control"">Uppdragskontrollen</style>, själv hade jag aldrig kommit på det…","Vă dezvălui un mic secret. Trucul pentru a reuși în această misiune este să așteptați până vedeți <style=""OBJ-Mun"">Mun</style> răsărind la orizont și apoi să porniți motoarele în sens prograd. Așa nu aveți cum să-l ratați! Aveți grijă totuși să nu vă izbiți de el.
Le puteți mulțumi inginerilor din <style=""KSC-Mission-Control"">Controlul Misiunii</style>, eu n-aș fi descoperit asta niciodată singură…"
Missions/Primary/MTE01/Brief06,Text,,"Good luck, Director! And try not to get too distracted by the munar landscape. It's… quite mesmerizing.","Bonne chance, directeur ! Et essayez de ne pas trop vous laisser distraire par le paysage munaire. Il est… assez hypnotique.","Buona fortuna, direttore! E cerca di non farti distrarre troppo dal paesaggio munare. È… piuttosto ipnotico.","Viel Glück, Direktor! Und lass dich nicht zu sehr von der Mun-Landschaft ablenken. Sie ist… ziemlich hypnotisierend.","¡Buena suerte, dire! Y procura no distraerte demasiado con el paisaje munar. Es… bastante hipnótico.","幸運を祈ります、所長！ それと、ムンの景色に気を取られすぎないようにしてくださいね。あれは…かなり魅惑的なんです。","행운을 빌어요, 국장님! 그리고 문의 풍경에 너무 정신이 팔리지 않도록 하세요. 그건… 꽤 매혹적이거든요.","Powodzenia, dyrektorze! I postaraj się nie rozpraszać zbytnio munowym krajobrazem. Jest… dość hipnotyzujący.","Удачи, директор! И постарайтесь не слишком отвлекаться на пейзажи Муны. Они… довольно завораживают.","祝你好运，局长！还有，尽量别被Mun上的风景分散太多注意力。那景色……相当迷人。","Boa sorte, Diretor! E tente não se distrair demais com a paisagem da Mun. Ela é… bastante hipnotizante.","祝你好運，總監！還有，盡量別被穆恩星的風景分心太多。那景色……相當迷人。","Fair winds, Cap'n! An' try not to get too distracted by the munar landscape. It be… mighty mesmerizin'.","Срећно, директоре! И покушајте да Вас пејзаж Муна превише не омете. Он је… прилично очаравајући.","Lycka till, chefen! Och försök att inte bli alltför distraherad av munlandskapet. Det är… rätt hypnotiserande.","Mult noroc, director! Și încercați să nu vă lăsați prea distras de peisajul lui Mun. E… destul de hipnotizant."
Missions/Primary/MTE01/Debrief01,Text,,"Greetings, Director! Welcome back!","Salutations, directeur ! Bon retour parmi nous !","Salve, direttore! Bentornato!","Hallo, Direktor! Willkommen zurück!","¡Saludos, dire! ¡Bienvenido de vuelta!","こんにちは、所長！ おかえりなさい！","안녕하세요, 국장님! 돌아오신 걸 환영해요!","Witaj, dyrektorze! Dobrze cię znowu widzieć!","Здравствуйте, директор! С возвращением!","你好，局长！欢迎回来！","Saudações, Diretor! Bem-vindo de volta!","你好，總監！歡迎回來！","Ahoy, Cap'n! Welcome back to port!","Поздрав, директоре! Добродошли назад!","Hej, chefen! Välkommen tillbaka!","Salutări, director! Bine ați revenit!"
Missions/Primary/MTE01/Debrief02,Text,,"What a view! I practically camped out in the observation deck for your munar flyby. That shimmering rock… it's absolutely breathtaking! You know, seeing the <style=""OBJ-Mun"">Mun</style> so close… it really makes you realize how vast and incredible space truly is.","Quelle vue ! J'ai pratiquement campé dans la salle d'observation pendant votre survol de la Mune. Ce rocher scintillant… c'est à couper le souffle ! Vous savez, voir la <style=""OBJ-Mun"">Mune</style> d'aussi près… on se rend vraiment compte à quel point l'espace est vaste et incroyable.","Che vista! Ho praticamente piantato le tende nella sala di osservazione durante il tuo sorvolo munare. Quella roccia scintillante… è davvero mozzafiato! Sai, vedere <style=""OBJ-Mun"">Mun</style> così da vicino… ti fa capire quanto lo spazio sia davvero vasto e incredibile.","Was für eine Aussicht! Ich habe während deines Mun-Vorbeiflugs praktisch auf dem Beobachtungsdeck gecampt. Dieser schimmernde Felsbrocken… einfach atemberaubend! Weißt du, den <style=""OBJ-Mun"">Mun</style> so nah zu sehen… da wird einem erst klar, wie riesig und unglaublich der Weltraum wirklich ist.","¡Menudas vistas! Prácticamente acampé en la cubierta de observación durante tu sobrevuelo munar. Esa roca reluciente… ¡quita el aliento! ¿Sabes? Ver la <style=""OBJ-Mun"">Muna</style> tan de cerca… te hace darte cuenta de lo inmenso e increíble que es el espacio.","なんて眺めでしょう！ 所長のムン接近通過の間、私はほとんど展望デッキでキャンプしてました。あのきらめく岩…本当に息をのむ美しさです！ ほら、<style=""OBJ-Mun"">ムン</style>をあんなに近くで見ると…宇宙が本当にどれだけ広大で素晴らしいか、実感しますよね。","정말 멋진 광경이었어요! 국장님이 문 근접 비행을 하시는 동안 저는 거의 관측 데크에서 살다시피 했어요. 그 반짝이는 바위… 정말 숨이 멎을 것 같았어요! 있잖아요, <style=""OBJ-Mun"">문</style>을 그렇게 가까이서 보니까… 우주가 얼마나 광활하고 놀라운지 정말 실감하게 되더라고요.","Co za widok! Podczas twojego przelotu obok Muna praktycznie koczowałam na pokładzie obserwacyjnym. Ta lśniąca skała… zapiera dech w piersiach! Wiesz, kiedy widzi się <style=""OBJ-Mun"">Muna</style> z tak bliska… naprawdę dociera do człowieka, jak ogromny i niesamowity jest kosmos.","Какой вид! Во время вашего пролета мимо Муны я практически жила на смотровой площадке. Этот мерцающий камень… просто дух захватывает! Знаете, когда видишь <style=""OBJ-Mun"">Муну</style> так близко… по-настоящему понимаешь, насколько огромен и невероятен космос.","多美的景色啊！你飞掠Mun的时候，我几乎是在观测甲板上安营扎寨了。那块闪闪发光的岩石……真是令人叹为观止！你知道吗，这么近距离地看<style=""OBJ-Mun"">Mun</style>……真的会让人意识到太空是多么浩瀚、多么不可思议。","Que vista! Eu praticamente acampei no deque de observação durante o seu sobrevoo da Mun. Aquela rocha cintilante… é de tirar o fôlego! Sabe, ver a <style=""OBJ-Mun"">Mun</style> tão de perto… faz a gente perceber como o espaço é realmente vasto e incrível.","好美的景色！你飛越穆恩星的時候，我幾乎是在觀測甲板上紮營了。那顆閃閃發亮的岩石……真是美得讓人屏息！你知道嗎，這麼近看<style=""OBJ-Mun"">穆恩星</style>……真的會讓人體會到太空有多麼浩瀚、多麼不可思議。","What a view! I practically dropped anchor on the observation deck fer yer munar flyby. That shimmerin' rock… it be breathtakin'! Ye know, seein' the <style=""OBJ-Mun"">Mun</style> so close… it makes ye realize how vast an' grand the great black sea truly be.","Какав поглед! Током Вашег прелета поред Муна практично сам камповала на осматрачници. Та светлуцава стена… просто одузима дах! Знате, кад видите <style=""OBJ-Mun"">Мун</style> тако изблиза… заиста схватите колико је свемир огроман и невероватан.","Vilken utsikt! Jag slog nästan läger på observationsdäcket under din förbiflygning av Mun. Den där skimrande stenen… den är helt hänförande! Du vet, att se <style=""OBJ-Mun"">Mun</style> så nära… då inser man verkligen hur enorm och otrolig rymden är.","Ce priveliște! Practic am campat pe puntea de observație în timpul survolului dumneavoastră. Stânca aceea sclipitoare… e de-a dreptul impresionantă! Știți, când vezi <style=""OBJ-Mun"">Mun</style> atât de aproape… îți dai seama cât de vast și de incredibil este spațiul."
Missions/Primary/MTE01/Debrief03,Text,,"Now, it's time to take the next logical step. But for now you can enjoy a well-deserved rest. Why not pay a visit to <style=""KSC-RD-Center"">the R&D Center</style> to discover what new technologies they have come up with? It will give me time to prepare the next brief!","Il est maintenant temps de passer à l'étape logique suivante. Mais pour l'instant, vous pouvez profiter d'un repos bien mérité. Pourquoi ne pas rendre visite au <style=""KSC-RD-Center"">Centre R&D</style> pour découvrir les nouvelles technologies qu'ils ont mises au point ? Ça me laissera le temps de préparer le prochain briefing !","Ora è il momento di fare il prossimo passo logico. Ma per adesso puoi goderti un meritato riposo. Perché non fai un salto al <style=""KSC-RD-Center"">Centro R&S</style> per scoprire quali nuove tecnologie hanno inventato? Così avrò il tempo di preparare il prossimo briefing!","Jetzt ist es Zeit für den nächsten logischen Schritt. Aber vorerst kannst du dir eine wohlverdiente Pause gönnen. Warum stattest du nicht dem <style=""KSC-RD-Center"">F&E-Zentrum</style> einen Besuch ab, um zu sehen, welche neuen Technologien sie sich ausgedacht haben? Dann habe ich Zeit, das nächste Briefing vorzubereiten!","Ahora toca dar el siguiente paso lógico. Pero, por ahora, puedes disfrutar de un merecido descanso. ¿Por qué no te pasas por el <style=""KSC-RD-Center"">Centro de I+D</style> para descubrir qué nuevas tecnologías se les han ocurrido? ¡Así tendré tiempo de preparar la próxima sesión informativa!","さて、次は論理的な次のステップに進む時です。でも今は、しっかり休んでください。<style=""KSC-RD-Center"">研究開発センター</style>に行って、どんな新技術を開発したか見てきてはどうですか？ その間に次のブリーフィングを準備しておきます！","이제 다음 논리적인 단계로 나아갈 때예요. 하지만 지금은 충분히 누릴 만한 휴식을 즐기세요. <style=""KSC-RD-Center"">연구개발 센터</style>에 들러서 어떤 신기술을 개발했는지 알아보시는 건 어때요? 그동안 저는 다음 브리핑을 준비할게요!","Teraz pora na kolejny logiczny krok. Ale na razie możesz cieszyć się zasłużonym odpoczynkiem. Może zajrzysz do <style=""KSC-RD-Center"">Działu Badań i Rozwoju</style>, żeby zobaczyć, jakie nowe technologie wymyślili? Dzięki temu będę miała czas przygotować kolejną odprawę!","Теперь пора сделать следующий логичный шаг. Но пока вы можете насладиться заслуженным отдыхом. Почему бы вам не заглянуть в <style=""KSC-RD-Center"">Н.И. Центр</style> и не узнать, какие новые технологии там придумали? А у меня будет время подготовить следующий инструктаж!","现在是时候迈出下一个合乎逻辑的步伐了。不过现在，你可以好好享受一下应得的休息。何不去<style=""KSC-RD-Center"">研发中心</style>看看他们又研发出了什么新技术？这样我也有时间准备下一次简报！","Agora é hora de dar o próximo passo lógico. Mas, por enquanto, você pode aproveitar um descanso merecido. Que tal dar uma passada no <style=""KSC-RD-Center"">Centro P&D</style> para descobrir que novas tecnologias eles inventaram? Assim eu tenho tempo de preparar o próximo briefing!","現在該邁出下一個合理的步驟了。不過現在，你可以好好享受應得的休息。何不去<style=""KSC-RD-Center"">研發中心</style>逛逛，看看他們又研發出什麼新技術？這樣我也有時間準備下一次簡報！","Now 'tis time to take the next logical step. But fer now ye can enjoy some well-earned shore leave. Why not drop by <style=""KSC-RD-Center"">the R&D Center</style> to see what new contraptions they've cooked up? It'll give me time to ready the next brief!","Сада је време за следећи логичан корак. Али засад можете да уживате у заслуженом одмору. Зашто не бисте свратили у <style=""KSC-RD-Center"">Центар за истраживање и развој</style> да видите које су нове технологије смислили? Тако ћу имати времена да припремим следећи брифинг!","Nu är det dags att ta nästa logiska steg. Men just nu kan du njuta av en välförtjänt vila. Varför inte göra ett besök på <style=""KSC-RD-Center"">FoU-centret</style> och se vilka nya tekniker de har hittat på? Då får jag tid att förbereda nästa genomgång!","Acum e timpul să facem următorul pas logic. Dar, deocamdată, vă puteți bucura de o odihnă binemeritată. De ce să nu treceți pe la <style=""KSC-RD-Center"">Centrul de C&D</style> să vedeți ce tehnologii noi au mai inventat? Așa voi avea timp să pregătesc următorul briefing!"

Missions/Primary/MTE02/Name,Text,,"Celestial Dialogue","Dialogue céleste","Dialogo celeste","Himmlischer Dialog","Diálogo celestial","天体の対話","천체의 대화","Niebiański dialog","Небесный диалог","天体对话","Diálogo celestial","天體對話","Celestial Parley","Небески дијалог","Himmelsk dialog","Dialog celest"
Missions/Primary/MTE02/Description,Text,,"Having a satellite orbiting the Mun is nice, but it doesn’t quite nail it yet! We need to establish a permanent Munar orbital station to learn more about the mysterious signal.","Avoir un satellite en orbite autour de la Mune, c'est bien, mais ça ne suffit pas encore ! Nous devons établir une station orbitale munaire permanente pour en apprendre davantage sur le mystérieux signal.","Avere un satellite in orbita intorno a Mun è bello, ma non basta ancora! Dobbiamo stabilire una stazione orbitale munare permanente per saperne di più sul misterioso segnale.","Ein Satellit in einer Umlaufbahn um den Mun ist schön und gut, aber das reicht noch nicht! Wir müssen eine dauerhafte Raumstation im Orbit um den Mun errichten, um mehr über das mysteriöse Signal herauszufinden.","Tener un satélite orbitando la Muna está bien, ¡pero todavía no basta! Tenemos que establecer una estación orbital munar permanente para saber más sobre la misteriosa señal.","ムンを周回する衛星があるのはいいことですが、まだ十分じゃありません！ 謎の信号についてもっと知るために、ムン周回軌道に恒久的な宇宙ステーションを建設する必要があります。","문 궤도에 위성이 있는 것도 좋지만, 아직 충분하지 않아요! 수수께끼의 신호에 대해 더 알아내려면 문 궤도에 영구적인 궤도 정거장을 건설해야 해요.","Satelita na orbicie Muna to fajna sprawa, ale to jeszcze nie to! Musimy założyć stałą stację orbitalną wokół Muna, aby dowiedzieć się więcej o tajemniczym sygnale.","Спутник на орбите Муны — это хорошо, но этого пока мало! Нам нужно построить постоянную орбитальную станцию у Муны, чтобы узнать больше о таинственном сигнале.","有一颗卫星绕Mun运行固然不错，但还不够！我们需要建立一座永久性的环Mun轨道空间站，以便更深入地了解那个神秘信号。","Ter um satélite orbitando a Mun é legal, mas ainda não é o suficiente! Precisamos estabelecer uma estação orbital permanente ao redor da Mun para saber mais sobre o sinal misterioso.","有一顆衛星繞著穆恩星運行是不錯，但還不夠！我們需要建立一座永久的穆恩星軌道站，才能進一步了解那個神祕訊號。","Havin' a satellite orbitin' the Mun be nice, but it don't quite nail it yet! We need a permanent Munar orbital station to learn more about that mysterious signal.","Лепо је имати сателит у орбити око Муна, али то још није то! Морамо да успоставимо сталну орбиталну станицу око Муна да бисмо сазнали више о мистериозном сигналу.","Det är fint att ha en satellit i omloppsbana runt Mun, men det räcker inte riktigt! Vi måste etablera en permanent rymdstation i omloppsbana runt Mun för att lära oss mer om den mystiska signalen.","E frumos să avem un satelit pe orbită în jurul lui Mun, dar încă nu e de ajuns! Trebuie să înființăm o stație orbitală permanentă în jurul lui Mun pentru a afla mai multe despre semnalul misterios."
Missions/Primary/MTE02/Objective,Text,,"Establish a permanent orbital station around the Mun with at least five Kerbals and a minimum mass of 10 tons.","Établir une station orbitale permanente autour de la Mune avec au moins cinq Kerbals et une masse minimale de 10 tonnes.","Stabilisci una stazione orbitale permanente intorno a Mun con almeno cinque Kerbal e una massa minima di 10 tonnellate.","Errichte eine dauerhafte Raumstation im Orbit um den Mun mit mindestens fünf Kerbals und einer Masse von mindestens 10 Tonnen.","Establece una estación orbital permanente alrededor de la Muna con al menos cinco kerbals y una masa mínima de 10 toneladas.","少なくとも5人のカーバルを乗せ、最低10トンの質量を持つ恒久的な軌道ステーションをムンの周りに建設する。","최소 5명의 커벌과 최소 10톤의 질량을 갖춘 영구 궤도 정거장을 문 주위에 건설하세요.","Załóż stałą stację orbitalną wokół Muna z co najmniej pięcioma Kerbalami i masą co najmniej 10 ton.","Постройте постоянную орбитальную станцию вокруг Муны массой не менее 10 тонн как минимум с пятью кербалами на борту.","在Mun周围建立一座永久性轨道空间站，至少搭载五名坎巴拉人，质量至少10吨。","Estabeleça uma estação orbital permanente ao redor da Mun com pelo menos cinco Kerbals e massa mínima de 10 toneladas.","在穆恩星周圍建立一座永久軌道站，至少搭載五名坎巴拉人，質量至少10噸。","Set up a permanent orbital station 'round the Mun with at least five Kerbals an' a mass o' no less than 10 tons.","Успоставите сталну орбиталну станицу око Муна са најмање пет кербала и масом од најмање 10 тона.","Etablera en permanent rymdstation i omloppsbana runt Mun med minst fem kerbaler och en massa på minst 10 ton.","Înființați o stație orbitală permanentă în jurul lui Mun cu cel puțin cinci kerbali și o masă de cel puțin 10 tone."
Missions/Primary/MTE02/Brief01,Text,,"Oh hi, Director! I was about to call you. The data we’re receiving from the <style=""OBJ-Mun"">Mun</style>ar monument is fascinating, but it’s not enough. There’s still a lot we don’t know, and we need more than just satellite data. We need Kerbals in orbit around the <style=""OBJ-Mun"">Mun</style>, constantly monitoring the monument, analyzing the signal in real-time.","Oh, bonjour directeur ! J'allais justement vous appeler. Les données que nous recevons du monument de la <style=""OBJ-Mun"">Mune</style> sont fascinantes, mais elles ne suffisent pas. Il nous reste beaucoup à apprendre, et les données satellites ne suffisent plus. Il nous faut des Kerbals en orbite autour de la <style=""OBJ-Mun"">Mune</style>, qui surveillent le monument en permanence et analysent le signal en temps réel.","Oh, ciao direttore! Stavo per chiamarti. I dati che riceviamo dal monumento di <style=""OBJ-Mun"">Mun</style> sono affascinanti, ma non bastano. Ci sono ancora tante cose che non sappiamo, e i dati satellitari non sono più sufficienti. Ci servono Kerbal in orbita intorno a <style=""OBJ-Mun"">Mun</style>, che sorveglino costantemente il monumento e analizzino il segnale in tempo reale.","Oh, hallo, Direktor! Ich wollte dich gerade anrufen. Die Daten, die wir vom Monument auf dem <style=""OBJ-Mun"">Mun</style> empfangen, sind faszinierend, aber sie reichen nicht aus. Es gibt noch so vieles, was wir nicht wissen, und Satellitendaten allein genügen nicht mehr. Wir brauchen Kerbals in einer Umlaufbahn um den <style=""OBJ-Mun"">Mun</style>, die das Monument ständig überwachen und das Signal in Echtzeit analysieren.","¡Ah, hola, dire! Estaba a punto de llamarte. Los datos que recibimos del monumento de la <style=""OBJ-Mun"">Muna</style> son fascinantes, pero no son suficientes. Aún hay muchas cosas que no sabemos, y los datos de los satélites ya no bastan. Necesitamos kerbals en órbita alrededor de la <style=""OBJ-Mun"">Muna</style>, vigilando constantemente el monumento y analizando la señal en tiempo real.","あら、こんにちは所長！ ちょうど電話しようと思ってたんです。<style=""OBJ-Mun"">ムン</style>のモニュメントから受信しているデータは興味深いんですが、それだけでは足りません。まだわからないことがたくさんあって、衛星のデータだけでは不十分なんです。<style=""OBJ-Mun"">ムン</style>の周回軌道にカーバルを送り込んで、モニュメントを常時監視し、信号をリアルタイムで分析してもらう必要があります。","아, 안녕하세요 국장님! 막 연락드리려던 참이었어요. <style=""OBJ-Mun"">문</style>의 유적에서 수신하고 있는 데이터는 흥미롭지만, 그걸로는 부족해요. 아직 모르는 게 많고, 위성 데이터만으로는 더 이상 충분하지 않아요. <style=""OBJ-Mun"">문</style> 궤도에 커벌들을 보내서 유적을 계속 감시하고 신호를 실시간으로 분석해야 해요.","O, cześć, dyrektorze! Właśnie miałam do ciebie dzwonić. Dane, które otrzymujemy z monumentu na <style=""OBJ-Mun"">Munie</style>, są fascynujące, ale to za mało. Wciąż jest wiele rzeczy, których nie wiemy, a same dane satelitarne już nie wystarczą. Potrzebujemy Kerbali na orbicie wokół <style=""OBJ-Mun"">Muna</style>, którzy będą bez przerwy monitorować monument i analizować sygnał w czasie rzeczywistym.","О, здравствуйте, директор! Я как раз собиралась вам звонить. Данные, которые мы получаем от монумента на <style=""OBJ-Mun"">Муне</style>, поразительны, но их недостаточно. Мы еще многого не знаем, и одних спутниковых данных уже не хватает. Нам нужны кербалы на орбите вокруг <style=""OBJ-Mun"">Муны</style>, которые будут постоянно наблюдать за монументом и анализировать сигнал в реальном времени.","哦，你好，局长！我正要给你打电话。我们从<style=""OBJ-Mun"">Mun</style>上的纪念碑收到的数据非常有意思，但还不够。还有很多事情我们不知道，光靠卫星数据已经不够了。我们需要坎巴拉人进入环绕<style=""OBJ-Mun"">Mun</style>的轨道，持续监视纪念碑，实时分析信号。","Ah, oi, Diretor! Eu ia mesmo te ligar. Os dados que estamos recebendo do monumento da <style=""OBJ-Mun"">Mun</style> são fascinantes, mas não bastam. Ainda há muita coisa que não sabemos, e só os dados de satélite já não são suficientes. Precisamos de Kerbals em órbita ao redor da <style=""OBJ-Mun"">Mun</style>, monitorando o monumento o tempo todo e analisando o sinal em tempo real.","喔，嗨，總監！我正要打給你。我們從<style=""OBJ-Mun"">穆恩星</style>紀念雕像收到的資料很有意思，但還不夠。還有很多事我們不知道，光靠衛星資料已經不夠了。我們需要坎巴拉人進入<style=""OBJ-Mun"">穆恩星</style>軌道，持續監視紀念雕像，即時分析訊號。","Oh, ahoy, Cap'n! I was about to hail ye. The data we be gettin' from the <style=""OBJ-Mun"">Mun</style>ar monument be fascinatin', but it ain't enough. There be plenty we don't know, an' we need more than satellite data. We need Kerbals in orbit 'round the <style=""OBJ-Mun"">Mun</style>, keepin' a constant watch on the monument an' studyin' the signal as it comes.","О, здраво, директоре! Баш сам хтела да Вас позовем. Подаци које примамо са споменика на <style=""OBJ-Mun"">Муну</style> су фасцинантни, али нису довољни. Још много тога не знамо, а сами сателитски подаци више нису довољни. Потребни су нам кербали у орбити око <style=""OBJ-Mun"">Муна</style>, који ће стално надгледати споменик и анализирати сигнал у реалном времену.","Åh, hej chefen! Jag skulle precis ringa dig. Datan vi tar emot från monumentet på <style=""OBJ-Mun"">Mun</style> är fascinerande, men den räcker inte. Det finns fortfarande mycket vi inte vet, och satellitdata räcker inte längre. Vi behöver kerbaler i omloppsbana runt <style=""OBJ-Mun"">Mun</style> som ständigt övervakar monumentet och analyserar signalen i realtid.","Oh, bună, director! Tocmai voiam să vă sun. Datele pe care le primim de la monumentul de pe <style=""OBJ-Mun"">Mun</style> sunt fascinante, dar nu sunt suficiente. Mai sunt multe lucruri pe care nu le știm, iar datele de la sateliți nu mai ajung. Avem nevoie de kerbali pe orbită în jurul lui <style=""OBJ-Mun"">Mun</style>, care să supravegheze permanent monumentul și să analizeze semnalul în timp real."
Missions/Primary/MTE02/Brief02,Text,,"That’s why we’re launching a new initiative: a permanent <style=""OBJ-Mun"">Mun</style>ar orbital station! This will be a dedicated research facility, a home away from home for our brave Kerbonauts as they unlock the secrets of this mysterious artifact.","C'est pourquoi nous lançons une nouvelle initiative : une station orbitale permanente autour de la <style=""OBJ-Mun"">Mune</style> ! Ce sera un centre de recherche dédié, une seconde maison pour nos courageux kerbonautes pendant qu'ils percent les secrets de ce mystérieux artefact.","Ecco perché lanciamo una nuova iniziativa: una stazione orbitale permanente intorno a <style=""OBJ-Mun"">Mun</style>! Sarà una struttura di ricerca dedicata, una seconda casa per i nostri coraggiosi kerbonauti mentre svelano i segreti di questo misterioso manufatto.","Deshalb starten wir eine neue Initiative: eine dauerhafte Raumstation im Orbit um den <style=""OBJ-Mun"">Mun</style>! Sie wird eine eigene Forschungseinrichtung sein, ein zweites Zuhause für unsere tapferen Kerbonauten, während sie die Geheimnisse dieses mysteriösen Artefakts lüften.","Por eso lanzamos una nueva iniciativa: ¡una estación orbital permanente alrededor de la <style=""OBJ-Mun"">Muna</style>! Será un centro de investigación dedicado, un segundo hogar para nuestros valientes kerbonautas mientras desvelan los secretos de este misterioso artefacto.","そこで、新しい計画を始動します。<style=""OBJ-Mun"">ムン</style>周回軌道の恒久的な宇宙ステーションです！ ここは専用の研究施設で、この謎の遺物の秘密を解き明かす勇敢なカーバル宇宙飛行士たちにとって、第二の我が家になります。","그래서 새로운 계획을 시작하려고 해요. 바로 <style=""OBJ-Mun"">문</style> 궤도의 영구 정거장이에요! 이곳은 전용 연구 시설이자, 이 수수께끼 같은 유물의 비밀을 밝혀낼 용감한 커보너츠들에게 제2의 집이 될 거예요.","Dlatego rozpoczynamy nową inicjatywę: stałą stację orbitalną wokół <style=""OBJ-Mun"">Muna</style>! Będzie to wyspecjalizowany ośrodek badawczy, drugi dom dla naszych dzielnych kerbonautów, którzy będą odkrywać tajemnice tego zagadkowego artefaktu.","Поэтому мы запускаем новую программу — постоянную орбитальную станцию у <style=""OBJ-Mun"">Муны</style>! Это будет специализированный исследовательский центр, второй дом для наших отважных кербонавтов, пока они раскрывают тайны этого загадочного артефакта.","所以我们要启动一项新计划：一座永久性的环<style=""OBJ-Mun"">Mun</style>轨道空间站！这将是一座专门的研究设施，是我们勇敢的坎巴拉宇航员揭开这件神秘造物之谜期间的第二个家。","É por isso que estamos lançando uma nova iniciativa: uma estação orbital permanente ao redor da <style=""OBJ-Mun"">Mun</style>! Será uma instalação de pesquisa dedicada, uma segunda casa para nossos corajosos kerbonautas enquanto desvendam os segredos desse artefato misterioso.","所以我們要啟動一項新計畫：一座永久的<style=""OBJ-Mun"">穆恩星</style>軌道站！這會是一座專屬的研究設施，是我們英勇的坎巴拉太空人在揭開這件神祕古物之謎時的第二個家。","That be why we're launchin' a new venture: a permanent <style=""OBJ-Mun"">Mun</style>ar orbital station! A proper research outpost, a home away from home fer our brave Kerbonauts as they plunder the secrets o' this mysterious artifact.","Зато покрећемо нову иницијативу: сталну орбиталну станицу око <style=""OBJ-Mun"">Муна</style>! То ће бити наменски истраживачки објекат, други дом за наше храбре кербонауте док откривају тајне овог мистериозног артефакта.","Därför startar vi ett nytt initiativ: en permanent rymdstation runt <style=""OBJ-Mun"">Mun</style>! Det blir en dedikerad forskningsanläggning, ett andra hem för våra modiga kerbonauter medan de låser upp hemligheterna bakom den här mystiska artefakten.","De aceea lansăm o nouă inițiativă: o stație orbitală permanentă în jurul lui <style=""OBJ-Mun"">Mun</style>! Va fi o unitate de cercetare dedicată, o a doua casă pentru curajoșii noștri kerbonauți, în timp ce descifrează secretele acestui artefact misterios."
Missions/Primary/MTE02/Brief03,Text,,"This isn’t just a quick flyby, Director. We’re talking about a long-term presence. This station needs to be spacious enough to accommodate a full crew of five scientists. I won’t be satisfied with anything less than a 10 ton station.

<style=""TXT-Objective"">Establish a permanent orbital station around the <style=""OBJ-Mun"">Mun</style> with at least five Kerbals and a minimum mass of 10 tons.</style>","Il ne s'agit pas d'un simple survol, directeur. Nous parlons d'une présence à long terme. Cette station doit être assez spacieuse pour accueillir un équipage complet de cinq scientifiques. Je ne me contenterai de rien de moins qu'une station de 10 tonnes.

<style=""TXT-Objective"">Établissez une station orbitale permanente autour de la <style=""OBJ-Mun"">Mune</style> avec au moins cinq Kerbals et une masse minimale de 10 tonnes.</style>","Non si tratta di un semplice sorvolo, direttore. Parliamo di una presenza a lungo termine. Questa stazione dovrà essere abbastanza spaziosa da ospitare un equipaggio completo di cinque scienziati. Non mi accontenterò di niente di meno di una stazione da 10 tonnellate.

<style=""TXT-Objective"">Stabilisci una stazione orbitale permanente intorno a <style=""OBJ-Mun"">Mun</style> con almeno cinque Kerbal e una massa minima di 10 tonnellate.</style>","Das ist kein kurzer Vorbeiflug, Direktor. Wir reden von einer langfristigen Präsenz. Diese Station muss geräumig genug sein, um eine komplette Besatzung von fünf Wissenschaftlern unterzubringen. Mit weniger als einer 10-Tonnen-Station gebe ich mich nicht zufrieden.

<style=""TXT-Objective"">Errichte eine dauerhafte Raumstation im Orbit um den <style=""OBJ-Mun"">Mun</style> mit mindestens fünf Kerbals und einer Masse von mindestens 10 Tonnen.</style>","Esto no es un simple sobrevuelo, dire. Hablamos de una presencia a largo plazo. La estación tiene que ser lo bastante espaciosa como para alojar a una tripulación completa de cinco científicos. No me conformaré con menos de una estación de 10 toneladas.

<style=""TXT-Objective"">Establece una estación orbital permanente alrededor de la <style=""OBJ-Mun"">Muna</style> con al menos cinco kerbals y una masa mínima de 10 toneladas.</style>","これはただの接近通過じゃありませんよ、所長。長期的な滞在の話です。このステーションは、5人の科学者からなるクルー全員を収容できる広さが必要です。10トン未満のステーションでは満足しません。

<style=""TXT-Objective"">少なくとも5人のカーバルを乗せ、最低10トンの質量を持つ恒久的な軌道ステーションを<style=""OBJ-Mun"">ムン</style>の周りに建設してください。</style>","이건 단순한 근접 비행이 아니에요, 국장님. 장기적인 체류를 말하는 거예요. 이 정거장은 과학자 5명으로 이루어진 승무원 전원을 수용할 수 있을 만큼 넓어야 해요. 10톤 미만의 정거장으로는 만족하지 않을 거예요.

<style=""TXT-Objective"">최소 5명의 커벌과 최소 10톤의 질량을 갖춘 영구 궤도 정거장을 <style=""OBJ-Mun"">문</style> 주위에 건설하세요.</style>","To nie jest krótki przelot, dyrektorze. Mówimy o długotrwałej obecności. Stacja musi być na tyle przestronna, żeby pomieścić pełną załogę pięciorga naukowców. Nie zadowolę się niczym mniejszym niż stacja ważąca 10 ton.

<style=""TXT-Objective"">Załóż stałą stację orbitalną wokół <style=""OBJ-Mun"">Muna</style> z co najmniej pięcioma Kerbalami i masą co najmniej 10 ton.</style>","Это не просто пролет, директор. Речь идет о долгосрочном присутствии. Станция должна быть достаточно просторной, чтобы вместить полный экипаж из пяти ученых. Меньше чем на станцию массой 10 тонн я не согласна.

<style=""TXT-Objective"">Постройте постоянную орбитальную станцию вокруг <style=""OBJ-Mun"">Муны</style> массой не менее 10 тонн как минимум с пятью кербалами на борту.</style>","这可不是一次简单的飞掠，局长。我们说的是长期驻留。这座空间站必须足够宽敞，能容纳五名科学家组成的完整乘组。质量不到10吨的空间站我可不满意。

<style=""TXT-Objective"">在<style=""OBJ-Mun"">Mun</style>周围建立一座永久性轨道空间站，至少搭载五名坎巴拉人，质量至少10吨。</style>","Não é um simples sobrevoo, Diretor. Estamos falando de uma presença de longo prazo. Essa estação precisa ser espaçosa o bastante para abrigar uma tripulação completa de cinco cientistas. Não vou me contentar com nada menos que uma estação de 10 toneladas.

<style=""TXT-Objective"">Estabeleça uma estação orbital permanente ao redor da <style=""OBJ-Mun"">Mun</style> com pelo menos cinco Kerbals e massa mínima de 10 toneladas.</style>","這可不是什麼快速飛越而已，總監。我們說的是長期駐留。這座軌道站必須夠寬敞，能容納五名科學家組成的完整組員。質量不到10噸的軌道站我可不會滿意。

<style=""TXT-Objective"">在<style=""OBJ-Mun"">穆恩星</style>周圍建立一座永久軌道站，至少搭載五名坎巴拉人，質量至少10噸。</style>","This ain't no quick flyby, Cap'n. We be talkin' about a long-term presence. This station needs room enough fer a full crew o' five scientists. I'll not be satisfied with anythin' less than a 10 ton station.

<style=""TXT-Objective"">Set up a permanent orbital station 'round the <style=""OBJ-Mun"">Mun</style> with at least five Kerbals an' a mass o' no less than 10 tons.</style>","Ово није кратак прелет, директоре. Говоримо о дугорочном присуству. Ова станица мора бити довољно пространа да прими целу посаду од пет научника. Нећу се задовољити ничим мањим од станице од 10 тона.

<style=""TXT-Objective"">Успоставите сталну орбиталну станицу око <style=""OBJ-Mun"">Муна</style> са најмање пет кербала и масом од најмање 10 тона.</style>","Det här är ingen snabb förbiflygning, chefen. Vi pratar om en långsiktig närvaro. Stationen måste vara rymlig nog för en fullständig besättning på fem forskare. Jag nöjer mig inte med något mindre än en station på 10 ton.

<style=""TXT-Objective"">Etablera en permanent rymdstation i omloppsbana runt <style=""OBJ-Mun"">Mun</style> med minst fem kerbaler och en massa på minst 10 ton.</style>","Nu e doar un survol rapid, director. Vorbim despre o prezență pe termen lung. Stația trebuie să fie suficient de spațioasă pentru un echipaj complet de cinci oameni de știință. Nu mă voi mulțumi cu nimic mai puțin de o stație de 10 tone.

<style=""TXT-Objective"">Înființați o stație orbitală permanentă în jurul lui <style=""OBJ-Mun"">Mun</style> cu cel puțin cinci kerbali și o masă de cel puțin 10 tone.</style>"
Missions/Primary/MTE02/Brief04,Text,,"I promise if you manage to pull this off I’ll learn trumpet in addition to the trombone!","Je vous promets que si vous y arrivez, j'apprendrai la trompette en plus du trombone !","Ti prometto che, se ci riesci, imparerò a suonare la tromba oltre al trombone!","Ich verspreche dir: Wenn du das hinbekommst, lerne ich zusätzlich zur Posaune auch noch Trompete!","¡Te prometo que, si lo consigues, aprenderé a tocar la trompeta además del trombón!","もしこれをやり遂げてくれたら、トロンボーンに加えてトランペットも習うと約束します！","이 일을 해내신다면, 트롬본에 더해서 트럼펫도 배우겠다고 약속할게요!","Obiecuję, że jeśli ci się uda, oprócz puzonu nauczę się grać na trąbce!","Обещаю: если у вас это получится, я в дополнение к тромбону научусь играть на трубе!","我保证，如果你能完成这项任务，除了长号之外，我还会去学小号！","Prometo que, se você conseguir, vou aprender trompete além do trombone!","我保證，如果你能辦到，除了長號之外，我還會去學小號！","I swear on me compass, if ye pull this off I'll learn the trumpet on top o' the trombone!","Обећавам да ћу, ако успете у овоме, поред тромбона научити и трубу!","Jag lovar att om du klarar det här så lär jag mig trumpet utöver trombonen!","Vă promit că, dacă reușiți asta, voi învăța să cânt la trompetă pe lângă trombon!"
Missions/Primary/MTE02/Debrief01,Text,,"Well done! About that… <i>trumpet</i> thing I mentioned earlier… let’s just… forget about that. I was clearly lacking caffeine. The trombone is enough, I think you’ll agree.","Bien joué ! À propos de cette histoire de… <i>trompette</i> dont je vous ai parlé tout à l'heure… oublions ça. Je manquais clairement de caféine. Le trombone suffit, vous en conviendrez.","Ben fatto! A proposito di quella storia della… <i>tromba</i> che ho menzionato prima… facciamo finta di niente. Evidentemente mi mancava la caffeina. Il trombone basta e avanza, sono sicura che sarai d'accordo.","Gut gemacht! Was diese… <i>Trompeten</i>-Sache angeht, die ich vorhin erwähnt habe… vergessen wir das einfach. Mir fehlte eindeutig Koffein. Die Posaune reicht völlig, da wirst du mir sicher zustimmen.","¡Bien hecho! Sobre eso de la… <i>trompeta</i> que te mencioné antes… mejor lo olvidamos. Está claro que me faltaba cafeína. Con el trombón basta, seguro que estás de acuerdo.","よくやりました！ さっき言った…<i>トランペット</i>の件ですが…なかったことにしましょう。明らかにカフェインが足りてなかったんです。トロンボーンで十分ですよね、所長もそう思うでしょう？","잘하셨어요! 아까 말씀드린… <i>트럼펫</i> 건 말인데요… 그냥 잊어 주세요. 분명히 카페인이 부족했던 거예요. 트롬본이면 충분해요. 국장님도 동의하시죠?","Świetna robota! Co do tej… <i>trąbki</i>, o której wspominałam wcześniej… po prostu o tym zapomnijmy. Najwyraźniej brakowało mi kofeiny. Puzon wystarczy, chyba się zgodzisz.","Отличная работа! Насчет той… <i>трубы</i>, о которой я говорила… давайте просто забудем. Мне явно не хватало кофеина. Тромбона вполне достаточно, согласитесь.","干得好！关于我之前提到的那件……<i>小号</i>的事……咱们就当没说过吧。我当时显然是缺咖啡因了。长号就够了，你也会同意的吧。","Muito bem! Sobre aquela história do… <i>trompete</i> que mencionei antes… vamos só esquecer isso. Claramente eu estava com falta de cafeína. O trombone já basta, acho que você concorda.","做得好！關於我之前提到的那個……<i>小號</i>……我們就當作沒這回事吧。我那時候顯然是咖啡因不足。長號就夠了，你應該也同意吧。","Well done! About that… <i>trumpet</i> business I mentioned earlier… let's just… toss it overboard. I was clearly short on bean juice. The trombone be enough, I reckon ye'll agree.","Одлично! Што се тиче оне… <i>трубе</i> коју сам раније поменула… хајде да то једноставно заборавимо. Очигледно ми је фалило кофеина. Тромбон је довољан, сигурно ћете се сложити.","Bra jobbat! Angående den där… <i>trumpet</i>-grejen jag nämnde tidigare… låt oss bara… glömma det. Jag hade uppenbarligen koffeinbrist. Trombonen räcker, det håller du säkert med om.","Bravo! Cât despre chestia aceea cu… <i>trompeta</i>, pe care am menționat-o mai devreme… hai s-o uităm. Evident îmi lipsea cofeina. Trombonul e de ajuns, sunt sigură că veți fi de acord."
Missions/Primary/MTE02/Debrief02,Text,,"Anyway, have you heard the news, Director? The team at the station made a significant discovery. The signal strength from the <style=""OBJ-Mun"">Mun</style>ar monument… it’s not uniform. It is strongest towards… <style=""OBJ-Minmus"">Minmus</style>.","Au fait, vous connaissez la nouvelle, directeur ? L'équipe de la station a fait une découverte importante. L'intensité du signal provenant du monument de la <style=""OBJ-Mun"">Mune</style>… n'est pas uniforme. Elle est plus forte en direction de… <style=""OBJ-Minmus"">Minmus</style>.","Comunque, hai sentito la notizia, direttore? Il team della stazione ha fatto una scoperta importante. L'intensità del segnale proveniente dal monumento di <style=""OBJ-Mun"">Mun</style>… non è uniforme. È più forte in direzione di… <style=""OBJ-Minmus"">Minmus</style>.","Wie auch immer, hast du schon das Neueste gehört, Direktor? Das Team auf der Station hat eine bedeutende Entdeckung gemacht. Die Signalstärke des Monuments auf dem <style=""OBJ-Mun"">Mun</style>… ist nicht gleichmäßig. Sie ist am stärksten in Richtung… <style=""OBJ-Minmus"">Minmus</style>.","Por cierto, ¿te has enterado de la noticia, dire? El equipo de la estación ha hecho un descubrimiento importante. La intensidad de la señal del monumento de la <style=""OBJ-Mun"">Muna</style>… no es uniforme. Es más fuerte en dirección a… <style=""OBJ-Minmus"">Minmus</style>.","ところで、ニュースは聞きましたか、所長？ ステーションのチームが重大な発見をしたんです。<style=""OBJ-Mun"">ムン</style>のモニュメントからの信号強度は…一様じゃないんです。最も強いのは…<style=""OBJ-Minmus"">ミンマス</style>の方向なんです。","그런데 소식 들으셨어요, 국장님? 정거장 팀이 중요한 발견을 했어요. <style=""OBJ-Mun"">문</style>의 유적에서 나오는 신호의 세기가… 균일하지 않아요. 가장 강한 쪽은… <style=""OBJ-Minmus"">민무스</style> 방향이에요.","A tak w ogóle, słyszałeś nowinę, dyrektorze? Zespół na stacji dokonał ważnego odkrycia. Siła sygnału z monumentu na <style=""OBJ-Mun"">Munie</style>… nie jest jednolita. Najsilniejsza jest w kierunku… <style=""OBJ-Minmus"">Minmusa</style>.","Кстати, вы слышали новости, директор? Команда станции сделала важное открытие. Сила сигнала от монумента на <style=""OBJ-Mun"">Муне</style>… неоднородна. Сильнее всего он в направлении… <style=""OBJ-Minmus"">Минмуса</style>.","对了，你听说了吗，局长？空间站的团队有了重大发现。来自<style=""OBJ-Mun"">Mun</style>纪念碑的信号强度……并不均匀。信号最强的方向是……<style=""OBJ-Minmus"">Minmus</style>。","Aliás, você soube da novidade, Diretor? A equipe da estação fez uma descoberta importante. A intensidade do sinal do monumento da <style=""OBJ-Mun"">Mun</style>… não é uniforme. Ela é mais forte na direção de… <style=""OBJ-Minmus"">Minmus</style>.","對了，總監，你聽說了嗎？軌道站的團隊有了重大發現。<style=""OBJ-Mun"">穆恩星</style>紀念雕像發出的訊號強度……並不均勻。訊號最強的方向是……<style=""OBJ-Minmus"">明穆斯星</style>。","Anyhow, have ye heard the news, Cap'n? The crew at the station made a big discovery. The signal strength from the <style=""OBJ-Mun"">Mun</style>ar monument… it ain't even. It be strongest towards… <style=""OBJ-Minmus"">Minmus</style>.","Иначе, јесте ли чули новост, директоре? Тим на станици је дошао до значајног открића. Јачина сигнала са споменика на <style=""OBJ-Mun"">Муну</style>… није уједначена. Најјача је у правцу… <style=""OBJ-Minmus"">Минмуса</style>.","Förresten, har du hört nyheterna, chefen? Teamet på stationen har gjort en viktig upptäckt. Signalstyrkan från monumentet på <style=""OBJ-Mun"">Mun</style>… är inte jämn. Den är starkast i riktning mot… <style=""OBJ-Minmus"">Minmus</style>.","Apropo, ați auzit vestea, director? Echipa de pe stație a făcut o descoperire importantă. Intensitatea semnalului de la monumentul de pe <style=""OBJ-Mun"">Mun</style>… nu este uniformă. Este cea mai puternică în direcția… <style=""OBJ-Minmus"">Minmus</style>."
Missions/Primary/MTE02/Debrief03,Text,,"It’s as if the signal isn’t directed at <style=""OBJ-Kerbin"">Kerbin</style> at all, but at <style=""OBJ-Minmus"">Minmus</style>. We can assume it is directed at the <style=""OBJ-Minmus"">Minmus</style> monument, as if the two are somehow… connected. This adds a whole new layer to the mystery. Why would this monument be transmitting a signal towards our smaller moon?","C'est comme si le signal n'était pas du tout dirigé vers <style=""OBJ-Kerbin"">Kerbin</style>, mais vers <style=""OBJ-Minmus"">Minmus</style>. On peut supposer qu'il est dirigé vers le monument de <style=""OBJ-Minmus"">Minmus</style>, comme si les deux étaient… liés, d'une manière ou d'une autre. Cela ajoute une toute nouvelle dimension au mystère. Pourquoi ce monument transmettrait-il un signal vers notre plus petite lune ?","È come se il segnale non fosse affatto diretto verso <style=""OBJ-Kerbin"">Kerbin</style>, ma verso <style=""OBJ-Minmus"">Minmus</style>. Possiamo supporre che sia diretto al monumento di <style=""OBJ-Minmus"">Minmus</style>, come se i due fossero in qualche modo… collegati. Questo aggiunge un livello del tutto nuovo al mistero. Perché questo monumento dovrebbe trasmettere un segnale verso la nostra luna più piccola?","Es ist, als wäre das Signal gar nicht auf <style=""OBJ-Kerbin"">Kerbin</style> gerichtet, sondern auf <style=""OBJ-Minmus"">Minmus</style>. Wir können annehmen, dass es auf das Monument auf <style=""OBJ-Minmus"">Minmus</style> gerichtet ist, als wären die beiden irgendwie… miteinander verbunden. Das verleiht dem Rätsel eine ganz neue Ebene. Warum sollte dieses Monument ein Signal zu unserem kleineren Mond senden?","Es como si la señal no se dirigiera a <style=""OBJ-Kerbin"">Kerbin</style>, sino a <style=""OBJ-Minmus"">Minmus</style>. Podemos suponer que va dirigida al monumento de <style=""OBJ-Minmus"">Minmus</style>, como si los dos estuvieran de algún modo… conectados. Esto añade una capa totalmente nueva al misterio. ¿Por qué iba este monumento a transmitir una señal hacia nuestra luna más pequeña?","まるで信号が<style=""OBJ-Kerbin"">カービン</style>ではなく、<style=""OBJ-Minmus"">ミンマス</style>に向けられているみたいです。<style=""OBJ-Minmus"">ミンマス</style>のモニュメントに向けられていると考えられます。まるで2つが何らかの形で…つながっているかのように。これで謎にまったく新しい層が加わりました。なぜこのモニュメントは、私たちの小さいほうの月に向けて信号を送っているんでしょう？","마치 신호가 <style=""OBJ-Kerbin"">커빈</style>이 아니라 <style=""OBJ-Minmus"">민무스</style>를 향하고 있는 것 같아요. <style=""OBJ-Minmus"">민무스</style>의 유적을 향하고 있다고 볼 수 있겠죠. 마치 둘이 어떤 식으로든… 연결되어 있는 것처럼요. 이걸로 수수께끼에 완전히 새로운 층이 더해졌어요. 왜 이 유적은 우리의 더 작은 위성을 향해 신호를 보내고 있는 걸까요?","Wygląda na to, że sygnał wcale nie jest skierowany na <style=""OBJ-Kerbin"">Kerbina</style>, tylko na <style=""OBJ-Minmus"">Minmusa</style>. Możemy założyć, że jest skierowany na monument na <style=""OBJ-Minmus"">Minmusie</style>, jakby oba były w jakiś sposób… połączone. To dodaje zagadce zupełnie nowy wymiar. Dlaczego ten monument miałby nadawać sygnał w stronę naszego mniejszego księżyca?","Похоже, сигнал направлен вовсе не на <style=""OBJ-Kerbin"">Кербин</style>, а на <style=""OBJ-Minmus"">Минмус</style>. Можно предположить, что он направлен на монумент на <style=""OBJ-Minmus"">Минмусе</style>, как будто они каким-то образом… связаны. Это добавляет загадке совершенно новый уровень. Зачем этому монументу передавать сигнал в сторону нашей меньшей луны?","就好像这个信号根本不是发给<style=""OBJ-Kerbin"">Kerbin</style>的，而是发给<style=""OBJ-Minmus"">Minmus</style>的。我们可以推测它是发给<style=""OBJ-Minmus"">Minmus</style>上的纪念碑的，就好像两者以某种方式……联系在一起。这给谜团增添了全新的一层。为什么这座纪念碑要向我们较小的那颗卫星发送信号呢？","É como se o sinal não fosse direcionado a <style=""OBJ-Kerbin"">Kerbin</style>, mas a <style=""OBJ-Minmus"">Minmus</style>. Podemos supor que ele seja direcionado ao monumento de <style=""OBJ-Minmus"">Minmus</style>, como se os dois estivessem de alguma forma… conectados. Isso acrescenta uma camada totalmente nova ao mistério. Por que esse monumento transmitiria um sinal para a nossa lua menor?","就好像這個訊號根本不是發給<style=""OBJ-Kerbin"">坎巴拉星</style>，而是發給<style=""OBJ-Minmus"">明穆斯星</style>的。我們可以推測它是發給<style=""OBJ-Minmus"">明穆斯星</style>上的紀念雕像，就好像兩者在某種程度上……彼此相連。這讓整個謎團多了全新的一層。為什麼這座紀念雕像要向我們比較小的那顆衛星發送訊號呢？","It be as if the signal ain't aimed at <style=""OBJ-Kerbin"">Kerbin</style> at all, but at <style=""OBJ-Minmus"">Minmus</style>. We can wager it be aimed at the <style=""OBJ-Minmus"">Minmus</style> monument, as if the two be somehow… connected. That adds a whole new layer to the mystery. Why would this monument be sendin' a signal towards our smaller moon?","Као да сигнал уопште није усмерен ка <style=""OBJ-Kerbin"">Кербину</style>, већ ка <style=""OBJ-Minmus"">Минмусу</style>. Можемо претпоставити да је усмерен ка споменику на <style=""OBJ-Minmus"">Минмусу</style>, као да су њих двојица некако… повезани. То мистерији додаје потпуно нови слој. Зашто би овај споменик слао сигнал ка нашем мањем месецу?","Det är som om signalen inte alls riktas mot <style=""OBJ-Kerbin"">Kerbin</style>, utan mot <style=""OBJ-Minmus"">Minmus</style>. Vi kan anta att den riktas mot monumentet på <style=""OBJ-Minmus"">Minmus</style>, som om de två på något sätt är… sammankopplade. Det lägger till ett helt nytt lager till mysteriet. Varför skulle det här monumentet sända en signal mot vår mindre måne?","E ca și cum semnalul nu ar fi deloc îndreptat spre <style=""OBJ-Kerbin"">Kerbin</style>, ci spre <style=""OBJ-Minmus"">Minmus</style>. Putem presupune că e îndreptat spre monumentul de pe <style=""OBJ-Minmus"">Minmus</style>, ca și cum cele două ar fi cumva… conectate. Asta adaugă un strat cu totul nou misterului. De ce ar transmite acest monument un semnal spre luna noastră mai mică?"
Missions/Primary/MTE02/Debrief04,Text,,"I don’t know about you, but I’ve never eavesdrop on a conversation between two celestial bodies before!","Je ne sais pas pour vous, mais je n'avais encore jamais espionné une conversation entre deux corps célestes !","Non so tu, ma io non avevo mai origliato una conversazione tra due corpi celesti!","Ich weiß ja nicht, wie es dir geht, aber ich habe noch nie ein Gespräch zwischen zwei Himmelskörpern belauscht!","No sé tú, ¡pero yo nunca había espiado una conversación entre dos cuerpos celestes!","所長はどうか知りませんが、私は2つの天体の会話を盗み聞きしたのなんて初めてです！","국장님은 어떠실지 모르겠지만, 저는 두 천체 사이의 대화를 엿들어 본 건 처음이에요!","Nie wiem jak ty, ale ja jeszcze nigdy nie podsłuchiwałam rozmowy dwóch ciał niebieskich!","Не знаю, как вы, а я еще никогда не подслушивала разговор двух небесных тел!","我不知道你怎么样，反正我以前从来没偷听过两个天体之间的对话！","Não sei você, mas eu nunca tinha bisbilhotado uma conversa entre dois corpos celestes!","我不知道你怎麼樣，但我以前從來沒偷聽過兩個天體之間的對話！","I don't know about ye, but I never before eavesdropped on a parley between two celestial bodies!","Не знам за Вас, али ја никада раније нисам прислушкивала разговор између два небеска тела!","Jag vet inte hur det är med dig, men jag har aldrig tjuvlyssnat på ett samtal mellan två himlakroppar förut!","Nu știu cum e cu dumneavoastră, dar eu n-am mai tras niciodată cu urechea la o conversație între două corpuri cerești!"
Missions/Primary/MTE02/Debrief05,Text,,"This is a new direction for our research, and I have a feeling… this is just the beginning.","C'est une nouvelle direction pour nos recherches, et j'ai le sentiment… que ce n'est que le début.","È una nuova direzione per le nostre ricerche, e ho la sensazione… che sia solo l'inizio.","Das ist eine neue Richtung für unsere Forschung, und ich habe das Gefühl… das ist erst der Anfang.","Es una nueva dirección para nuestra investigación, y tengo la sensación de que… esto no ha hecho más que empezar.","これは私たちの研究にとって新しい方向性です。そして、予感がするんです…これはほんの始まりにすぎないって。","우리 연구의 새로운 방향이에요. 그리고 예감이 들어요… 이건 시작에 불과하다고요.","To nowy kierunek naszych badań i mam przeczucie… że to dopiero początek.","Это новое направление для наших исследований, и у меня такое чувство… что это только начало.","这是我们研究的新方向，而且我有种预感……这只是个开始。","É uma nova direção para a nossa pesquisa, e tenho a sensação de que… isso é só o começo.","這是我們研究的新方向，而且我有種預感……這只是個開始。","This be a new heading fer our research, an' I have a feelin' in me bones… this be just the beginnin'.","Ово је нови правац за наша истраживања, и имам осећај… да је ово тек почетак.","Det här är en ny riktning för vår forskning, och jag har en känsla av att… det här bara är början.","Este o nouă direcție pentru cercetările noastre și am senzația că… acesta e doar începutul."

Missions/Primary/MTE03/Name,Text,,"Following the Path","Suivre la piste","Seguire la pista","Der Spur folgen","Siguiendo el rastro","道をたどって","길을 따라서","Podążając śladem","По следу","循迹而行","Seguindo a trilha","循跡而行","Followin' the Trail","Пратећи траг","Följa spåret","Pe urmele drumului"
Missions/Primary/MTE03/Description,Text,,"Analysis of the Minmus signal prompts us to turn our attention to the outer solar system. We will need to gain experience and launch our first missions into deep space!","L'analyse du signal de Minmus nous pousse à tourner notre attention vers le système solaire externe. Il va falloir gagner en expérience et lancer nos premières missions dans l'espace lointain !","L'analisi del segnale di Minmus ci spinge a rivolgere la nostra attenzione al sistema solare esterno. Dovremo fare esperienza e lanciare le nostre prime missioni nello spazio profondo!","Die Analyse des Minmus-Signals veranlasst uns, unsere Aufmerksamkeit auf das äußere Sonnensystem zu richten. Wir müssen Erfahrung sammeln und unsere ersten Missionen in den tiefen Weltraum starten!","El análisis de la señal de Minmus nos lleva a centrar la atención en el sistema solar exterior. ¡Tendremos que ganar experiencia y lanzar nuestras primeras misiones al espacio profundo!","ミンマスの信号の分析により、私たちは外太陽系に目を向けることになりました。経験を積んで、初めての深宇宙ミッションを打ち上げる必要があります！","민무스 신호를 분석한 결과, 우리는 외행성계로 관심을 돌리게 되었어요. 경험을 쌓고 첫 번째 심우주 임무를 발사해야 해요!","Analiza sygnału z Minmusa skłania nas do zwrócenia uwagi na zewnętrzną część układu słonecznego. Będziemy musieli zdobyć doświadczenie i wysłać nasze pierwsze misje w głęboki kosmos!","Анализ сигнала с Минмуса заставляет нас обратить внимание на внешнюю часть Солнечной системы. Нам придется набраться опыта и запустить первые миссии в дальний космос!","对Minmus信号的分析促使我们将目光转向外太阳系。我们需要积累经验，发射首批深空任务！","A análise do sinal de Minmus nos leva a voltar nossa atenção para o sistema solar exterior. Vamos precisar ganhar experiência e lançar nossas primeiras missões ao espaço profundo!","明穆斯星訊號的分析結果，讓我們把注意力轉向外太陽系。我們需要累積經驗，並發射第一批深空任務！","Studyin' the Minmus signal has us turnin' our spyglass to the outer solar system. We'll need to earn our sea legs an' launch our first voyages into the deep black!","Анализа сигнала са Минмуса нас наводи да пажњу усмеримо ка спољашњем делу Сунчевог система. Мораћемо да стекнемо искуство и лансирамо наше прве мисије у дубоки свемир!","Analysen av Minmus-signalen får oss att rikta uppmärksamheten mot det yttre solsystemet. Vi måste skaffa oss erfarenhet och skicka iväg våra första uppdrag ut i den djupa rymden!","Analiza semnalului de pe Minmus ne determină să ne îndreptăm atenția spre sistemul solar exterior. Va trebui să câștigăm experiență și să lansăm primele noastre misiuni în spațiul îndepărtat!"
Missions/Primary/MTE03/Objective,Text,,"Perform a flyby of Duna.","Effectuer un survol de Duna.","Esegui un sorvolo di Duna.","Führe einen Vorbeiflug an Duna durch.","Realiza un sobrevuelo de Duna.","ドゥナの接近通過を行う。","듀나 근접 비행을 수행하세요.","Wykonaj przelot obok Duny.","Совершите пролет мимо Дюны.","飞掠Duna。","Faça um sobrevoo de Duna.","飛越杜納星。","Sail past Duna.","Извршите прелет поред Дуне.","Genomför en förbiflygning av Duna.","Efectuați un survol al lui Duna."
Missions/Primary/MTE03/Brief01,Text,,"Good morning, Director. Please, help yoursef. Croissants, muffins, danishes…","Bonjour, directeur. Je vous en prie, servez-vous. Croissants, muffins, viennoiseries…","Buongiorno, direttore. Prego, serviti pure. Croissant, muffin, sfogliatine…","Guten Morgen, Direktor. Bitte, bedien dich. Croissants, Muffins, Plundergebäck…","Buenos días, dire. Por favor, sírvete. Cruasanes, magdalenas, bollería…","おはようございます、所長。どうぞ、ご自由に召し上がってください。クロワッサン、マフィン、デニッシュ…","좋은 아침이에요, 국장님. 자, 마음껏 드세요. 크루아상, 머핀, 데니시…","Dzień dobry, dyrektorze. Proszę, częstuj się. Rogaliki, babeczki, duńskie ciastka…","Доброе утро, директор. Прошу, угощайтесь. Круассаны, маффины, слойки…","早上好，局长。请随便吃。羊角面包、松饼、丹麦酥……","Bom dia, Diretor. Por favor, sirva-se. Croissants, muffins, folhados…","早安，總監。請別客氣，自己拿。可頌、馬芬、丹麥酥……","Mornin', Cap'n. Please, help yerself. Croissants, muffins, danishes…","Добро јутро, директоре. Изволите, послужите се. Кроасани, мафини, данске кифле…","God morgon, chefen. Var så god och ta för dig. Croissanter, muffins, wienerbröd…","Bună dimineața, director. Vă rog, serviți-vă. Croissante, brioșe, plăcinte daneze…"
Missions/Primary/MTE03/Brief02,Text,,"Yes, yes, I know what you’re thinking. “Dr. Kerman, bringing breakfast? What’s going on?” Well… let’s just say I learned a valuable lesson about locking my computer when I step away from my station. Some mischievous individual decided to send an email to the entire <style=""KSC-Mission-Control"">Mission Control</style> staff announcing that I would be providing breakfast this morning. I simply couldn’t face the embarrassment of not following through. I suspect Newton of this misdeed.","Oui, oui, je sais ce que vous pensez. « Dr Kerman qui apporte le petit-déjeuner ? Qu'est-ce qui se passe ? » Eh bien… disons que j'ai appris une leçon précieuse sur l'importance de verrouiller mon ordinateur quand je quitte mon poste. Un petit plaisantin a décidé d'envoyer un e-mail à tout le personnel du <style=""KSC-Mission-Control"">Contrôle mission</style> pour annoncer que j'offrais le petit-déjeuner ce matin. Je ne pouvais tout simplement pas supporter la honte de ne pas tenir parole. Je soupçonne Newton d'être l'auteur de ce méfait.","Sì, sì, lo so cosa stai pensando. ""La dottoressa Kerman che porta la colazione? Che succede?"" Beh… diciamo solo che ho imparato una lezione preziosa sull'importanza di bloccare il computer quando mi allontano dalla postazione. Un burlone ha pensato bene di mandare un'e-mail a tutto il personale del <style=""KSC-Mission-Control"">Controllo Missioni</style> annunciando che stamattina avrei offerto io la colazione. Non potevo proprio sopportare l'imbarazzo di non mantenere la promessa. Sospetto che il colpevole sia Newton.","Ja, ja, ich weiß, was du denkst. „Dr. Kerman bringt Frühstück mit? Was ist denn los?“ Nun… sagen wir einfach, ich habe eine wertvolle Lektion darüber gelernt, meinen Computer zu sperren, wenn ich meinen Platz verlasse. Irgendein Schelm hat beschlossen, dem gesamten Personal des <style=""KSC-Mission-Control"">Missionszentrums</style> eine E-Mail zu schicken, in der angekündigt wurde, dass ich heute Morgen das Frühstück spendiere. Die Blamage, es nicht durchzuziehen, hätte ich einfach nicht ertragen. Ich habe Newton im Verdacht.","Sí, sí, ya sé lo que estás pensando. ""¿La doctora Kerman trayendo el desayuno? ¿Qué está pasando?"". Pues… digamos que he aprendido una valiosa lección sobre bloquear el ordenador cuando me levanto de mi puesto. Algún bromista decidió enviar un correo a todo el personal de <style=""KSC-Mission-Control"">Control de misión</style> anunciando que esta mañana yo invitaba al desayuno. No podía soportar la vergüenza de no cumplir. Sospecho que el autor de la fechoría es Newton.","はいはい、何を考えているかわかってますよ。「カーマン博士が朝食を持ってくるなんて？ 何事だ？」って。まあ…席を離れるときはパソコンをロックすることについて、貴重な教訓を得たとだけ言っておきます。どこかのいたずら者が、今朝は私が朝食を用意すると<style=""KSC-Mission-Control"">ミッションコントロールセンター</style>のスタッフ全員にメールで知らせたんです。約束を守らないなんて恥ずかしいこと、私にはとてもできませんでした。犯人はニュートンじゃないかと疑ってます。","네, 네, 무슨 생각 하시는지 알아요. '케르맨 박사가 아침을 가져오다니? 무슨 일이지?' 음… 자리를 비울 때는 컴퓨터를 잠가야 한다는 귀중한 교훈을 얻었다고만 해 둘게요. 어떤 장난꾸러기가 <style=""KSC-Mission-Control"">우주 비행 관제소</style> 직원 전체에게 오늘 아침은 제가 쏜다고 이메일을 보냈지 뭐예요. 약속을 지키지 않는 창피함은 도저히 견딜 수 없었어요. 이 짓을 한 건 뉴턴인 것 같아요.","Tak, tak, wiem, co myślisz. „Doktor Kerman przynosi śniadanie? Co się dzieje?”. Cóż… powiedzmy, że dostałam cenną lekcję o blokowaniu komputera, kiedy odchodzę od stanowiska. Jakiś dowcipniś postanowił wysłać do całego personelu <style=""KSC-Mission-Control"">kontroli misji</style> e-mail z informacją, że dziś rano to ja stawiam śniadanie. Po prostu nie mogłabym znieść wstydu, gdybym nie dotrzymała słowa. Podejrzewam o ten występek Newtona.","Да, да, я знаю, о чем вы думаете. «Доктор Керман принесла завтрак? Что происходит?» Ну… скажем так, я получила ценный урок: надо блокировать компьютер, когда отходишь от рабочего места. Какой-то шутник решил отправить всему персоналу <style=""KSC-Mission-Control"">Центра аэрокосмических программ</style> письмо о том, что сегодня утром завтрак за мой счет. Я просто не смогла бы вынести позора, если бы не сдержала слово. Подозреваю, что это проделки Ньютона.","是的是的，我知道你在想什么。“Kerman博士带早餐来了？出什么事了？”嗯……这么说吧，我学到了宝贵的一课：离开工位时一定要锁电脑。不知哪个调皮鬼给<style=""KSC-Mission-Control"">任务控制中心</style>的全体员工发了封邮件，宣布今天早上由我请吃早餐。我实在丢不起说话不算数的这个脸。我怀疑这事是牛顿干的。","Sim, sim, eu sei o que você está pensando. ""A Dra. Kerman trazendo café da manhã? O que está acontecendo?"" Bem… digamos que aprendi uma lição valiosa sobre bloquear o computador quando saio da minha mesa. Algum engraçadinho resolveu mandar um e-mail para toda a equipe do <style=""KSC-Mission-Control"">Controle de Missão</style> anunciando que eu ofereceria o café da manhã hoje. Eu simplesmente não conseguiria encarar a vergonha de não cumprir. Desconfio que o culpado seja o Newton.","對啦對啦，我知道你在想什麼。「科曼博士帶早餐來？發生什麼事了？」嗯……這麼說吧，我學到了寶貴的一課：離開座位時一定要鎖電腦。不知道是哪個搗蛋鬼寄了一封信給<style=""KSC-Mission-Control"">任務控制中心</style>的全體員工，宣布今天早上由我請吃早餐。我實在丟不起說話不算話的這個臉。我懷疑這是牛頓幹的好事。","Aye, aye, I know what ye be thinkin'. ""Dr. Kerman, bringin' breakfast? What be goin' on?"" Well… let's just say I learned a valuable lesson about lockin' me computer when I leave me post. Some scallywag sent a message to the whole <style=""KSC-Mission-Control"">Mission Control</style> crew sayin' I'd be providin' breakfast this mornin'. I simply couldn't face the shame o' not followin' through. I suspect Newton o' this mischief.","Да, да, знам шта мислите. „Др Керман доноси доручак? Шта се дешава?” Па… рецимо да сам научила драгоцену лекцију о закључавању рачунара кад одем од радног места. Неки шаљивџија је одлучио да пошаље имејл целом особљу <style=""KSC-Mission-Control"">Контроле мисије</style> у ком је најављено да ја јутрос частим доручком. Једноставно нисам могла да поднесем срамоту да не испуним обећање. Сумњам да је Њутн крив за ово недело.","Ja, ja, jag vet vad du tänker. ”Dr Kerman bjuder på frukost? Vad är det som händer?” Tja… låt oss säga att jag har lärt mig en värdefull läxa om att låsa datorn när jag går från min plats. Någon skämtare bestämde sig för att mejla hela personalen på <style=""KSC-Mission-Control"">Uppdragskontrollen</style> och meddela att jag skulle bjuda på frukost i morse. Jag kunde helt enkelt inte stå ut med skammen att inte hålla vad som utlovats. Jag misstänker att Newton ligger bakom tilltaget.","Da, da, știu la ce vă gândiți. „Dr. Kerman aduce micul dejun? Ce se întâmplă?” Ei bine… să zicem doar că am învățat o lecție valoroasă despre blocarea calculatorului când plec de la birou. Un poznaș a decis să trimită un e-mail întregului personal al <style=""KSC-Mission-Control"">Controlului Misiunii</style>, anunțând că eu voi oferi micul dejun în dimineața asta. Pur și simplu n-aș fi putut suporta rușinea de a nu mă ține de cuvânt. Îl suspectez pe Newton de această faptă."
Missions/Primary/MTE03/Brief03,Text,,"Now, onto more pressing matters. The analysis of the signal from the <style=""OBJ-Minmus"">Minmus</style> monument has yielded some interesting results. Just like the signal from the <style=""OBJ-Mun"">Mun</style>ar monument, the signal strength isn’t uniform. It seems to be directed outwards, towards the outer planets. We think it is directed towards <style=""OBJ-Duna"">Duna</style>.","Passons maintenant à des sujets plus urgents. L'analyse du signal du monument de <style=""OBJ-Minmus"">Minmus</style> a donné des résultats intéressants. Tout comme le signal du monument de la <style=""OBJ-Mun"">Mune</style>, son intensité n'est pas uniforme. Il semble dirigé vers l'extérieur, vers les planètes externes. Nous pensons qu'il est dirigé vers <style=""OBJ-Duna"">Duna</style>.","Ora passiamo a questioni più urgenti. L'analisi del segnale del monumento di <style=""OBJ-Minmus"">Minmus</style> ha dato risultati interessanti. Proprio come il segnale del monumento di <style=""OBJ-Mun"">Mun</style>, la sua intensità non è uniforme. Sembra essere diretto verso l'esterno, verso i pianeti esterni. Pensiamo che sia diretto verso <style=""OBJ-Duna"">Duna</style>.","Nun zu dringenderen Angelegenheiten. Die Analyse des Signals vom Monument auf <style=""OBJ-Minmus"">Minmus</style> hat interessante Ergebnisse geliefert. Genau wie beim Signal vom Monument auf dem <style=""OBJ-Mun"">Mun</style> ist die Signalstärke nicht gleichmäßig. Es scheint nach außen gerichtet zu sein, zu den äußeren Planeten. Wir glauben, dass es auf <style=""OBJ-Duna"">Duna</style> gerichtet ist.","Pasemos ahora a asuntos más urgentes. El análisis de la señal del monumento de <style=""OBJ-Minmus"">Minmus</style> ha dado resultados interesantes. Igual que la señal del monumento de la <style=""OBJ-Mun"">Muna</style>, su intensidad no es uniforme. Parece dirigirse hacia fuera, hacia los planetas exteriores. Creemos que apunta a <style=""OBJ-Duna"">Duna</style>.","さて、もっと差し迫った問題に移りましょう。<style=""OBJ-Minmus"">ミンマス</style>のモニュメントからの信号を分析したところ、興味深い結果が出ました。<style=""OBJ-Mun"">ムン</style>のモニュメントからの信号と同じく、信号強度は一様ではありません。外側、つまり外惑星の方向に向けられているようです。<style=""OBJ-Duna"">ドゥナ</style>に向けられていると私たちは考えています。","자, 이제 더 시급한 문제로 넘어가죠. <style=""OBJ-Minmus"">민무스</style> 유적의 신호를 분석한 결과 흥미로운 결과가 나왔어요. <style=""OBJ-Mun"">문</style> 유적의 신호와 마찬가지로 신호의 세기가 균일하지 않아요. 바깥쪽, 즉 외행성들을 향하고 있는 것 같아요. 저희는 <style=""OBJ-Duna"">듀나</style>를 향하고 있다고 생각해요.","A teraz do pilniejszych spraw. Analiza sygnału z monumentu na <style=""OBJ-Minmus"">Minmusie</style> przyniosła ciekawe wyniki. Podobnie jak w przypadku sygnału z monumentu na <style=""OBJ-Mun"">Munie</style>, jego siła nie jest jednolita. Wydaje się skierowany na zewnątrz, w stronę planet zewnętrznych. Sądzimy, że jest skierowany na <style=""OBJ-Duna"">Dunę</style>.","А теперь перейдем к более насущным делам. Анализ сигнала от монумента на <style=""OBJ-Minmus"">Минмусе</style> дал интересные результаты. Как и у сигнала от монумента на <style=""OBJ-Mun"">Муне</style>, его сила неоднородна. Похоже, он направлен наружу, к внешним планетам. Мы думаем, что он направлен на <style=""OBJ-Duna"">Дюну</style>.","现在，说点更紧迫的事。对<style=""OBJ-Minmus"">Minmus</style>纪念碑信号的分析得出了一些有趣的结果。和<style=""OBJ-Mun"">Mun</style>纪念碑的信号一样，它的强度也不均匀。它似乎是朝外发射的，指向外层行星。我们认为它指向的是<style=""OBJ-Duna"">Duna</style>。","Agora, vamos a assuntos mais urgentes. A análise do sinal do monumento de <style=""OBJ-Minmus"">Minmus</style> trouxe resultados interessantes. Assim como o sinal do monumento da <style=""OBJ-Mun"">Mun</style>, a intensidade não é uniforme. Ele parece estar direcionado para fora, para os planetas exteriores. Achamos que está direcionado a <style=""OBJ-Duna"">Duna</style>.","好了，來談更緊急的事吧。<style=""OBJ-Minmus"">明穆斯星</style>紀念雕像的訊號分析得出了一些有趣的結果。就跟<style=""OBJ-Mun"">穆恩星</style>紀念雕像的訊號一樣，它的強度並不均勻。它似乎是往外發送，朝向外圍的行星。我們認為它的目標是<style=""OBJ-Duna"">杜納星</style>。","Now, onto more pressin' matters. Studyin' the signal from the <style=""OBJ-Minmus"">Minmus</style> monument has turned up some interestin' results. Just like the signal from the <style=""OBJ-Mun"">Mun</style>ar monument, the strength ain't even. It seems to be aimed outwards, towards the outer planets. We reckon it be aimed at <style=""OBJ-Duna"">Duna</style>.","А сада, на важније ствари. Анализа сигнала са споменика на <style=""OBJ-Minmus"">Минмусу</style> дала је занимљиве резултате. Баш као и код сигнала са споменика на <style=""OBJ-Mun"">Муну</style>, јачина сигнала није уједначена. Изгледа да је усмерен ка споља, ка спољашњим планетама. Мислимо да је усмерен ка <style=""OBJ-Duna"">Дуни</style>.","Nu till mer brådskande saker. Analysen av signalen från monumentet på <style=""OBJ-Minmus"">Minmus</style> har gett intressanta resultat. Precis som signalen från monumentet på <style=""OBJ-Mun"">Mun</style> är signalstyrkan inte jämn. Den verkar vara riktad utåt, mot de yttre planeterna. Vi tror att den är riktad mot <style=""OBJ-Duna"">Duna</style>.","Acum, să trecem la lucruri mai urgente. Analiza semnalului de la monumentul de pe <style=""OBJ-Minmus"">Minmus</style> a dat rezultate interesante. La fel ca semnalul de la monumentul de pe <style=""OBJ-Mun"">Mun</style>, intensitatea lui nu este uniformă. Pare să fie îndreptat spre exterior, spre planetele exterioare. Credem că e îndreptat spre <style=""OBJ-Duna"">Duna</style>."
Missions/Primary/MTE03/Brief04,Text,,"<style=""OBJ-Duna"">Duna</style> is the fourth planet in the <style=""OBJ-Kerbol"">Kerbol</style>lar System.
It’s a little bigger than the <style=""OBJ-Mun"">Mun</style>, and has its very own moon, <style=""OBJ-Ike"">Ike</style>!","<style=""OBJ-Duna"">Duna</style> est la quatrième planète du système <style=""OBJ-Kerbol"">Kerbol</style>.
Elle est un peu plus grande que la <style=""OBJ-Mun"">Mune</style> et possède sa propre lune, <style=""OBJ-Ike"">Ike</style> !","<style=""OBJ-Duna"">Duna</style> è il quarto pianeta del sistema di <style=""OBJ-Kerbol"">Kerbol</style>.
È un po' più grande di <style=""OBJ-Mun"">Mun</style> e ha una luna tutta sua, <style=""OBJ-Ike"">Ike</style>!","<style=""OBJ-Duna"">Duna</style> ist der vierte Planet im <style=""OBJ-Kerbol"">Kerbol</style>-System.
Er ist ein bisschen größer als der <style=""OBJ-Mun"">Mun</style> und hat einen eigenen Mond, <style=""OBJ-Ike"">Ike</style>!","<style=""OBJ-Duna"">Duna</style> es el cuarto planeta del sistema de <style=""OBJ-Kerbol"">Kerbol</style>.
¡Es un poco más grande que la <style=""OBJ-Mun"">Muna</style> y tiene su propia luna, <style=""OBJ-Ike"">Ike</style>!","<style=""OBJ-Duna"">ドゥナ</style>は<style=""OBJ-Kerbol"">カーボル</style>系の第4惑星です。
<style=""OBJ-Mun"">ムン</style>より少し大きくて、<style=""OBJ-Ike"">アイク</style>という自分の月を持っています！","<style=""OBJ-Duna"">듀나</style>는 <style=""OBJ-Kerbol"">커볼</style>계의 네 번째 행성이에요.
<style=""OBJ-Mun"">문</style>보다 조금 더 크고, <style=""OBJ-Ike"">이케</style>라는 자신만의 위성도 있어요!","<style=""OBJ-Duna"">Duna</style> to czwarta planeta w układzie <style=""OBJ-Kerbol"">Kerbola</style>.
Jest trochę większa od <style=""OBJ-Mun"">Muna</style> i ma własny księżyc, <style=""OBJ-Ike"">Ike</style>!","<style=""OBJ-Duna"">Дюна</style> — четвертая планета системы <style=""OBJ-Kerbol"">Кербола</style>.
Она немного больше <style=""OBJ-Mun"">Муны</style>, и у нее есть собственная луна — <style=""OBJ-Ike"">Айк</style>!","<style=""OBJ-Duna"">Duna</style>是<style=""OBJ-Kerbol"">Kerbol</style>星系的第四颗行星。
它比<style=""OBJ-Mun"">Mun</style>稍大一些，还有一颗属于自己的卫星——<style=""OBJ-Ike"">Ike</style>！","<style=""OBJ-Duna"">Duna</style> é o quarto planeta do sistema de <style=""OBJ-Kerbol"">Kerbol</style>.
É um pouco maior que a <style=""OBJ-Mun"">Mun</style> e tem sua própria lua, <style=""OBJ-Ike"">Ike</style>!","<style=""OBJ-Duna"">杜納星</style>是<style=""OBJ-Kerbol"">坎陽星</style>系的第四顆行星。
它比<style=""OBJ-Mun"">穆恩星</style>大一點，還有一顆專屬的衛星——<style=""OBJ-Ike"">艾可星</style>！","<style=""OBJ-Duna"">Duna</style> be the fourth planet in the <style=""OBJ-Kerbol"">Kerbol</style> System.
It be a wee bit bigger than the <style=""OBJ-Mun"">Mun</style>, an' has its very own moon, <style=""OBJ-Ike"">Ike</style>!","<style=""OBJ-Duna"">Дуна</style> је четврта планета у систему <style=""OBJ-Kerbol"">Кербола</style>.
Мало је већа од <style=""OBJ-Mun"">Муна</style> и има сопствени месец, <style=""OBJ-Ike"">Ајк</style>!","<style=""OBJ-Duna"">Duna</style> är den fjärde planeten i <style=""OBJ-Kerbol"">Kerbol</style>-systemet.
Den är lite större än <style=""OBJ-Mun"">Mun</style> och har en alldeles egen måne, <style=""OBJ-Ike"">Ike</style>!","<style=""OBJ-Duna"">Duna</style> este a patra planetă din sistemul <style=""OBJ-Kerbol"">Kerbol</style>.
Este puțin mai mare decât <style=""OBJ-Mun"">Mun</style> și are propria lună, <style=""OBJ-Ike"">Ike</style>!"
Missions/Primary/MTE03/Brief05,Text,,"It’s as if these monuments aren't just communicating with each other, but also with… something much further out. This is becoming increasingly complex. It’s like trying to listen to a conversation happening across the solar system!

We need to get a closer look at <style=""OBJ-Duna"">Duna</style>, to try and see if there’s something there to receive the signal.

<style=""TXT-Objective"">Your objective is to perform a flyby of <style=""OBJ-Duna"">Duna</style>.</style>","C'est comme si ces monuments ne communiquaient pas seulement entre eux, mais aussi avec… quelque chose de beaucoup plus lointain. Ça devient de plus en plus complexe. C'est comme essayer d'écouter une conversation qui se déroule à l'autre bout du système solaire !

Nous devons observer <style=""OBJ-Duna"">Duna</style> de plus près, pour essayer de voir s'il y a là-bas quelque chose qui reçoit le signal.

<style=""TXT-Objective"">Votre objectif est d'effectuer un survol de <style=""OBJ-Duna"">Duna</style>.</style>","È come se questi monumenti non comunicassero solo tra loro, ma anche con… qualcosa di molto più lontano. Sta diventando sempre più complicato. È come cercare di ascoltare una conversazione che si svolge dall'altra parte del sistema solare!

Dobbiamo dare un'occhiata più da vicino a <style=""OBJ-Duna"">Duna</style>, per cercare di capire se lì c'è qualcosa che riceve il segnale.

<style=""TXT-Objective"">Il tuo obiettivo è eseguire un sorvolo di <style=""OBJ-Duna"">Duna</style>.</style>","Es ist, als würden diese Monumente nicht nur miteinander kommunizieren, sondern auch mit… etwas viel weiter draußen. Das wird immer komplizierter. Es ist, als würde man versuchen, einem Gespräch quer durch das ganze Sonnensystem zuzuhören!

Wir müssen uns <style=""OBJ-Duna"">Duna</style> genauer ansehen, um herauszufinden, ob es dort etwas gibt, das das Signal empfängt.

<style=""TXT-Objective"">Dein Ziel ist ein Vorbeiflug an <style=""OBJ-Duna"">Duna</style>.</style>","Es como si estos monumentos no solo se comunicaran entre sí, sino también con… algo mucho más lejano. Esto se complica cada vez más. ¡Es como intentar escuchar una conversación que tiene lugar al otro lado del sistema solar!

Tenemos que ver <style=""OBJ-Duna"">Duna</style> más de cerca, para intentar averiguar si allí hay algo que reciba la señal.

<style=""TXT-Objective"">Tu objetivo es realizar un sobrevuelo de <style=""OBJ-Duna"">Duna</style>.</style>","まるでこのモニュメントたちは互いに通信しているだけでなく…もっとずっと遠くにある何かとも通信しているみたいです。どんどん複雑になってきました。太陽系の向こう側で交わされている会話を聞き取ろうとしているようなものです！

<style=""OBJ-Duna"">ドゥナ</style>をもっと近くで見て、そこに信号を受け取る何かがあるかどうか確かめる必要があります。

<style=""TXT-Objective"">所長の目標は、<style=""OBJ-Duna"">ドゥナ</style>の接近通過を行うことです。</style>","마치 이 유적들이 서로 통신할 뿐만 아니라… 훨씬 더 멀리 있는 무언가와도 통신하고 있는 것 같아요. 점점 더 복잡해지고 있어요. 태양계 반대편에서 오가는 대화를 엿들으려고 하는 것 같아요!

<style=""OBJ-Duna"">듀나</style>를 더 가까이에서 살펴보고, 거기에 신호를 받는 무언가가 있는지 확인해야 해요.

<style=""TXT-Objective"">국장님의 목표는 <style=""OBJ-Duna"">듀나</style> 근접 비행을 수행하는 것입니다.</style>","To tak, jakby te monumenty komunikowały się nie tylko ze sobą, ale też z… czymś znacznie dalej. Robi się coraz bardziej skomplikowanie. To jak próba podsłuchania rozmowy prowadzonej na drugim końcu układu słonecznego!

Musimy przyjrzeć się <style=""OBJ-Duna"">Dunie</style> z bliska, żeby sprawdzić, czy jest tam coś, co odbiera sygnał.

<style=""TXT-Objective"">Twoim celem jest wykonanie przelotu obok <style=""OBJ-Duna"">Duny</style>.</style>","Как будто эти монументы общаются не только друг с другом, но и с… чем-то гораздо более далеким. Все становится сложнее и сложнее. Это все равно что пытаться подслушать разговор на другом конце Солнечной системы!

Нам нужно рассмотреть <style=""OBJ-Duna"">Дюну</style> поближе, чтобы понять, есть ли там что-то, что принимает сигнал.

<style=""TXT-Objective"">Ваша цель — совершить пролет мимо <style=""OBJ-Duna"">Дюны</style>.</style>","就好像这些纪念碑不只是在互相通信，还在和……某个远得多的东西通信。事情变得越来越复杂了。这就像试图偷听太阳系另一头的一场对话！

我们需要近距离观察<style=""OBJ-Duna"">Duna</style>，看看那里是否有什么东西在接收信号。

<style=""TXT-Objective"">你的目标是飞掠<style=""OBJ-Duna"">Duna</style>。</style>","É como se esses monumentos não estivessem se comunicando só entre si, mas também com… algo muito mais distante. Isso está ficando cada vez mais complexo. É como tentar ouvir uma conversa acontecendo do outro lado do sistema solar!

Precisamos dar uma olhada mais de perto em <style=""OBJ-Duna"">Duna</style>, para tentar ver se existe algo lá recebendo o sinal.

<style=""TXT-Objective"">Seu objetivo é fazer um sobrevoo de <style=""OBJ-Duna"">Duna</style>.</style>","就好像這些紀念雕像不只是彼此通訊，還在跟……某個遠得多的東西通訊。事情越來越複雜了。這就像試著偷聽太陽系另一端的一段對話！

我們需要近距離觀察<style=""OBJ-Duna"">杜納星</style>，看看那裡是否有東西在接收訊號。

<style=""TXT-Objective"">你的目標是飛越<style=""OBJ-Duna"">杜納星</style>。</style>","It be as if these monuments ain't just talkin' to each other, but also to… somethin' much further out. This be gettin' more tangled than a fishin' net. It be like tryin' to listen to a parley happenin' across the whole solar system!

We need a closer look at <style=""OBJ-Duna"">Duna</style>, to see if there be somethin' there catchin' the signal.

<style=""TXT-Objective"">Yer orders be to sail past <style=""OBJ-Duna"">Duna</style>.</style>","Као да ови споменици не комуницирају само међусобно, већ и са… нечим много даљим. Ово постаје све сложеније. То је као да покушавате да чујете разговор који се води на другом крају Сунчевог система!

Морамо изблиза да погледамо <style=""OBJ-Duna"">Дуну</style>, да видимо да ли тамо постоји нешто што прима сигнал.

<style=""TXT-Objective"">Ваш циљ је да извршите прелет поред <style=""OBJ-Duna"">Дуне</style>.</style>","Det är som om de här monumenten inte bara kommunicerar med varandra, utan också med… något mycket längre bort. Det här blir allt mer komplicerat. Det är som att försöka lyssna på ett samtal som pågår på andra sidan solsystemet!

Vi måste ta en närmare titt på <style=""OBJ-Duna"">Duna</style> för att se om det finns något där som tar emot signalen.

<style=""TXT-Objective"">Ditt mål är att genomföra en förbiflygning av <style=""OBJ-Duna"">Duna</style>.</style>","E ca și cum aceste monumente nu comunică doar între ele, ci și cu… ceva mult mai îndepărtat. Devine din ce în ce mai complicat. E ca și cum ai încerca să asculți o conversație care are loc în celălalt capăt al sistemului solar!

Trebuie să aruncăm o privire mai de aproape asupra lui <style=""OBJ-Duna"">Duna</style>, ca să vedem dacă acolo există ceva care recepționează semnalul.

<style=""TXT-Objective"">Obiectivul dumneavoastră este să efectuați un survol al lui <style=""OBJ-Duna"">Duna</style>.</style>"
Missions/Primary/MTE03/Brief06,Text,,"To get to <style=""OBJ-Duna"">Duna</style>, <style=""TXT-Bold"">you’re going to need a large, multi-stage rocket with plenty of fuel.</style>.
Use the <style=""App-Trip-Planner"">Trip Planner</style> in the VAB to make sure you have enough Delta-V to make the whole trip. You'll also need to time your departure so that the positions of <style=""OBJ-Kerbin"">Kerbin</style> and <style=""OBJ-Duna"">Duna</style> are correct.
You'll want to <style=""App-Time-Warp"">Time Warp</style> until <style=""OBJ-Kerbin"">Kerbin</style> and <style=""OBJ-Duna"">Duna</style> are 45 degrees apart, with <style=""OBJ-Duna"">Duna</style> in the lead. Just whip out your protractor and place <style=""OBJ-Kerbol"">Kerbol</style> and <style=""OBJ-Kerbin"">Kerbin</style> on the baseline.
If you don't have a protractor, I can recommend my top five!","Pour atteindre <style=""OBJ-Duna"">Duna</style>, <style=""TXT-Bold"">vous allez avoir besoin d'une grande fusée à plusieurs étages et de beaucoup de carburant</style>.
Utilisez le <style=""App-Trip-Planner"">planificateur de trajet</style> dans le BAV pour vérifier que vous avez assez de delta-V pour faire tout le trajet. Vous devrez aussi choisir le bon moment pour partir, afin que <style=""OBJ-Kerbin"">Kerbin</style> et <style=""OBJ-Duna"">Duna</style> soient aux bonnes positions.
Vous devrez procéder à une <style=""App-Time-Warp"">avance rapide</style> jusqu'à ce que <style=""OBJ-Kerbin"">Kerbin</style> et <style=""OBJ-Duna"">Duna</style> soient séparées de 45 degrés, avec <style=""OBJ-Duna"">Duna</style> en tête. Sortez votre rapporteur et alignez <style=""OBJ-Kerbol"">Kerbol</style> et <style=""OBJ-Kerbin"">Kerbin</style> sur la ligne de base.
Si vous n'avez pas de rapporteur, je peux vous recommander mon top cinq !","Per raggiungere <style=""OBJ-Duna"">Duna</style> <style=""TXT-Bold"">avrai bisogno di un grande razzo multistadio e di parecchio carburante</style>.
Usa il <style=""App-Trip-Planner"">pianificatore di viaggio</style> nell'EAV per assicurarti di avere delta-V sufficiente per l'intera tratta. Inoltre, dovrai programmare la tua partenza per decollare quando <style=""OBJ-Kerbin"">Kerbin</style> e <style=""OBJ-Duna"">Duna</style> si troveranno nelle posizioni corrette.
Procedi con l'<style=""App-Time-Warp"">accelerazione temporale</style> finché <style=""OBJ-Kerbin"">Kerbin</style> e <style=""OBJ-Duna"">Duna</style> non si troveranno a 45 gradi di distanza, con <style=""OBJ-Duna"">Duna</style> davanti. Tira fuori il tuo goniometro e posiziona <style=""OBJ-Kerbol"">Kerbol</style> e <style=""OBJ-Kerbin"">Kerbin</style> sulla base.
Se non ne hai uno, posso consigliarti i miei cinque goniometri preferiti!","Um <style=""OBJ-Duna"">Duna</style> zu erreichen, <style=""TXT-Bold"">benötigst du eine große, mehrstufige Rakete mit jeder Menge Treibstoff</style>.
Vergewissere dich im <style=""App-Trip-Planner"">Reiseplaner</style> in der FZF, ob du genug Delta-v hast, um die ganze Strecke zu schaffen. Außerdem musst du deinen Start so timen, dass die Positionen von <style=""OBJ-Kerbin"">Kerbin</style> und <style=""OBJ-Duna"">Duna</style> stimmen.
Benutze die <style=""App-Time-Warp"">Zeitbeschleunigung</style>, bis <style=""OBJ-Kerbin"">Kerbin</style> und <style=""OBJ-Duna"">Duna</style> 45 Grad auseinanderliegen und <style=""OBJ-Duna"">Duna</style> vorne ist. Schnapp dir deinen Winkelmesser und nimm <style=""OBJ-Kerbol"">Kerbol</style> und <style=""OBJ-Kerbin"">Kerbin</style> als Grundlinie.
Wenn du keinen Winkelmesser hast, empfehle ich meine Top 5!","Para llegar hasta <style=""OBJ-Duna"">Duna</style>, <style=""TXT-Bold"">necesitarás un cohete grande de varias etapas y mogollón de combustible</style>.
Usa el <style=""App-Trip-Planner"">Planificador de viajes</style> del EEV para comprobar si tienes suficiente delta-v como para realizar todo el viaje. También tendrás que coordinar la salida para cuando <style=""OBJ-Kerbin"">Kerbin</style> y <style=""OBJ-Duna"">Duna</style> estén en las posiciones adecuadas.
Te recomiendo <style=""App-Time-Warp"">acelerar el tiempo</style> hasta que <style=""OBJ-Kerbin"">Kerbin</style> y <style=""OBJ-Duna"">Duna</style> estén separados 45 grados, con <style=""OBJ-Duna"">Duna</style> a la cabeza. Basta con sacar el transportador y situar <style=""OBJ-Kerbol"">Kerbol</style> y <style=""OBJ-Kerbin"">Kerbin</style> en la línea base.
Si no tienes un transportador, ¡te puedo recomendar mis cinco favoritos!","<style=""OBJ-Duna"">ドゥナ</style>にたどり着くには、<style=""TXT-Bold"">大型の多段式ロケットとたっぷりの燃料が必要になります</style>。
VABで<style=""App-Trip-Planner"">旅行プランナー</style>を使用して、全旅程に必要な十分なデルタVを確保してください。それから、<style=""OBJ-Kerbin"">カービン</style>と<style=""OBJ-Duna"">ドゥナ</style>の位置が合うように出発の時間を設定する必要があります。
<style=""OBJ-Kerbin"">カービン</style>と<style=""OBJ-Duna"">ドゥナ</style>が、<style=""OBJ-Duna"">ドゥナ</style>を先頭にして45度の角度になるまで、<style=""App-Time-Warp"">時間加速</style>してください。分度器を取り出して<style=""OBJ-Kerbol"">カーボル</style>と<style=""OBJ-Kerbin"">カービン</style>を基線に合わせればいいんです。
分度器がない場合は、私のオススメ分度器トップ5を紹介しますよ！","<style=""OBJ-Duna"">듀나</style>에 가기 위해서는, <style=""TXT-Bold"">대형 다단로켓과 충분한 연료가 필요합니다</style>.
VAB에서 <style=""App-Trip-Planner"">비행 플래너</style>를 통해 전체 임무에서 필요로 하는 델타-V가 충분히 확보되었는지 확인하세요. 그리고 <style=""OBJ-Kerbin"">커빈</style>과 <style=""OBJ-Duna"">듀나</style>가 정확한 위치에 있도록, 발사 시간을 조절해야 합니다.
<style=""OBJ-Kerbin"">커빈</style>과 <style=""OBJ-Duna"">듀나</style>가 45도 떨어질 때까지, <style=""OBJ-Duna"">듀나</style>가 앞선 상태로 <style=""App-Time-Warp"">타임워프</style>를 해야 합니다. 각도기를 꺼내서 <style=""OBJ-Kerbol"">커볼</style>과 <style=""OBJ-Kerbin"">커빈</style>을 기준선에 맞추기만 하면 돼요.
각도기가 없다면 제가 상위 5개의 각도기를 추천해 드릴 수 있습니다!","Aby dotrzeć na <style=""OBJ-Duna"">Dunę</style>, <style=""TXT-Bold"">będziesz potrzebować dużej, wielostopniowej rakiety i mnóstwa paliwa</style>.
Skorzystaj z <style=""App-Trip-Planner"">planisty podróży</style> w MON, by upewnić się, że masz wystarczająco dużo delta-V na całą podróż. Musisz też dobrać czas startu tak, by wzajemne położenie <style=""OBJ-Kerbin"">Kerbina</style> i <style=""OBJ-Duna"">Duny</style> było odpowiednie.
Użyj <style=""App-Time-Warp"">przyśpieszenia czasu</style>, aż <style=""OBJ-Kerbin"">Kerbin</style> i <style=""OBJ-Duna"">Duna</style> będą oddalone o 45 stopni, przy czym <style=""OBJ-Duna"">Duna</style> ma być z przodu. Wystarczy wyciągnąć kątomierz i ustawić <style=""OBJ-Kerbol"">Kerbola</style> i <style=""OBJ-Kerbin"">Kerbina</style> na linii bazowej.
Jeśli nie masz kątomierza, mogę polecić ci moją ulubioną piątkę!","Если вы хотите добраться до <style=""OBJ-Duna"">Дюны</style>, <style=""TXT-Bold"">вам понадобится большая многоступенчатая ракета и много топлива</style>.
Используйте <style=""App-Trip-Planner"">«Планирование полета»</style> в ЦВС, чтобы вам хватило Δv для всего путешествия. Вам также придется рассчитать время запуска, чтобы <style=""OBJ-Kerbin"">Кербин</style> и <style=""OBJ-Duna"">Дюна</style> оказались в нужном положении.
Используйте <style=""App-Time-Warp"">ускорение времени</style>, пока <style=""OBJ-Kerbin"">Кербин</style> и <style=""OBJ-Duna"">Дюна</style> не окажутся под углом 45 градусов друг к другу, с <style=""OBJ-Duna"">Дюной</style> впереди. Просто достаньте транспортир и поместите <style=""OBJ-Kerbol"">Кербол</style> и <style=""OBJ-Kerbin"">Кербин</style> на базовую линию.
Если у вас нет транспортира, могу порекомендовать вам пять лучших из моего списка!","若想前往<style=""OBJ-Duna"">Duna</style>，<style=""TXT-Bold"">你需要一枚大型多级火箭和充足的燃料</style>。
在组装大楼中使用<style=""App-Trip-Planner"">旅行规划图</style>可确保你拥有足够的Delta-V来完成整个旅行。你还需要计算好出发时间，以便让<style=""OBJ-Kerbin"">Kerbin</style>和<style=""OBJ-Duna"">Duna</style>处在正确的位置。
到时候你要进行<style=""App-Time-Warp"">时间加速</style>，直到<style=""OBJ-Kerbin"">Kerbin</style>与<style=""OBJ-Duna"">Duna</style>之间的夹角达到45度，且<style=""OBJ-Duna"">Duna</style>位于前方。只需要拿出你的量角器，把<style=""OBJ-Kerbol"">Kerbol</style>和<style=""OBJ-Kerbin"">Kerbin</style>放在基线上即可。
如果你没有量角器，我可以向你推荐我最喜欢的五款！","Para chegar a <style=""OBJ-Duna"">Duna</style>, <style=""TXT-Bold"">você precisará de um grande foguete multiestágio com muito combustível</style>.
Use o <style=""App-Trip-Planner"">Planejador de Viagem</style> no PMV para garantir que tenha delta-V suficiente para a viagem inteira. Você também terá que programar sua partida para que as posições de <style=""OBJ-Kerbin"">Kerbin</style> e <style=""OBJ-Duna"">Duna</style> estejam corretas.
Você precisará usar a <style=""App-Time-Warp"">distorção temporal</style> até que <style=""OBJ-Kerbin"">Kerbin</style> e <style=""OBJ-Duna"">Duna</style> estejam a 45 graus de distância, com <style=""OBJ-Duna"">Duna</style> à frente. É só pegar o seu transferidor e colocar <style=""OBJ-Kerbol"">Kerbol</style> e <style=""OBJ-Kerbin"">Kerbin</style> na linha de base.
Se não tiver transferidor, posso recomendar os cinco melhores!","要去<style=""OBJ-Duna"">杜納星</style>的話，<style=""TXT-Bold"">你會需要一枚超大的多節式火箭，而且要裝滿滿的燃料</style>。
用VAB中的<style=""App-Trip-Planner"">航程計畫器</style>確認你整趟路程的Delta-V都夠。發射的時機也很重要，需要算好<style=""OBJ-Kerbin"">坎巴拉星</style>和<style=""OBJ-Duna"">杜納星</style>的相對位置。
你會想用<style=""App-Time-Warp"">時間曲速</style>，一直到<style=""OBJ-Kerbin"">坎巴拉星</style>和<style=""OBJ-Duna"">杜納星</style>呈45度角，<style=""OBJ-Duna"">杜納星</style>稍微超前。拿出量角器，把<style=""OBJ-Kerbol"">坎陽星</style>和<style=""OBJ-Kerbin"">坎巴拉星</style>放在底線上。
如果你沒有量角器，我可以推薦你我最愛的五款！","To reach <style=""OBJ-Duna"">Duna</style>, <style=""TXT-Bold"">ye'll be needin' a big, multi-stage rocket with plenty o' fuel</style>.
Use the <style=""App-Trip-Planner"">Trip Planner</style> in the VAB to make sure ye have enough Delta-V fer the whole voyage. Ye'll also need to time yer departure so <style=""OBJ-Kerbin"">Kerbin</style> an' <style=""OBJ-Duna"">Duna</style> be in the right spots.
Ye'll want to <style=""App-Time-Warp"">Time Warp</style> till <style=""OBJ-Kerbin"">Kerbin</style> an' <style=""OBJ-Duna"">Duna</style> be 45 degrees apart, with <style=""OBJ-Duna"">Duna</style> in the lead. Just whip out yer protractor an' set <style=""OBJ-Kerbol"">Kerbol</style> an' <style=""OBJ-Kerbin"">Kerbin</style> on the baseline.
If ye don't have a protractor, I can recommend me top five!","Да бисте стигли до <style=""OBJ-Duna"">Дуне</style>, <style=""TXT-Bold"">биће Вам потребна велика вишестепена ракета са доста горива</style>.
Користите <style=""App-Trip-Planner"">Планер путовања</style> у VAB-у да бисте проверили да ли имате довољно делта-V за цело путовање. Такође ћете морати да темпирате полазак тако да положаји <style=""OBJ-Kerbin"">Кербина</style> и <style=""OBJ-Duna"">Дуне</style> буду одговарајући.
Користите <style=""App-Time-Warp"">убрзање времена</style> док <style=""OBJ-Kerbin"">Кербин</style> и <style=""OBJ-Duna"">Дуна</style> не буду удаљени 45 степени, тако да <style=""OBJ-Duna"">Дуна</style> буде испред. Само извадите угломер и поставите <style=""OBJ-Kerbol"">Кербол</style> и <style=""OBJ-Kerbin"">Кербин</style> на основну линију.
Ако немате угломер, могу да Вам препоручим својих пет омиљених!","För att ta dig till <style=""OBJ-Duna"">Duna</style> <style=""TXT-Bold"">behöver du en stor raket i flera steg med gott om bränsle</style>.
Använd <style=""App-Trip-Planner"">Reseplaneraren</style> i VAB för att se till att du har tillräckligt med delta-V för hela resan. Du måste också tajma avfärden så att <style=""OBJ-Kerbin"">Kerbin</style> och <style=""OBJ-Duna"">Duna</style> står rätt.
Använd <style=""App-Time-Warp"">tidsacceleration</style> tills <style=""OBJ-Kerbin"">Kerbin</style> och <style=""OBJ-Duna"">Duna</style> står 45 grader isär, med <style=""OBJ-Duna"">Duna</style> i ledningen. Ta bara fram gradskivan och lägg <style=""OBJ-Kerbol"">Kerbol</style> och <style=""OBJ-Kerbin"">Kerbin</style> på baslinjen.
Om du inte har någon gradskiva kan jag rekommendera mina fem favoriter!","Pentru a ajunge la <style=""OBJ-Duna"">Duna</style>, <style=""TXT-Bold"">veți avea nevoie de o rachetă mare, cu mai multe trepte și mult combustibil</style>.
Folosiți <style=""App-Trip-Planner"">Planificatorul de călătorie</style> din VAB ca să vă asigurați că aveți suficient delta-V pentru toată călătoria. Va trebui, de asemenea, să alegeți momentul plecării astfel încât pozițiile lui <style=""OBJ-Kerbin"">Kerbin</style> și <style=""OBJ-Duna"">Duna</style> să fie corecte.
Va trebui să folosiți <style=""App-Time-Warp"">accelerarea timpului</style> până când <style=""OBJ-Kerbin"">Kerbin</style> și <style=""OBJ-Duna"">Duna</style> sunt la 45 de grade distanță, cu <style=""OBJ-Duna"">Duna</style> în față. Scoateți raportorul și puneți <style=""OBJ-Kerbol"">Kerbol</style> și <style=""OBJ-Kerbin"">Kerbin</style> pe linia de bază.
Dacă nu aveți raportor, vă pot recomanda primele mele cinci preferate!"
Missions/Primary/MTE03/Brief07,Text,,"This mission will require a powerful antenna to maintain contact over such vast distances. The RA-15 antenna will suffice if <style=""OBJ-Duna"">Duna</style> is relatively close to <style=""OBJ-Kerbin"">Kerbin</style>. However, to ensure continuous communication throughout <style=""OBJ-Duna"">Duna</style>'s orbit, we'll need something with a bit more reach. I recommend equipping your probe with the HG-55. This will allow us to maintain a stable connection regardless of <style=""OBJ-Duna"">Duna</style>'s position.","Cette mission nécessitera une antenne puissante pour garder le contact sur de si grandes distances. L'antenne RA-15 suffira si <style=""OBJ-Duna"">Duna</style> est relativement proche de <style=""OBJ-Kerbin"">Kerbin</style>. Mais pour garantir une communication continue tout au long de l'orbite de <style=""OBJ-Duna"">Duna</style>, il nous faudra quelque chose d'une plus grande portée. Je vous recommande d'équiper votre sonde de la HG-55. Elle nous permettra de garder une connexion stable quelle que soit la position de <style=""OBJ-Duna"">Duna</style>.","Questa missione richiederà un'antenna potente per mantenere il contatto a distanze così grandi. L'antenna RA-15 basterà se <style=""OBJ-Duna"">Duna</style> è relativamente vicino a <style=""OBJ-Kerbin"">Kerbin</style>. Tuttavia, per garantire comunicazioni continue lungo tutta l'orbita di <style=""OBJ-Duna"">Duna</style>, ci servirà qualcosa con una portata maggiore. Ti consiglio di equipaggiare la tua sonda con la HG-55. Ci permetterà di mantenere un collegamento stabile a prescindere dalla posizione di <style=""OBJ-Duna"">Duna</style>.","Diese Mission erfordert eine leistungsstarke Antenne, um über solch gewaltige Entfernungen in Kontakt zu bleiben. Die RA-15-Antenne genügt, wenn <style=""OBJ-Duna"">Duna</style> relativ nahe an <style=""OBJ-Kerbin"">Kerbin</style> ist. Um jedoch während der gesamten Umlaufbahn von <style=""OBJ-Duna"">Duna</style> eine durchgehende Verbindung sicherzustellen, brauchen wir etwas mit mehr Reichweite. Ich empfehle, deine Sonde mit der HG-55 auszustatten. Damit können wir unabhängig von <style=""OBJ-Duna"">Dunas</style> Position eine stabile Verbindung halten.","Esta misión requerirá una antena potente para mantener el contacto a distancias tan enormes. La antena RA-15 bastará si <style=""OBJ-Duna"">Duna</style> está relativamente cerca de <style=""OBJ-Kerbin"">Kerbin</style>. Sin embargo, para garantizar una comunicación continua a lo largo de toda la órbita de <style=""OBJ-Duna"">Duna</style>, necesitaremos algo con un poco más de alcance. Te recomiendo equipar tu sonda con la HG-55. Así podremos mantener una conexión estable sea cual sea la posición de <style=""OBJ-Duna"">Duna</style>.","このミッションでは、これほどの遠距離で通信を維持するために強力なアンテナが必要になります。<style=""OBJ-Duna"">ドゥナ</style>が<style=""OBJ-Kerbin"">カービン</style>に比較的近ければ、RA-15アンテナで十分です。でも、<style=""OBJ-Duna"">ドゥナ</style>の軌道全体を通じて通信を途切れさせないためには、もう少し届く範囲の広いものが必要です。探査機にはHG-55を装備することをおすすめします。これなら<style=""OBJ-Duna"">ドゥナ</style>の位置に関係なく、安定した接続を維持できます。","이 임무에서는 그렇게 먼 거리에서도 교신을 유지하기 위해 강력한 안테나가 필요해요. <style=""OBJ-Duna"">듀나</style>가 <style=""OBJ-Kerbin"">커빈</style>과 비교적 가까이 있다면 RA-15 안테나로 충분해요. 하지만 <style=""OBJ-Duna"">듀나</style>의 궤도 전체에 걸쳐 통신을 계속 유지하려면 좀 더 멀리 닿는 게 필요해요. 탐사선에 HG-55를 장착하시길 추천해요. 그러면 <style=""OBJ-Duna"">듀나</style>의 위치와 관계없이 안정적인 연결을 유지할 수 있어요.","Ta misja będzie wymagała mocnej anteny, aby utrzymać łączność na tak ogromnych odległościach. Antena RA-15 wystarczy, jeśli <style=""OBJ-Duna"">Duna</style> będzie stosunkowo blisko <style=""OBJ-Kerbin"">Kerbina</style>. Jednak żeby zapewnić ciągłą łączność na całej orbicie <style=""OBJ-Duna"">Duny</style>, potrzebujemy czegoś o nieco większym zasięgu. Polecam wyposażyć sondę w HG-55. Dzięki niej utrzymamy stabilne połączenie niezależnie od położenia <style=""OBJ-Duna"">Duny</style>.","Для этой миссии понадобится мощная антенна, чтобы поддерживать связь на таких огромных расстояниях. Антенны RA-15 хватит, если <style=""OBJ-Duna"">Дюна</style> будет относительно близко к <style=""OBJ-Kerbin"">Кербину</style>. Но чтобы обеспечить непрерывную связь на всей орбите <style=""OBJ-Duna"">Дюны</style>, нам понадобится что-то с большей дальностью. Рекомендую оснастить зонд антенной HG-55. Тогда мы сможем поддерживать стабильную связь независимо от положения <style=""OBJ-Duna"">Дюны</style>.","这项任务需要一副强大的天线，才能在如此遥远的距离上保持联系。如果<style=""OBJ-Duna"">Duna</style>离<style=""OBJ-Kerbin"">Kerbin</style>比较近，RA-15天线就足够了。不过，要想在<style=""OBJ-Duna"">Duna</style>的整个轨道上都保持通信不中断，我们需要覆盖范围更广的东西。我建议给你的探测器装上HG-55。这样无论<style=""OBJ-Duna"">Duna</style>在什么位置，我们都能保持稳定的连接。","Esta missão vai exigir uma antena potente para manter contato a distâncias tão grandes. A antena RA-15 será suficiente se <style=""OBJ-Duna"">Duna</style> estiver relativamente perto de <style=""OBJ-Kerbin"">Kerbin</style>. Porém, para garantir comunicação contínua ao longo de toda a órbita de <style=""OBJ-Duna"">Duna</style>, vamos precisar de algo com um alcance um pouco maior. Recomendo equipar sua sonda com a HG-55. Assim, poderemos manter uma conexão estável independentemente da posição de <style=""OBJ-Duna"">Duna</style>.","這項任務需要一具強力天線，才能在這麼遠的距離保持聯繫。如果<style=""OBJ-Duna"">杜納星</style>離<style=""OBJ-Kerbin"">坎巴拉星</style>比較近，RA-15天線就夠用了。不過，要在<style=""OBJ-Duna"">杜納星</style>的整條軌道上都維持不中斷的通訊，我們需要覆蓋範圍更廣的東西。我建議幫你的探測器裝上HG-55。這樣不管<style=""OBJ-Duna"">杜納星</style>在哪個位置，我們都能保持穩定的連線。","This voyage will need a mighty antenna to keep in touch over such vast distances. The RA-15 antenna will do if <style=""OBJ-Duna"">Duna</style> be fairly close to <style=""OBJ-Kerbin"">Kerbin</style>. But to keep the talk flowin' all along <style=""OBJ-Duna"">Duna</style>'s orbit, we'll need somethin' with a longer reach. I recommend riggin' yer probe with the HG-55. That'll keep us connected no matter where <style=""OBJ-Duna"">Duna</style> be.","За ову мисију биће потребна снажна антена да бисмо одржали контакт на тако великим удаљеностима. Антена RA-15 биће довољна ако је <style=""OBJ-Duna"">Дуна</style> релативно близу <style=""OBJ-Kerbin"">Кербина</style>. Међутим, да бисмо обезбедили непрекидну комуникацију дуж целе орбите <style=""OBJ-Duna"">Дуне</style>, биће нам потребно нешто са већим дометом. Препоручујем да сонду опремите антеном HG-55. Тако ћемо одржати стабилну везу без обзира на положај <style=""OBJ-Duna"">Дуне</style>.","Det här uppdraget kräver en kraftfull antenn för att hålla kontakten över så enorma avstånd. RA-15-antennen räcker om <style=""OBJ-Duna"">Duna</style> är relativt nära <style=""OBJ-Kerbin"">Kerbin</style>. Men för att säkerställa obruten kommunikation längs hela <style=""OBJ-Duna"">Dunas</style> omloppsbana behöver vi något med lite längre räckvidd. Jag rekommenderar att du utrustar sonden med HG-55. Då kan vi hålla en stabil förbindelse oavsett var <style=""OBJ-Duna"">Duna</style> befinner sig.","Această misiune va necesita o antenă puternică pentru a menține contactul pe distanțe atât de mari. Antena RA-15 va fi suficientă dacă <style=""OBJ-Duna"">Duna</style> este relativ aproape de <style=""OBJ-Kerbin"">Kerbin</style>. Totuși, pentru a asigura o comunicare continuă pe toată orbita lui <style=""OBJ-Duna"">Duna</style>, vom avea nevoie de ceva cu o rază de acțiune ceva mai mare. Vă recomand să echipați sonda cu HG-55. Astfel vom putea menține o conexiune stabilă indiferent de poziția lui <style=""OBJ-Duna"">Duna</style>."
Missions/Primary/MTE03/Brief08,Text,,"Good luck, Director! And… enjoy the pastries. Better not trying to decipher alien transmissions on an empty stomach.","Bonne chance, directeur ! Et… profitez des viennoiseries. Mieux vaut ne pas essayer de déchiffrer des transmissions extraterrestres le ventre vide.","Buona fortuna, direttore! E… goditi i dolcetti. Meglio non cercare di decifrare trasmissioni aliene a stomaco vuoto.","Viel Glück, Direktor! Und… lass dir das Gebäck schmecken. Besser nicht mit leerem Magen versuchen, außerirdische Übertragungen zu entschlüsseln.","¡Buena suerte, dire! Y… disfruta de la bollería. Mejor no intentar descifrar transmisiones alienígenas con el estómago vacío.","幸運を祈ります、所長！ それと…お菓子を楽しんでくださいね。異星の通信を解読するなら、空腹のままではやめておいたほうがいいですから。","행운을 빌어요, 국장님! 그리고… 페이스트리 맛있게 드세요. 빈속에 외계 통신을 해독하려고 하지 않는 게 좋으니까요.","Powodzenia, dyrektorze! I… smacznego. Lepiej nie próbować rozszyfrowywać obcych transmisji na pusty żołądek.","Удачи, директор! И… угощайтесь выпечкой. Лучше не пытаться расшифровывать инопланетные передачи на пустой желудок.","祝你好运，局长！还有……好好享用点心吧。最好别饿着肚子去破译外星信号。","Boa sorte, Diretor! E… aproveite os doces. Melhor não tentar decifrar transmissões alienígenas de estômago vazio.","祝你好運，總監！還有……好好享用點心喔。最好別空著肚子去破解外星訊號。","Fair winds, Cap'n! An'… enjoy the pastries. Best not try decipherin' alien transmissions on an empty belly.","Срећно, директоре! И… уживајте у пецивима. Боље не покушавати дешифровање ванземаљских порука на празан стомак.","Lycka till, chefen! Och… njut av bakverken. Det är bäst att inte försöka tyda utomjordiska sändningar på fastande mage.","Mult noroc, director! Și… bucurați-vă de prăjituri. Mai bine nu încercați să descifrați transmisii extraterestre pe stomacul gol."
Missions/Primary/MTE03/Debrief01,Text,,"Congratulations for this first mission into deep space, Director! I must commend you as <style=""OBJ-Duna"">Duna</style> can be quite… <i>distracting</i> with its reddish hues and intriguing canyons. It’s easy to get sidetracked by the scenery.","Félicitations pour cette première mission dans l'espace lointain, directeur ! Je dois vous féliciter, car <style=""OBJ-Duna"">Duna</style> peut être assez… <i>déconcentrante</i> avec ses teintes rougeâtres et ses canyons intrigants. On se laisse facilement distraire par le paysage.","Congratulazioni per questa prima missione nello spazio profondo, direttore! Devo farti i complimenti, perché <style=""OBJ-Duna"">Duna</style> può essere piuttosto… <i>distraente</i> con le sue sfumature rossastre e i suoi canyon affascinanti. È facile lasciarsi distrarre dal panorama.","Herzlichen Glückwunsch zu dieser ersten Mission in den tiefen Weltraum, Direktor! Ich muss dich loben, denn <style=""OBJ-Duna"">Duna</style> kann mit seinen rötlichen Farbtönen und faszinierenden Schluchten ganz schön… <i>ablenkend</i> sein. Da lässt man sich leicht von der Landschaft ablenken.","¡Enhorabuena por esta primera misión al espacio profundo, dire! Tengo que felicitarte, porque <style=""OBJ-Duna"">Duna</style> puede llegar a… <i>distraer</i> bastante con sus tonos rojizos y sus intrigantes cañones. Es fácil despistarse con el paisaje.","初めての深宇宙ミッション、おめでとうございます、所長！ 本当にお見事です。<style=""OBJ-Duna"">ドゥナ</style>の赤みがかった色合いと興味をそそる渓谷は、かなり…<i>気が散る</i>ものですからね。景色につい目を奪われてしまいます。","첫 번째 심우주 임무를 축하드려요, 국장님! 정말 칭찬해 드려야겠어요. <style=""OBJ-Duna"">듀나</style>는 붉은빛 색조와 흥미로운 협곡 때문에 꽤… <i>정신이 팔리기</i> 쉬운 곳이거든요. 풍경에 넋을 잃기 쉽죠.","Gratulacje z okazji pierwszej misji w głęboki kosmos, dyrektorze! Muszę cię pochwalić, bo <style=""OBJ-Duna"">Duna</style> potrafi być dość… <i>rozpraszająca</i> ze swoimi czerwonawymi odcieniami i intrygującymi kanionami. Łatwo dać się porwać krajobrazom.","Поздравляю с первой миссией в дальний космос, директор! Должна вас похвалить: <style=""OBJ-Duna"">Дюна</style> с ее красноватыми оттенками и загадочными каньонами может быть весьма… <i>отвлекающей</i>. Легко засмотреться на пейзаж.","恭喜你完成了首次深空任务，局长！我必须夸夸你，因为<style=""OBJ-Duna"">Duna</style>那泛红的色调和引人入胜的峡谷可是相当……<i>让人分心</i>的。人很容易被风景吸引过去。","Parabéns por esta primeira missão ao espaço profundo, Diretor! Tenho que te elogiar, porque <style=""OBJ-Duna"">Duna</style> pode… <i>distrair</i> bastante com seus tons avermelhados e cânions intrigantes. É fácil se distrair com a paisagem.","恭喜你完成第一次深空任務，總監！我一定要誇誇你，因為<style=""OBJ-Duna"">杜納星</style>那泛紅的色調和引人入勝的峽谷，可是相當……<i>讓人分心</i>的。人很容易被風景吸引走。","Congratulations on this first voyage into the deep black, Cap'n! I must commend ye, as <style=""OBJ-Duna"">Duna</style> can be mighty… <i>distractin'</i> with its reddish hues an' curious canyons. It be easy to get sidetracked by the scenery.","Честитам на овој првој мисији у дубоки свемир, директоре! Морам да Вас похвалим, јер <style=""OBJ-Duna"">Дуна</style> уме да буде прилично… <i>заводљива</i> са својим црвенкастим нијансама и интригантним кањонима. Лако је залутати гледајући пејзаж.","Grattis till det här första uppdraget ut i den djupa rymden, chefen! Jag måste berömma dig, för <style=""OBJ-Duna"">Duna</style> kan vara ganska… <i>distraherande</i> med sina rödaktiga nyanser och spännande kanjoner. Det är lätt att bli distraherad av landskapet.","Felicitări pentru această primă misiune în spațiul îndepărtat, director! Trebuie să vă laud, pentru că <style=""OBJ-Duna"">Duna</style> poate fi destul de… <i>captivant</i> cu nuanțele sale roșiatice și canioanele sale intrigante. Te lași ușor furat de peisaj."
Missions/Primary/MTE03/Debrief02,Text,,"Unfortunately, the probe didn’t detect any new signals emanating from <style=""OBJ-Duna"">Duna</style>. .Just the background noise of the cosmos. Communication with the probe was also a bit spotty. We experienced some intermittent signal loss. Are there <i>gremlins</i> in space? We’ll need to investigate that further.","Malheureusement, la sonde n'a détecté aucun nouveau signal émanant de <style=""OBJ-Duna"">Duna</style>. Juste le bruit de fond du cosmos. La communication avec la sonde a aussi été un peu irrégulière. Nous avons subi des pertes de signal intermittentes. Y aurait-il des <i>gremlins</i> dans l'espace ? Il faudra creuser la question.","Purtroppo la sonda non ha rilevato nessun nuovo segnale proveniente da <style=""OBJ-Duna"">Duna</style>. Solo il rumore di fondo del cosmo. Anche le comunicazioni con la sonda sono state un po' discontinue. Abbiamo avuto qualche perdita di segnale intermittente. Ci sono forse dei <i>gremlin</i> nello spazio? Dovremo indagare più a fondo.","Leider hat die Sonde keine neuen Signale von <style=""OBJ-Duna"">Duna</style> entdeckt. Nur das Hintergrundrauschen des Kosmos. Die Kommunikation mit der Sonde war auch etwas lückenhaft. Wir hatten zeitweise Signalverluste. Gibt es etwa <i>Gremlins</i> im Weltraum? Das müssen wir noch genauer untersuchen.","Por desgracia, la sonda no ha detectado ninguna señal nueva procedente de <style=""OBJ-Duna"">Duna</style>. Solo el ruido de fondo del cosmos. La comunicación con la sonda también ha sido algo irregular. Hemos sufrido pérdidas de señal intermitentes. ¿Habrá <i>gremlins</i> en el espacio? Tendremos que investigarlo más a fondo.","残念ながら、探査機は<style=""OBJ-Duna"">ドゥナ</style>から発せられる新たな信号を検出しませんでした。聞こえたのは宇宙の背景雑音だけです。探査機との通信も少し途切れがちでした。断続的に信号が途絶えたんです。宇宙には<i>グレムリン</i>でもいるんでしょうか？ さらに調査する必要がありますね。","안타깝게도 탐사선은 <style=""OBJ-Duna"">듀나</style>에서 나오는 새로운 신호를 감지하지 못했어요. 우주의 배경 잡음뿐이었어요. 탐사선과의 통신도 조금 불안정했어요. 간헐적으로 신호가 끊겼거든요. 우주에 <i>그렘린</i>이라도 있는 걸까요? 더 조사해 봐야겠어요.","Niestety sonda nie wykryła żadnych nowych sygnałów pochodzących z <style=""OBJ-Duna"">Duny</style>. Tylko szum tła kosmosu. Łączność z sondą też była trochę przerywana. Mieliśmy chwilowe utraty sygnału. Czyżby w kosmosie były <i>gremliny</i>? Będziemy musieli to dokładniej zbadać.","К сожалению, зонд не обнаружил новых сигналов с <style=""OBJ-Duna"">Дюны</style>. Только фоновый шум космоса. Связь с зондом тоже была немного прерывистой. Мы периодически теряли сигнал. Неужели в космосе водятся <i>гремлины</i>? Придется изучить это подробнее.","遗憾的是，探测器没有探测到任何来自<style=""OBJ-Duna"">Duna</style>的新信号。只有宇宙背景噪声。与探测器的通信也有点时断时续。我们遇到了间歇性的信号丢失。难道太空里有<i>小精灵</i>捣乱？我们得进一步调查。","Infelizmente, a sonda não detectou nenhum sinal novo vindo de <style=""OBJ-Duna"">Duna</style>. Só o ruído de fundo do cosmos. A comunicação com a sonda também ficou um pouco instável. Tivemos algumas perdas de sinal intermitentes. Será que existem <i>gremlins</i> no espaço? Vamos precisar investigar isso melhor.","可惜的是，探測器沒有偵測到任何來自<style=""OBJ-Duna"">杜納星</style>的新訊號。只有宇宙的背景雜訊。和探測器的通訊也有點斷斷續續的。我們遇到了間歇性的訊號中斷。難道太空裡有<i>小精靈</i>在搗蛋？我們得進一步調查。","Sadly, the probe didn't pick up any new signals comin' from <style=""OBJ-Duna"">Duna</style>. Just the background noise o' the cosmos. Talkin' with the probe was a mite spotty too. We lost the signal now an' again. Be there <i>gremlins</i> in space? We'll need to look into that.","Нажалост, сонда није открила нове сигнале са <style=""OBJ-Duna"">Дуне</style>. Само позадински шум космоса. Комуникација са сондом је такође била помало испрекидана. Повремено смо губили сигнал. Да нема можда <i>гремлина</i> у свемиру? Мораћемо то даље да истражимо.","Tyvärr upptäckte sonden inga nya signaler från <style=""OBJ-Duna"">Duna</style>. Bara kosmos bakgrundsbrus. Kommunikationen med sonden var också lite ryckig. Vi tappade signalen då och då. Finns det <i>gremlins</i> i rymden? Det måste vi undersöka närmare.","Din păcate, sonda nu a detectat niciun semnal nou provenind de la <style=""OBJ-Duna"">Duna</style>. Doar zgomotul de fond al cosmosului. Comunicarea cu sonda a fost și ea puțin intermitentă. Am avut pierderi de semnal din când în când. Să existe oare <i>spiriduși</i> în spațiu? Va trebui să investigăm mai departe."
Missions/Primary/MTE03/Debrief03,Text,,"But the most puzzling discovery came not from the signal, but from the observation of <style=""OBJ-Duna"">Duna</style> and its moon, <style=""OBJ-Ike"">Ike</style>. Our scientists have been analyzing the orbital data, and they’ve encountered something… <i>anomalous</i>.","Mais la découverte la plus déroutante n'est pas venue du signal : elle est venue de l'observation de <style=""OBJ-Duna"">Duna</style> et de sa lune, <style=""OBJ-Ike"">Ike</style>. Nos scientifiques analysent les données orbitales, et ils sont tombés sur quelque chose… d'<i>anormal</i>.","Ma la scoperta più sconcertante non è venuta dal segnale, bensì dall'osservazione di <style=""OBJ-Duna"">Duna</style> e della sua luna, <style=""OBJ-Ike"">Ike</style>. I nostri scienziati hanno analizzato i dati orbitali e si sono imbattuti in qualcosa di… <i>anomalo</i>.","Aber die rätselhafteste Entdeckung kam nicht vom Signal, sondern von der Beobachtung von <style=""OBJ-Duna"">Duna</style> und seinem Mond <style=""OBJ-Ike"">Ike</style>. Unsere Wissenschaftler haben die Bahndaten analysiert und sind auf etwas… <i>Anomales</i> gestoßen.","Pero el descubrimiento más desconcertante no ha venido de la señal, sino de la observación de <style=""OBJ-Duna"">Duna</style> y su luna, <style=""OBJ-Ike"">Ike</style>. Nuestros científicos han estado analizando los datos orbitales y se han topado con algo… <i>anómalo</i>.","でも、最も不可解な発見は信号からではなく、<style=""OBJ-Duna"">ドゥナ</style>とその月<style=""OBJ-Ike"">アイク</style>の観測からもたらされました。科学者たちが軌道データを分析していたところ、何か…<i>異常</i>なものに出くわしたんです。","하지만 가장 당혹스러운 발견은 신호가 아니라 <style=""OBJ-Duna"">듀나</style>와 그 위성 <style=""OBJ-Ike"">이케</style>를 관측한 데서 나왔어요. 과학자들이 궤도 데이터를 분석하다가 뭔가… <i>이상한</i> 것을 발견했어요.","Ale najbardziej zagadkowe odkrycie nie pochodziło z sygnału, tylko z obserwacji <style=""OBJ-Duna"">Duny</style> i jej księżyca, <style=""OBJ-Ike"">Ike</style>. Nasi naukowcy analizowali dane orbitalne i natrafili na coś… <i>anomalnego</i>.","Но самое загадочное открытие пришло не от сигнала, а из наблюдений за <style=""OBJ-Duna"">Дюной</style> и ее луной <style=""OBJ-Ike"">Айком</style>. Наши ученые анализировали орбитальные данные и наткнулись на нечто… <i>аномальное</i>.","不过最令人费解的发现并非来自信号，而是来自对<style=""OBJ-Duna"">Duna</style>和它的卫星<style=""OBJ-Ike"">Ike</style>的观测。我们的科学家一直在分析轨道数据，结果发现了一些……<i>异常</i>。","Mas a descoberta mais intrigante não veio do sinal, e sim da observação de <style=""OBJ-Duna"">Duna</style> e de sua lua, <style=""OBJ-Ike"">Ike</style>. Nossos cientistas têm analisado os dados orbitais e se depararam com algo… <i>anômalo</i>.","不過最令人費解的發現不是來自訊號，而是來自對<style=""OBJ-Duna"">杜納星</style>和它的衛星<style=""OBJ-Ike"">艾可星</style>的觀測。我們的科學家一直在分析軌道資料，結果發現了一些……<i>異常</i>的地方。","But the most puzzlin' find came not from the signal, but from watchin' <style=""OBJ-Duna"">Duna</style> an' its moon, <style=""OBJ-Ike"">Ike</style>. Our scientists been pourin' over the orbital data, an' they've run aground on somethin'… <i>anomalous</i>.","Али најзагонетније откриће није дошло од сигнала, већ од посматрања <style=""OBJ-Duna"">Дуне</style> и њеног месеца, <style=""OBJ-Ike"">Ајка</style>. Наши научници су анализирали орбиталне податке и наишли на нешто… <i>аномално</i>.","Men den mest förbryllande upptäckten kom inte från signalen, utan från observationerna av <style=""OBJ-Duna"">Duna</style> och dess måne <style=""OBJ-Ike"">Ike</style>. Våra forskare har analyserat banuppgifterna och stött på något… <i>avvikande</i>.","Dar cea mai uimitoare descoperire nu a venit din semnal, ci din observarea lui <style=""OBJ-Duna"">Duna</style> și a lunii sale, <style=""OBJ-Ike"">Ike</style>. Oamenii noștri de știință au analizat datele orbitale și au dat peste ceva… <i>anormal</i>."
Missions/Primary/MTE03/Debrief04,Text,,"The <style=""OBJ-Duna"">Duna</style>-<style=""OBJ-Ike"">Ike</style> system… it doesn’t seem to be entirely stable. <style=""OBJ-Ike"">Ike</style> is too massive. It’s as if some unseen force is holding them together, preventing them from drifting apart or colliding. They are locked in a strange dance, a dance that defies our current understanding of orbital mechanics. Is it some unknown gravitational phenomenon? Or could it be… something else?","Le système <style=""OBJ-Duna"">Duna</style>-<style=""OBJ-Ike"">Ike</style>… ne semble pas totalement stable. <style=""OBJ-Ike"">Ike</style> est trop massive. C'est comme si une force invisible les maintenait ensemble, les empêchant de s'éloigner l'une de l'autre ou d'entrer en collision. Elles sont prises dans une étrange danse, une danse qui défie notre compréhension actuelle de la mécanique orbitale. S'agit-il d'un phénomène gravitationnel inconnu ? Ou bien serait-ce… autre chose ?","Il sistema <style=""OBJ-Duna"">Duna</style>-<style=""OBJ-Ike"">Ike</style>… non sembra del tutto stabile. <style=""OBJ-Ike"">Ike</style> ha una massa eccessiva. È come se una forza invisibile li tenesse uniti, impedendo loro di allontanarsi o di scontrarsi. Sono intrappolati in una strana danza, una danza che sfida la nostra attuale comprensione della meccanica orbitale. Si tratta di un fenomeno gravitazionale sconosciuto? Oppure potrebbe essere… qualcos'altro?","Das <style=""OBJ-Duna"">Duna</style>-<style=""OBJ-Ike"">Ike</style>-System… scheint nicht ganz stabil zu sein. <style=""OBJ-Ike"">Ike</style> ist zu massereich. Es ist, als würde eine unsichtbare Kraft die beiden zusammenhalten und verhindern, dass sie auseinanderdriften oder kollidieren. Sie sind in einem seltsamen Tanz gefangen, einem Tanz, der unserem derzeitigen Verständnis der Bahnmechanik widerspricht. Handelt es sich um ein unbekanntes Gravitationsphänomen? Oder könnte es… etwas anderes sein?","El sistema <style=""OBJ-Duna"">Duna</style>-<style=""OBJ-Ike"">Ike</style>… no parece del todo estable. <style=""OBJ-Ike"">Ike</style> tiene demasiada masa. Es como si una fuerza invisible los mantuviera unidos, impidiendo que se separen o choquen. Están atrapados en una extraña danza, una danza que desafía lo que sabemos actualmente de mecánica orbital. ¿Será algún fenómeno gravitatorio desconocido? ¿O podría ser… otra cosa?","<style=""OBJ-Duna"">ドゥナ</style>と<style=""OBJ-Ike"">アイク</style>の系は…完全には安定していないようなんです。<style=""OBJ-Ike"">アイク</style>の質量が大きすぎるんです。まるで目に見えない力が2つをつなぎとめて、離れていったり衝突したりしないようにしているかのようです。2つは奇妙なダンスに囚われています。現在の軌道力学の理解では説明のつかないダンスです。未知の重力現象なんでしょうか？ それとも…何か別のものなんでしょうか？","<style=""OBJ-Duna"">듀나</style>-<style=""OBJ-Ike"">이케</style> 계는… 완전히 안정적이지 않은 것 같아요. <style=""OBJ-Ike"">이케</style>의 질량이 너무 커요. 마치 보이지 않는 힘이 둘을 붙잡아서 멀어지거나 충돌하지 못하게 막고 있는 것 같아요. 둘은 기묘한 춤에 갇혀 있어요. 궤도 역학에 대한 우리의 현재 이해로는 설명할 수 없는 춤이요. 미지의 중력 현상일까요? 아니면… 다른 무언가일까요?","Układ <style=""OBJ-Duna"">Duna</style>-<style=""OBJ-Ike"">Ike</style>… nie wydaje się całkiem stabilny. <style=""OBJ-Ike"">Ike</style> ma zbyt dużą masę. To tak, jakby jakaś niewidzialna siła trzymała je razem, nie pozwalając im się oddalić ani zderzyć. Są uwięzione w dziwnym tańcu, tańcu, który przeczy naszemu obecnemu rozumieniu mechaniki orbitalnej. Czy to jakieś nieznane zjawisko grawitacyjne? A może to… coś innego?","Система <style=""OBJ-Duna"">Дюна</style>-<style=""OBJ-Ike"">Айк</style>… похоже, не вполне стабильна. <style=""OBJ-Ike"">Айк</style> слишком массивен. Как будто некая невидимая сила удерживает их вместе, не давая им разойтись или столкнуться. Они застыли в странном танце, который противоречит нашему нынешнему пониманию орбитальной механики. Неизвестное гравитационное явление? Или это может быть… нечто иное?","<style=""OBJ-Duna"">Duna</style>-<style=""OBJ-Ike"">Ike</style>系统……似乎并不完全稳定。<style=""OBJ-Ike"">Ike</style>的质量太大了。就好像有一股看不见的力量把它们拴在一起，阻止它们彼此远离或者相撞。它们被困在一场奇异的舞蹈中，这场舞蹈挑战了我们目前对轨道力学的理解。这是某种未知的引力现象吗？还是说……另有其他东西？","O sistema <style=""OBJ-Duna"">Duna</style>-<style=""OBJ-Ike"">Ike</style>… não parece ser totalmente estável. <style=""OBJ-Ike"">Ike</style> tem massa demais. É como se alguma força invisível os mantivesse juntos, impedindo que se afastem ou colidam. Eles estão presos numa dança estranha, uma dança que desafia nossa compreensão atual da mecânica orbital. Será algum fenômeno gravitacional desconhecido? Ou poderia ser… outra coisa?","<style=""OBJ-Duna"">杜納星</style>-<style=""OBJ-Ike"">艾可星</style>系統……似乎不是完全穩定。<style=""OBJ-Ike"">艾可星</style>的質量太大了。就好像有一股看不見的力量把它們綁在一起，讓它們既不會漸行漸遠，也不會相撞。它們被困在一場奇特的舞蹈裡，這場舞蹈挑戰了我們目前對軌道力學的理解。這是某種未知的重力現象嗎？還是說……是別的什麼東西？","The <style=""OBJ-Duna"">Duna</style>-<style=""OBJ-Ike"">Ike</style> system… it don't seem entirely stable. <style=""OBJ-Ike"">Ike</style> be too massive. It be as if some unseen force be holdin' them together, keepin' them from driftin' apart or crashin' together. They be locked in a strange dance, a dance that defies all we know o' orbital mechanics. Be it some unknown gravitational phenomenon? Or could it be… somethin' else?","Систем <style=""OBJ-Duna"">Дуна</style>-<style=""OBJ-Ike"">Ајк</style>… изгледа да није сасвим стабилан. <style=""OBJ-Ike"">Ајк</style> има превелику масу. Као да их нека невидљива сила држи заједно, спречавајући их да се удаље или сударе. Заробљени су у чудном плесу, плесу који пркоси нашем тренутном разумевању орбиталне механике. Да ли је то неки непознати гравитациони феномен? Или би то могло бити… нешто друго?","Systemet <style=""OBJ-Duna"">Duna</style>-<style=""OBJ-Ike"">Ike</style>… verkar inte vara helt stabilt. <style=""OBJ-Ike"">Ike</style> är för massiv. Det är som om en osynlig kraft håller ihop dem och hindrar dem från att glida isär eller kollidera. De är fångade i en märklig dans, en dans som trotsar vår nuvarande förståelse av banmekanik. Är det något okänt gravitationsfenomen? Eller kan det vara… något annat?","Sistemul <style=""OBJ-Duna"">Duna</style>-<style=""OBJ-Ike"">Ike</style>… nu pare să fie complet stabil. <style=""OBJ-Ike"">Ike</style> are o masă prea mare. E ca și cum o forță nevăzută le-ar ține împreună, împiedicându-le să se îndepărteze sau să se ciocnească. Sunt prinse într-un dans ciudat, un dans care sfidează înțelegerea noastră actuală a mecanicii orbitale. Să fie vreun fenomen gravitațional necunoscut? Sau ar putea fi… altceva?"
Missions/Primary/MTE03/Debrief05,Text,,"We now have two mysteries to unravel. The cosmos, it seems, is full of surprises. And we’re just getting started.","Nous avons maintenant deux mystères à élucider. Le cosmos, semble-t-il, est plein de surprises. Et nous ne faisons que commencer.","Ora abbiamo due misteri da svelare. A quanto pare, il cosmo è pieno di sorprese. E abbiamo appena cominciato.","Jetzt haben wir zwei Rätsel zu lösen. Der Kosmos steckt anscheinend voller Überraschungen. Und wir fangen gerade erst an.","Ahora tenemos dos misterios que resolver. Al parecer, el cosmos está lleno de sorpresas. Y esto no ha hecho más que empezar.","これで解き明かすべき謎が2つになりました。宇宙はどうやら驚きに満ちているようです。そして、私たちはまだ始めたばかりです。","이제 풀어야 할 수수께끼가 두 개가 되었어요. 우주는 놀라움으로 가득한 것 같아요. 그리고 우리는 이제 막 시작했을 뿐이에요.","Mamy teraz do rozwiązania dwie zagadki. Kosmos, jak widać, jest pełen niespodzianek. A my dopiero zaczynamy.","Теперь у нас две загадки. Космос, похоже, полон сюрпризов. А мы ведь только начинаем.","现在我们有两个谜团要解开了。看来宇宙充满了惊喜。而我们才刚刚起步。","Agora temos dois mistérios para desvendar. O cosmos, ao que parece, está cheio de surpresas. E estamos só começando.","現在我們有兩個謎團要解開了。看來宇宙充滿了驚喜。而我們才剛起步而已。","Now we have two mysteries to unravel. The cosmos, it seems, be full o' surprises. An' we be just gettin' started.","Сада имамо две мистерије да разрешимо. Космос је, изгледа, пун изненађења. А тек смо почели.","Nu har vi två mysterier att lösa. Kosmos är tydligen fullt av överraskningar. Och vi har bara börjat.","Acum avem două mistere de dezlegat. Cosmosul, se pare, e plin de surprize. Iar noi abia am început."

Missions/Secondary/MTES01/Name,Text,,"The Ice Spy","L'espion des glaces","La spia dei ghiacci","Der Eisspion","El espía del hielo","氷のスパイ","얼음 스파이","Lodowy szpieg","Ледяной шпион","冰原间谍","O espião do gelo","冰原間諜","The Ice Spy","Ледени шпијун","Isspionen","Spionul gheții"
Missions/Secondary/MTES01/Description,Text,,"What does the North Pole look like exactly? Time to find out!","À quoi ressemble exactement le pôle Nord ? Il est temps de le découvrir !","Che aspetto ha esattamente il Polo Nord? È ora di scoprirlo!","Wie sieht der Nordpol eigentlich genau aus? Zeit, es herauszufinden!","¿Cómo es exactamente el polo norte? ¡Ha llegado la hora de averiguarlo!","北極は実際どんな姿をしているんでしょう？ 確かめに行きましょう！","북극은 정확히 어떻게 생겼을까요? 알아볼 시간이에요!","Jak dokładnie wygląda biegun północny? Pora się przekonać!","Как же на самом деле выглядит Северный полюс? Пора узнать!","北极究竟是什么样子？是时候去一探究竟了！","Como é exatamente o Polo Norte? Hora de descobrir!","北極到底長什麼樣子？該去一探究竟了！","What does the North Pole look like, exactly? Time to find out!","Како тачно изгледа Северни пол? Време је да сазнамо!","Hur ser Nordpolen egentligen ut? Dags att ta reda på det!","Cum arată de fapt Polul Nord? E timpul să aflăm!"
Missions/Secondary/MTES01/Objective,Text,,"Achieve an orbit around Kerbin with a 90 degree inclinaison.","Atteindre une orbite autour de Kerbin avec une inclinaison de 90 degrés.","Raggiungi un'orbita intorno a Kerbin con un'inclinazione di 90 gradi.","Erreiche eine Umlaufbahn um Kerbin mit einer Inklination von 90 Grad.","Alcanza una órbita alrededor de Kerbin con una inclinación de 90 grados.","カービンの周りを軌道傾斜角90度で周回する軌道に乗る。","궤도 경사각 90도로 커빈 궤도에 진입하세요.","Wejdź na orbitę wokół Kerbina o inklinacji 90 stopni.","Выйдите на орбиту вокруг Кербина с наклонением 90 градусов.","以90度倾角进入环绕Kerbin的轨道。","Alcance uma órbita ao redor de Kerbin com inclinação de 90 graus.","以90度傾角進入環繞坎巴拉星的軌道。","Get into orbit 'round Kerbin with a 90 degree inclination.","Постигните орбиту око Кербина са нагибом од 90 степени.","Nå en omloppsbana runt Kerbin med en inklination på 90 grader.","Atingeți o orbită în jurul lui Kerbin cu o înclinație de 90 de grade."
Missions/Secondary/MTES01/Brief01,Text,,"Director, I've been doing some… <i>very</i> important research here at <style=""KSC-Mission-Control"">Mission Control</style>. Specifically, I've been staring at maps of <style=""OBJ-Kerbin"">Kerbin</style>. And I've noticed something… peculiar.","Directeur, j'ai mené des recherches… <i>très</i> importantes ici, au <style=""KSC-Mission-Control"">Contrôle mission</style>. Plus précisément, j'ai passé du temps à fixer des cartes de <style=""OBJ-Kerbin"">Kerbin</style>. Et j'ai remarqué quelque chose de… curieux.","Direttore, sto conducendo delle ricerche… <i>molto</i> importanti qui al <style=""KSC-Mission-Control"">Controllo Missioni</style>. Nello specifico, ho passato del tempo a fissare le mappe di <style=""OBJ-Kerbin"">Kerbin</style>. E ho notato qualcosa di… curioso.","Direktor, ich habe hier im <style=""KSC-Mission-Control"">Missionszentrum</style> einige… <i>sehr</i> wichtige Forschungen betrieben. Genauer gesagt habe ich auf Karten von <style=""OBJ-Kerbin"">Kerbin</style> gestarrt. Und dabei ist mir etwas… Merkwürdiges aufgefallen.","Dire, he estado haciendo una investigación… <i>muy</i> importante aquí en <style=""KSC-Mission-Control"">Control de misión</style>. En concreto, he estado mirando fijamente mapas de <style=""OBJ-Kerbin"">Kerbin</style>. Y me he dado cuenta de algo… curioso.","所長、ここ<style=""KSC-Mission-Control"">ミッションコントロールセンター</style>で…<i>とても</i>重要な研究をしていたんです。具体的には、<style=""OBJ-Kerbin"">カービン</style>の地図をじっと見つめていました。そして、何か…奇妙なことに気づいたんです。","국장님, 여기 <style=""KSC-Mission-Control"">우주 비행 관제소</style>에서… <i>아주</i> 중요한 연구를 하고 있었어요. 정확히 말하면 <style=""OBJ-Kerbin"">커빈</style>의 지도를 뚫어지게 쳐다보고 있었죠. 그리고 뭔가… 특이한 점을 발견했어요.","Dyrektorze, prowadziłam tu, w <style=""KSC-Mission-Control"">kontroli misji</style>, pewne… <i>bardzo</i> ważne badania. Konkretnie rzecz biorąc, wpatrywałam się w mapy <style=""OBJ-Kerbin"">Kerbina</style>. I zauważyłam coś… osobliwego.","Директор, я провела здесь, в <style=""KSC-Mission-Control"">Центре аэрокосмических программ</style>, несколько… <i>очень</i> важных исследований. А именно — я разглядывала карты <style=""OBJ-Kerbin"">Кербина</style>. И заметила кое-что… любопытное.","局长，我一直在<style=""KSC-Mission-Control"">任务控制中心</style>做一些……<i>非常</i>重要的研究。具体来说，就是盯着<style=""OBJ-Kerbin"">Kerbin</style>的地图看。然后我注意到了一件……奇怪的事。","Diretor, tenho feito umas pesquisas… <i>muito</i> importantes aqui no <style=""KSC-Mission-Control"">Controle de Missão</style>. Mais especificamente, fiquei encarando mapas de <style=""OBJ-Kerbin"">Kerbin</style>. E notei algo… peculiar.","總監，我一直在<style=""KSC-Mission-Control"">任務控制中心</style>做一些……<i>非常</i>重要的研究。具體來說，就是盯著<style=""OBJ-Kerbin"">坎巴拉星</style>的地圖看。然後我注意到一件……奇怪的事。","Cap'n, I been doin' some… <i>very</i> important research here at <style=""KSC-Mission-Control"">Mission Control</style>. Specifically, I been starin' at charts o' <style=""OBJ-Kerbin"">Kerbin</style>. An' I've noticed somethin'… peculiar.","Директоре, овде у <style=""KSC-Mission-Control"">Контроли мисије</style> обављала сам нека… <i>веома</i> важна истраживања. Тачније, буљила сам у мапе <style=""OBJ-Kerbin"">Кербина</style>. И приметила сам нешто… необично.","Chefen, jag har bedrivit lite… <i>mycket</i> viktig forskning här på <style=""KSC-Mission-Control"">Uppdragskontrollen</style>. Närmare bestämt har jag stirrat på kartor över <style=""OBJ-Kerbin"">Kerbin</style>. Och jag har lagt märke till något… egendomligt.","Director, am făcut niște cercetări… <i>foarte</i> importante aici, la <style=""KSC-Mission-Control"">Controlul Misiunii</style>. Mai exact, m-am tot uitat la hărțile lui <style=""OBJ-Kerbin"">Kerbin</style>. Și am observat ceva… ciudat."
Missions/Secondary/MTES01/Brief02,Text,,"The North Pole.","Le pôle Nord.","Il Polo Nord.","Der Nordpol.","El polo norte.","北極です。","북극이요.","Biegun północny.","Северный полюс.","北极。","O Polo Norte.","北極。","The North Pole.","Северни пол.","Nordpolen.","Polul Nord."
Missions/Secondary/MTES01/Brief03,Text,,"It's just… there. All snowy and… whity. We know very little about its composition. How big is it? What is its temperature? Is it made of sugar?","Il est juste… là. Tout enneigé et… tout blanc. Nous savons très peu de choses sur sa composition. Quelle est sa taille ? Quelle est sa température ? Est-il fait de sucre ?","È solo… lì. Tutto innevato e… biancastro. Sappiamo pochissimo sulla sua composizione. Quanto è grande? Che temperatura ha? È fatto di zucchero?","Er ist einfach… da. Ganz verschneit und… weißlich. Wir wissen sehr wenig über seine Zusammensetzung. Wie groß ist er? Wie hoch ist seine Temperatur? Besteht er aus Zucker?","Está ahí… sin más. Todo nevado y… blanquecino. Sabemos muy poco sobre su composición. ¿Qué tamaño tiene? ¿A qué temperatura está? ¿Está hecho de azúcar?","ただ…そこにあるんです。雪に覆われて…真っ白で。その組成についてはほとんど何もわかっていません。どのくらいの大きさなのか？ 温度は何度なのか？ 砂糖でできているのか？","그냥… 거기 있어요. 온통 눈으로 덮여서… 새하얗게요. 그 구성에 대해서는 아는 게 거의 없어요. 얼마나 클까요? 온도는 몇 도일까요? 설탕으로 만들어졌을까요?","On po prostu… tam jest. Cały ośnieżony i… biały. Bardzo mało wiemy o jego składzie. Jak jest duży? Jaką ma temperaturę? Czy jest zrobiony z cukru?","Он просто… есть. Весь заснеженный и… беленький. Мы очень мало знаем о его составе. Какого он размера? Какая там температура? Может, он сделан из сахара?","它就……在那儿。白雪皑皑，而且……白茫茫的。我们对它的组成几乎一无所知。它有多大？温度是多少？它是糖做的吗？","Ele simplesmente… está lá. Todo nevado e… branquinho. Sabemos muito pouco sobre a composição dele. Qual é o tamanho? Qual é a temperatura? Ele é feito de açúcar?","它就……在那裡。到處都是雪，而且……白茫茫的。我們對它的組成幾乎一無所知。它有多大？溫度是多少？它是糖做的嗎？","It be just… there. All snowy an'… white as a sail. We know precious little about what it's made of. How big be it? How cold be it? Be it made o' sugar?","Он је просто… ту. Сав завејан и… беличаст. Веома мало знамо о његовом саставу. Колики је? Колика му је температура? Да ли је направљен од шећера?","Den bara… finns där. Helt snötäckt och… vitaktig. Vi vet väldigt lite om vad den består av. Hur stor är den? Vilken temperatur har den? Är den gjord av socker?","E pur și simplu… acolo. Tot înzăpezit și… albicios. Știm foarte puțin despre compoziția lui. Cât de mare este? Ce temperatură are? Este făcut din zahăr?"
Missions/Secondary/MTES01/Brief04,Text,,"So, I’ve devised a new mission, one that will strengthen our scientific knowledge. You need to fly over the North Pole so that we can have a look at the situation. A <i>polar</i> orbit, you ask? Yes!
<style=""TXT-Objective"">Achieve an orbit around <style=""OBJ-Kerbin"">Kerbin</style> with a 90 degree inclinaison.</style>","J'ai donc imaginé une nouvelle mission, qui renforcera nos connaissances scientifiques. Vous devez survoler le pôle Nord pour que nous puissions jeter un œil à la situation. Une orbite <i>polaire</i>, me demandez-vous ? Exactement !
<style=""TXT-Objective"">Atteignez une orbite autour de <style=""OBJ-Kerbin"">Kerbin</style> avec une inclinaison de 90 degrés.</style>","Così ho ideato una nuova missione, che rafforzerà le nostre conoscenze scientifiche. Devi sorvolare il Polo Nord, così potremo dare un'occhiata alla situazione. Un'orbita <i>polare</i>, mi chiedi? Esatto!
<style=""TXT-Objective"">Raggiungi un'orbita intorno a <style=""OBJ-Kerbin"">Kerbin</style> con un'inclinazione di 90 gradi.</style>","Also habe ich eine neue Mission ausgearbeitet, die unser wissenschaftliches Wissen erweitern wird. Du musst über den Nordpol fliegen, damit wir uns die Lage ansehen können. Eine <i>polare</i> Umlaufbahn, fragst du? Genau!
<style=""TXT-Objective"">Erreiche eine Umlaufbahn um <style=""OBJ-Kerbin"">Kerbin</style> mit einer Inklination von 90 Grad.</style>","Así que he ideado una nueva misión que ampliará nuestro conocimiento científico. Tienes que sobrevolar el polo norte para que podamos echar un vistazo a la situación. ¿Una órbita <i>polar</i>, preguntas? ¡Exacto!
<style=""TXT-Objective"">Alcanza una órbita alrededor de <style=""OBJ-Kerbin"">Kerbin</style> con una inclinación de 90 grados.</style>","そこで、私たちの科学的知識を深める新しいミッションを考えました。状況を見られるように、北極の上空を飛んでほしいんです。<i>極</i>軌道かって？ その通りです！
<style=""TXT-Objective""><style=""OBJ-Kerbin"">カービン</style>の周りを軌道傾斜角90度で周回する軌道に乗ってください。</style>","그래서 우리의 과학 지식을 넓혀 줄 새로운 임무를 고안했어요. 상황을 살펴볼 수 있도록 북극 상공을 비행해 주셔야 해요. <i>극</i>궤도냐고요? 맞아요!
<style=""TXT-Objective"">궤도 경사각 90도로 <style=""OBJ-Kerbin"">커빈</style> 궤도에 진입하세요.</style>","Wymyśliłam więc nową misję, która poszerzy naszą wiedzę naukową. Musisz przelecieć nad biegunem północnym, żebyśmy mogli przyjrzeć się sytuacji. Orbita <i>polarna</i>, pytasz? Tak jest!
<style=""TXT-Objective"">Wejdź na orbitę wokół <style=""OBJ-Kerbin"">Kerbina</style> o inklinacji 90 stopni.</style>","Так что я придумала новую миссию, которая расширит наши научные знания. Вам нужно пролететь над Северным полюсом, чтобы мы могли оценить обстановку. <i>Полярная</i> орбита, спросите вы? Именно!
<style=""TXT-Objective"">Выйдите на орбиту вокруг <style=""OBJ-Kerbin"">Кербина</style> с наклонением 90 градусов.</style>","所以我设计了一项新任务，可以丰富我们的科学知识。你需要飞越北极上空，好让我们看看那里的情况。你问是<i>极地</i>轨道吗？没错！
<style=""TXT-Objective"">以90度倾角进入环绕<style=""OBJ-Kerbin"">Kerbin</style>的轨道。</style>","Então bolei uma nova missão, que vai fortalecer nosso conhecimento científico. Você precisa sobrevoar o Polo Norte para que a gente possa dar uma olhada na situação. Uma órbita <i>polar</i>, você pergunta? Isso mesmo!
<style=""TXT-Objective"">Alcance uma órbita ao redor de <style=""OBJ-Kerbin"">Kerbin</style> com inclinação de 90 graus.</style>","所以我設計了一項新任務，可以加強我們的科學知識。你需要飛越北極上空，讓我們看看那裡的情況。你問是<i>極地</i>軌道嗎？沒錯！
<style=""TXT-Objective"">以90度傾角進入環繞<style=""OBJ-Kerbin"">坎巴拉星</style>的軌道。</style>","So I've cooked up a new voyage, one that'll fill our holds with scientific knowledge. Ye need to sail over the North Pole so we can have a look at the situation. A <i>polar</i> orbit, ye ask? Aye!
<style=""TXT-Objective"">Get into orbit 'round <style=""OBJ-Kerbin"">Kerbin</style> with a 90 degree inclination.</style>","Зато сам осмислила нову мисију, која ће ојачати наше научно знање. Морате да прелетите изнад Северног пола да бисмо могли да погледамо ситуацију. <i>Поларна</i> орбита, питате? Тако је!
<style=""TXT-Objective"">Постигните орбиту око <style=""OBJ-Kerbin"">Кербина</style> са нагибом од 90 степени.</style>","Så jag har tagit fram ett nytt uppdrag, ett som kommer att stärka vår vetenskapliga kunskap. Du måste flyga över Nordpolen så att vi kan ta en titt på läget. En <i>polär</i> omloppsbana, frågar du? Precis!
<style=""TXT-Objective"">Nå en omloppsbana runt <style=""OBJ-Kerbin"">Kerbin</style> med en inklination på 90 grader.</style>","Așa că am pus la punct o nouă misiune, care ne va consolida cunoștințele științifice. Trebuie să zburați deasupra Polului Nord ca să putem arunca o privire la situație. O orbită <i>polară</i>, întrebați? Exact!
<style=""TXT-Objective"">Atingeți o orbită în jurul lui <style=""OBJ-Kerbin"">Kerbin</style> cu o înclinație de 90 de grade.</style>"
Missions/Secondary/MTES01/Brief05,Text,,"Good luck, and don’t do anything… <i>polarizing</i>!","Bonne chance, et ne faites rien de trop… <i>polarisant</i> !","Buona fortuna, e non fare niente di troppo… <i>polarizzante</i>!","Viel Glück, und tu nichts allzu… <i>Polarisierendes</i>!","¡Buena suerte, y no hagas nada demasiado… <i>polarizador</i>!","幸運を祈ります。くれぐれも…<i>両極端</i>なことはしないでくださいね！","행운을 빌어요. 너무… <i>극단적인</i> 일은 하지 마세요!","Powodzenia i nie rób niczego zbyt… <i>polaryzującego</i>!","Удачи, и не делайте ничего слишком… <i>полярного</i>!","祝你好运，别做什么太……<i>两极分化</i>的事！","Boa sorte, e não faça nada muito… <i>polarizador</i>!","祝你好運，別做什麼太……<i>兩極化</i>的事喔！","Fair winds, an' don't do anythin'… <i>polarizin'</i>!","Срећно, и немојте радити ништа превише… <i>поларизујуће</i>!","Lycka till, och gör inget alltför… <i>polariserande</i>!","Mult noroc și nu faceți nimic prea… <i>polarizant</i>!"
Missions/Secondary/MTES01/Debrief01,Text,,"By my stars, the pictures you sent us confirmed what I suspected all along! The North Pole is a vast expanse of frozen water! Not sugar, as some… <i>less informed</i> individuals might have speculated. Which is fine, I never put sugar in my coffee. It’s a great day for accurate cartography!","Par toutes les étoiles, les photos que vous nous avez envoyées confirment ce que je soupçonnais depuis le début ! Le pôle Nord est une vaste étendue d'eau gelée ! Pas de sucre, comme certains individus… <i>moins bien informés</i> l'avaient supposé. Ce qui me va très bien, je ne mets jamais de sucre dans mon café. C'est un grand jour pour la cartographie de précision !","Per tutte le stelle, le foto che ci hai mandato confermano ciò che sospettavo fin dall'inizio! Il Polo Nord è una vasta distesa di acqua ghiacciata! Non zucchero, come alcuni individui… <i>meno informati</i> avevano ipotizzato. Il che mi va benissimo, non metto mai zucchero nel caffè. È un gran giorno per la cartografia accurata!","Bei allen Sternen, die Bilder, die du uns geschickt hast, bestätigen, was ich die ganze Zeit vermutet habe! Der Nordpol ist eine riesige Fläche aus gefrorenem Wasser! Nicht aus Zucker, wie einige… <i>weniger informierte</i> Personen vermutet haben. Was mir nur recht ist, ich nehme nie Zucker in den Kaffee. Ein großer Tag für die genaue Kartografie!","¡Por todas las estrellas, las fotos que nos has enviado confirman lo que sospechaba desde el principio! ¡El polo norte es una vasta extensión de agua congelada! No de azúcar, como algunos individuos… <i>menos informados</i> habían especulado. Cosa que me parece estupenda, porque nunca le echo azúcar al café. ¡Es un gran día para la cartografía precisa!","なんということでしょう、送ってもらった写真が、私がずっと疑っていたことを裏付けてくれました！ 北極は凍った水の広大な広がりなんです！ 一部の…<i>あまり事情に詳しくない</i>人たちが推測していたような砂糖じゃありません。それで結構です、私はコーヒーに砂糖を入れませんから。正確な地図作りにとって素晴らしい日です！","세상에, 보내 주신 사진이 제가 처음부터 의심했던 걸 확인해 줬어요! 북극은 얼어붙은 물로 된 광활한 지대예요! 일부… <i>잘 모르는</i> 사람들이 추측했던 것처럼 설탕이 아니에요. 그거야 상관없어요, 저는 커피에 설탕을 안 넣으니까요. 정확한 지도 제작에 있어 위대한 날이에요!","Na wszystkie gwiazdy, zdjęcia, które nam przesłałeś, potwierdzają to, co podejrzewałam od samego początku! Biegun północny to ogromna połać zamarzniętej wody! Nie cukru, jak spekulowały niektóre… <i>gorzej poinformowane</i> osoby. Co mi zupełnie odpowiada, bo nigdy nie słodzę kawy. To wielki dzień dla dokładnej kartografii!","Звезды небесные, присланные вами снимки подтвердили то, что я подозревала с самого начала! Северный полюс — это огромное пространство замерзшей воды! Не сахар, как предполагали некоторые… <i>менее осведомленные</i> личности. Что меня вполне устраивает: я никогда не кладу сахар в кофе. Великий день для точной картографии!","我的天哪，你发回来的照片证实了我一直以来的猜测！北极是一大片冻结的水！不是某些……<i>消息不太灵通</i>的人所推测的糖。这倒也无所谓，反正我喝咖啡从来不加糖。今天是精确制图的伟大日子！","Pelas estrelas, as fotos que você nos mandou confirmaram o que eu suspeitava desde o início! O Polo Norte é uma vasta extensão de água congelada! Não de açúcar, como alguns indivíduos… <i>menos informados</i> especularam. O que, aliás, não me incomoda, já que eu nunca coloco açúcar no café. É um grande dia para a cartografia precisa!","我的天啊，你傳回來的照片證實了我一直以來的猜測！北極是一大片結凍的水！不是某些……<i>消息不太靈通</i>的人猜的糖。這倒無所謂，反正我喝咖啡從不加糖。今天是精確製圖的偉大日子！","Shiver me timbers, the pictures ye sent confirmed what I suspected all along! The North Pole be a vast stretch o' frozen water! Not sugar, as some… <i>less informed</i> landlubbers might've guessed. Which be fine, I never put sugar in me coffee. It be a grand day fer accurate chartmakin'!","Звезда ми, слике које сте нам послали потврдиле су оно што сам све време сумњала! Северни пол је огромно пространство залеђене воде! Не шећера, како су неки… <i>мање обавештени</i> појединци нагађали. Што је у реду, ја никад не стављам шећер у кафу. Ово је велики дан за прецизну картографију!","Milda stjärnor, bilderna du skickade bekräftade det jag misstänkt hela tiden! Nordpolen är en vidsträckt yta av fruset vatten! Inte socker, som vissa… <i>mindre insatta</i> personer kanske hade spekulerat i. Vilket är helt i sin ordning, jag tar aldrig socker i kaffet. Det är en stor dag för noggrann kartografi!","Pe toate stelele, fotografiile pe care ni le-ați trimis au confirmat ce bănuiam de la bun început! Polul Nord este o întindere vastă de apă înghețată! Nu de zahăr, cum poate au speculat unii indivizi… <i>mai puțin informați</i>. Ceea ce mi se potrivește perfect, oricum nu pun niciodată zahăr în cafea. E o zi mare pentru cartografia precisă!"
Missions/Secondary/MTES01/Debrief02,Text,,"You’ve proven that you can handle even the most demanding orbital maneuvers, Director. A polar orbit is no small feat!","Vous avez prouvé que vous saviez gérer même les manœuvres orbitales les plus exigeantes, directeur. Une orbite polaire, ce n'est pas rien !","Hai dimostrato di saper gestire anche le manovre orbitali più impegnative, direttore. Un'orbita polare non è cosa da poco!","Du hast bewiesen, dass du selbst die anspruchsvollsten Bahnmanöver meisterst, Direktor. Eine polare Umlaufbahn ist keine Kleinigkeit!","Has demostrado que eres capaz de realizar hasta las maniobras orbitales más exigentes, dire. ¡Una órbita polar no es moco de pavo!","所長は最も難しい軌道マニューバでさえこなせることを証明しました。極軌道は並大抵のことじゃありません！","국장님은 가장 까다로운 궤도 기동도 해낼 수 있다는 걸 증명하셨어요. 극궤도는 결코 쉬운 일이 아니죠!","Udowodniłeś, że radzisz sobie nawet z najbardziej wymagającymi manewrami orbitalnymi, dyrektorze. Orbita polarna to nie byle co!","Вы доказали, что справляетесь даже с самыми сложными орбитальными маневрами, директор. Полярная орбита — это не шутки!","你证明了自己连最高难度的轨道机动都能驾驭，局长。极地轨道可不是小事！","Você provou que consegue lidar até com as manobras orbitais mais exigentes, Diretor. Uma órbita polar não é pouca coisa!","你證明了自己連最困難的軌道機動都難不倒，總監。極地軌道可不是小事！","Ye've proven ye can handle even the most demandin' orbital maneuvers, Cap'n. A polar orbit be no small feat!","Доказали сте да можете да изведете и најзахтевније орбиталне маневре, директоре. Поларна орбита није мала ствар!","Du har bevisat att du klarar även de mest krävande banmanövrarna, chefen. En polär omloppsbana är ingen småsak!","Ați dovedit că puteți face față chiar și celor mai pretențioase manevre orbitale, director. O orbită polară nu e un lucru mărunt!"
Missions/Secondary/MTES01/Debrief03,Text,,"Now, this has given me an idea. These images are just a starting point. We’ve only scratched the surface, so to speak. There’s so much more to learn about the polar regions. The ice thickness, the underlying geology, the atmospheric conditions… it’s a treasure trove of scientific data waiting to be uncovered.","Et ça m'a donné une idée. Ces images ne sont qu'un point de départ. Nous n'avons fait qu'effleurer la surface, si j'ose dire. Il y a encore tant à apprendre sur les régions polaires. L'épaisseur de la glace, la géologie sous-jacente, les conditions atmosphériques… c'est une mine de données scientifiques qui ne demandent qu'à être découvertes.","E questo mi ha dato un'idea. Queste immagini sono solo un punto di partenza. Abbiamo solo scalfito la superficie, per così dire. C'è ancora tanto da scoprire sulle regioni polari. Lo spessore del ghiaccio, la geologia sottostante, le condizioni atmosferiche… è una miniera di dati scientifici che aspettano solo di essere scoperti.","Das hat mich auf eine Idee gebracht. Diese Bilder sind nur ein Anfang. Wir haben sozusagen nur an der Oberfläche gekratzt. Es gibt noch so viel über die Polarregionen zu lernen. Die Eisdicke, die darunterliegende Geologie, die atmosphärischen Bedingungen… eine wahre Schatzkammer wissenschaftlicher Daten, die nur darauf wartet, entdeckt zu werden.","Y esto me ha dado una idea. Estas imágenes son solo el punto de partida. Apenas hemos arañado la superficie, por así decirlo. Queda muchísimo por aprender sobre las regiones polares. El grosor del hielo, la geología subyacente, las condiciones atmosféricas… es un tesoro de datos científicos esperando a ser descubierto.","それで、ひとつアイデアが浮かびました。これらの画像は出発点にすぎません。言ってみれば、まだ表面をなぞっただけです。極地についてはまだまだ学ぶべきことがたくさんあります。氷の厚さ、その下の地質、大気の状態…発見を待っている科学データの宝庫なんです。","그리고 이걸 보니 아이디어가 떠올랐어요. 이 사진들은 시작에 불과해요. 말하자면 겉만 핥은 셈이죠. 극지방에 대해서는 아직 배울 게 정말 많아요. 얼음 두께, 그 아래의 지질, 대기 조건… 발견되기를 기다리는 과학 데이터의 보물창고예요.","I to podsunęło mi pewien pomysł. Te zdjęcia to dopiero punkt wyjścia. Można powiedzieć, że ledwie zarysowaliśmy powierzchnię. O regionach polarnych jest jeszcze tyle do odkrycia. Grubość lodu, geologia pod spodem, warunki atmosferyczne… to skarbnica danych naukowych, które tylko czekają na odkrycie.","И это навело меня на мысль. Эти снимки — только отправная точка. Мы, так сказать, лишь поскребли поверхность. О полярных регионах предстоит узнать еще очень многое. Толщина льда, геология под ним, атмосферные условия… это кладезь научных данных, которые только и ждут, чтобы их открыли.","这让我想到了一个主意。这些图像只是一个起点。可以说，我们只是触及了皮毛。关于极地地区，还有太多需要了解的东西。冰层厚度、底下的地质情况、大气条件……这是一座等待发掘的科学数据宝库。","E isso me deu uma ideia. Essas imagens são só um ponto de partida. Mal arranhamos a superfície, por assim dizer. Há muito mais a aprender sobre as regiões polares. A espessura do gelo, a geologia por baixo, as condições atmosféricas… é um tesouro de dados científicos esperando para ser descoberto.","這讓我想到一個點子。這些影像只是起點。可以說，我們只摸到了皮毛而已。關於極地，還有好多東西要學。冰層厚度、底下的地質、大氣狀況……這是一座等著被發掘的科學資料寶庫。","Now, this has given me an idea. These pictures be just a startin' point. We've only scratched the surface, so to speak. There be so much more to learn about the polar regions. The ice thickness, the rock beneath, the weather up there… it be a treasure chest o' scientific data waitin' to be dug up.","То ми је дало идеју. Ове слике су само полазна тачка. Тек смо загребали површину, да тако кажем. Има још толико тога да се научи о поларним пределима. Дебљина леда, геологија испод њега, атмосферски услови… то је ризница научних података која чека да буде откривена.","Och det här har gett mig en idé. De här bilderna är bara en början. Vi har bara skrapat på ytan, så att säga. Det finns så mycket mer att lära sig om polarområdena. Isens tjocklek, den underliggande geologin, de atmosfäriska förhållandena… det är en skattkista av vetenskapliga data som väntar på att upptäckas.","Și asta mi-a dat o idee. Aceste imagini sunt doar un punct de plecare. Abia am zgâriat suprafața, ca să zic așa. Mai sunt atâtea de aflat despre regiunile polare. Grosimea gheții, geologia de dedesubt, condițiile atmosferice… e o comoară de date științifice care așteaptă să fie descoperită."
Missions/Secondary/MTES01/Debrief04,Text,,"Come back in a few while I set up a new mission!","Revenez dans un moment, le temps que je prépare une nouvelle mission !","Torna tra un po', intanto preparo una nuova missione!","Komm in einer Weile wieder, während ich eine neue Mission vorbereite!","¡Vuelve dentro de un rato mientras preparo una nueva misión!","新しいミッションを準備する間、少ししたらまた来てください！","새로운 임무를 준비하는 동안 잠시 후에 다시 오세요!","Wróć za jakiś czas, a ja w tym czasie przygotuję nową misję!","Загляните чуть позже, а я пока подготовлю новую миссию!","过一会儿再来吧，我先准备一项新任务！","Volte daqui a pouco, enquanto eu preparo uma nova missão!","過一陣子再來吧，我先準備一項新任務！","Come back in a while, once I've set up a new voyage!","Вратите се мало касније, док ја припремим нову мисију!","Kom tillbaka om en stund medan jag förbereder ett nytt uppdrag!","Reveniți peste puțin timp, cât pregătesc o nouă misiune!"

Missions/Secondary/MTES02/Name,Text,,"Polar Reconnaissance","Reconnaissance polaire","Ricognizione polare","Polare Erkundung","Reconocimiento polar","極地偵察","극지 정찰","Rekonesans polarny","Полярная разведка","极地侦察","Reconhecimento polar","極地偵察","Polar Scoutin'","Поларно извиђање","Polarspaning","Recunoaștere polară"
Missions/Secondary/MTES02/Description,Text,,"We need to take a closer look at this icy North Pole.","Nous devons observer de plus près ce pôle Nord glacé.","Dobbiamo dare un'occhiata più da vicino a questo Polo Nord ghiacciato.","Wir müssen uns diesen eisigen Nordpol genauer ansehen.","Tenemos que ver más de cerca este polo norte helado.","この凍てつく北極をもっと近くで見る必要があります。","이 얼어붙은 북극을 더 가까이에서 살펴봐야 해요.","Musimy przyjrzeć się z bliska temu lodowemu biegunowi północnemu.","Нам нужно рассмотреть поближе этот ледяной Северный полюс.","我们需要近距离观察这片冰封的北极。","Precisamos dar uma olhada mais de perto neste Polo Norte gelado.","我們需要近距離觀察這個冰封的北極。","We need a closer look at this icy North Pole.","Морамо изблиза да погледамо овај ледени Северни пол.","Vi måste ta en närmare titt på den här isiga Nordpolen.","Trebuie să privim mai de aproape acest Pol Nord înghețat."
Missions/Secondary/MTES02/Objective,Text,,"Land an unmanned probe on Kerbin’s north polar ice cap, above 80° N latitude.","Faire atterrir une sonde non habitée sur la calotte glaciaire du pôle Nord de Kerbin, au-delà de 80° de latitude N.","Fai atterrare una sonda senza equipaggio sulla calotta polare nord di Kerbin, oltre gli 80° di latitudine nord.","Lande eine unbemannte Sonde auf der nördlichen Polkappe von Kerbin, nördlich des 80. Breitengrads.","Haz aterrizar una sonda no tripulada en el casquete polar norte de Kerbin, por encima de los 80° de latitud norte.","無人探査機をカービンの北極の氷冠（北緯80度以北）に着陸させる。","북위 80도 이상의 커빈 북극 빙원에 무인 탐사선을 착륙시키세요.","Wyląduj bezzałogową sondą na północnej czapie polarnej Kerbina, powyżej 80° szerokości geograficznej północnej.","Посадите беспилотный зонд на северную полярную шапку Кербина, севернее 80° северной широты.","让一台无人探测器降落在Kerbin北极冰盖上，位于北纬80°以北。","Pouse uma sonda não tripulada na calota polar norte de Kerbin, acima de 80° de latitude norte.","讓一具無人探測器降落在坎巴拉星的北極冰帽上，位於北緯80°以北。","Land an unmanned probe on Kerbin's north polar ice cap, above 80° N latitude.","Спустите беспилотну сонду на северну поларну ледену капу Кербина, северно од 80° северне географске ширине.","Landa en obemannad sond på Kerbins norra polarisar, norr om 80° nordlig latitud.","Aterizați o sondă fără echipaj pe calota glaciară nordică a lui Kerbin, la nord de 80° latitudine nordică."
Missions/Secondary/MTES02/Brief01,Text,,"Good, you’re here. Excellent work on the polar orbit! However, merely <i>seeing</i> the ice is not enough. We need to know more. Is it stable? Is it safe? Is it… <i>solid</i> enough for Kerbal boots?","Bien, vous êtes là. Excellent travail sur l'orbite polaire ! Cependant, se contenter de <i>voir</i> la glace ne suffit pas. Nous devons en savoir plus. Est-elle stable ? Est-elle sûre ? Est-elle assez… <i>solide</i> pour des bottes de Kerbal ?","Bene, sei qui. Ottimo lavoro con l'orbita polare! Tuttavia, limitarsi a <i>vedere</i> il ghiaccio non basta. Dobbiamo saperne di più. È stabile? È sicuro? È abbastanza… <i>solido</i> per gli stivali di un Kerbal?","Gut, dass du da bist. Hervorragende Arbeit mit der polaren Umlaufbahn! Aber das Eis nur zu <i>sehen</i>, reicht nicht. Wir müssen mehr wissen. Ist es stabil? Ist es sicher? Ist es… <i>fest</i> genug für Kerbal-Stiefel?","Bien, ya estás aquí. ¡Excelente trabajo con la órbita polar! Sin embargo, limitarse a <i>ver</i> el hielo no es suficiente. Necesitamos saber más. ¿Es estable? ¿Es seguro? ¿Es lo bastante… <i>sólido</i> para las botas de un kerbal?","よかった、来てくれましたね。極軌道は見事でした！ でも、ただ氷を<i>見る</i>だけでは足りません。もっと知る必要があります。安定しているのか？ 安全なのか？ カーバルのブーツで歩けるほど…<i>硬い</i>のか？","좋아요, 오셨군요. 극궤도 임무는 정말 훌륭했어요! 하지만 얼음을 <i>보는</i> 것만으로는 부족해요. 더 알아야 해요. 안정적일까요? 안전할까요? 커벌의 부츠로 디딜 수 있을 만큼… <i>단단할까요</i>?","Dobrze, że jesteś. Świetna robota z orbitą polarną! Jednak samo <i>oglądanie</i> lodu to za mało. Musimy wiedzieć więcej. Czy jest stabilny? Czy jest bezpieczny? Czy jest wystarczająco… <i>twardy</i> dla butów Kerbala?","Хорошо, что вы здесь. Отличная работа с полярной орбитой! Однако просто <i>видеть</i> лед недостаточно. Нам нужно знать больше. Он устойчив? Он безопасен? Он достаточно… <i>прочный</i> для ботинок кербала?","很好，你来了。极地轨道干得漂亮！不过，光<i>看到</i>冰还不够。我们需要了解更多。它稳定吗？安全吗？它……<i>结实</i>到能让坎巴拉人穿着靴子踩上去吗？","Ótimo, você chegou. Excelente trabalho com a órbita polar! Mas só <i>ver</i> o gelo não basta. Precisamos saber mais. Ele é estável? É seguro? É… <i>firme</i> o bastante para as botas de um Kerbal?","很好，你來了。極地軌道做得太棒了！不過，光是<i>看到</i>冰還不夠。我們需要知道更多。它穩定嗎？安全嗎？它……<i>結實</i>到能讓坎巴拉人穿著靴子踩上去嗎？","Good, ye be here. Fine work on the polar orbit! But merely <i>seein'</i> the ice ain't enough. We need to know more. Be it stable? Be it safe? Be it… <i>solid</i> enough fer Kerbal boots?","Добро је што сте ту. Одличан посао са поларном орбитом! Међутим, само <i>видети</i> лед није довољно. Морамо да сазнамо више. Да ли је стабилан? Да ли је безбедан? Да ли је довољно… <i>чврст</i> за кербалске чизме?","Bra, du är här. Utmärkt jobbat med den polära omloppsbanan! Men att bara <i>se</i> isen räcker inte. Vi behöver veta mer. Är den stabil? Är den säker? Är den… <i>fast</i> nog för kerbalstövlar?","Bine, ați venit. Treabă excelentă cu orbita polară! Totuși, doar să <i>vezi</i> gheața nu e de ajuns. Trebuie să aflăm mai multe. Este stabilă? Este sigură? Este suficient de… <i>solidă</i> pentru cizmele unui kerbal?"
Missions/Secondary/MTES02/Brief02,Text,,"That's why I've devised our next mission: a polar landing! But not with Kerbals just yet. We're sending a probe first. We need to be absolutely certain it's safe before we risk any of our brave explorers.","C'est pourquoi j'ai imaginé notre prochaine mission : un atterrissage polaire ! Mais pas encore avec des Kerbals. Nous envoyons d'abord une sonde. Nous devons être absolument certains que c'est sans danger avant de risquer la vie de nos courageux explorateurs.","Ecco perché ho ideato la nostra prossima missione: un atterraggio polare! Ma non ancora con i Kerbal. Prima mandiamo una sonda. Dobbiamo essere assolutamente certi che sia sicuro prima di mettere a rischio i nostri coraggiosi esploratori.","Deshalb habe ich unsere nächste Mission ausgearbeitet: eine Landung am Pol! Aber noch nicht mit Kerbals. Wir schicken zuerst eine Sonde. Wir müssen absolut sicher sein, dass es ungefährlich ist, bevor wir unsere tapferen Entdecker in Gefahr bringen.","Por eso he ideado nuestra próxima misión: ¡un aterrizaje polar! Pero todavía no con kerbals. Primero enviaremos una sonda. Tenemos que estar completamente seguros de que no hay peligro antes de arriesgar a nuestros valientes exploradores.","だから次のミッションを考えました。極地への着陸です！ でも、まだカーバルは乗せません。まずは探査機を送ります。勇敢な探検家たちを危険にさらす前に、安全だと完全に確信する必要がありますから。","그래서 다음 임무를 고안했어요. 극지 착륙이에요! 하지만 아직 커벌은 아니에요. 먼저 탐사선을 보낼 거예요. 용감한 탐험가들을 위험에 빠뜨리기 전에 안전하다는 걸 확실히 해야 하니까요.","Dlatego wymyśliłam naszą kolejną misję: lądowanie na biegunie! Ale jeszcze nie z Kerbalami. Najpierw wyślemy sondę. Musimy mieć absolutną pewność, że jest bezpiecznie, zanim narazimy naszych dzielnych odkrywców.","Поэтому я придумала нашу следующую миссию — посадку на полюсе! Но пока без кербалов. Сначала мы отправим зонд. Мы должны быть абсолютно уверены в безопасности, прежде чем рисковать нашими отважными исследователями.","所以我设计了下一项任务：极地着陆！不过暂时还不派坎巴拉人。我们先派一台探测器。在让我们勇敢的探险家冒险之前，必须绝对确定那里是安全的。","É por isso que bolei nossa próxima missão: um pouso polar! Mas ainda não com Kerbals. Vamos mandar uma sonda primeiro. Precisamos ter certeza absoluta de que é seguro antes de arriscar nossos corajosos exploradores.","所以我設計了下一項任務：極地降落！不過還不會派坎巴拉人去。我們會先派一具探測器。在讓我們英勇的探險家冒險之前，必須百分之百確定那裡是安全的。","That be why I've cooked up our next voyage: a polar landin'! But not with Kerbals just yet. We'll send a probe first. We need to be dead certain it be safe before we risk any o' our brave explorers.","Зато сам осмислила нашу следећу мисију: поларно слетање! Али још не са кербалима. Прво шаљемо сонду. Морамо бити потпуно сигурни да је безбедно пре него што изложимо ризику наше храбре истраживаче.","Därför har jag tagit fram vårt nästa uppdrag: en polarlandning! Men inte med kerbaler riktigt än. Vi skickar en sond först. Vi måste vara helt säkra på att det är ofarligt innan vi riskerar några av våra modiga upptäcktsresande.","De aceea am pus la punct următoarea noastră misiune: o aterizare polară! Dar încă nu cu kerbali. Trimitem mai întâi o sondă. Trebuie să fim absolut siguri că nu e niciun pericol înainte de a ne risca exploratorii curajoși."
Missions/Secondary/MTES02/Brief03,Text,,"And I have to give credit where credit is due. We wouldn't even <i>be</i> considering a polar landing if it wasn't for Dunmar Kerman. You know Dunmar, our resident glaciologist? He’s been absolutely relentless! He’s been practically living in the management offices, armed with charts, graphs, and… well, let's just say he’s very persuasive. He finally convinced them to… <i>unfreeze</i> some funds for further polar research.

<style=""TXT-Objective"">Land an unmanned probe on <style=""OBJ-Kerbin"">Kerbin</style>’s North Pole.</style>","Et je dois rendre à César ce qui est à César. Nous n'envisagerions <i>même pas</i> d'atterrissage polaire sans Dunmar Kerman. Vous connaissez Dunmar, notre glaciologue maison ? Il a été absolument infatigable ! Il a pratiquement élu domicile dans les bureaux de la direction, armé de graphiques, de diagrammes et de… disons simplement qu'il sait se montrer très persuasif. Il a fini par les convaincre de… <i>dégeler</i> des fonds pour poursuivre la recherche polaire.

<style=""TXT-Objective"">Faites atterrir une sonde non habitée au pôle Nord de <style=""OBJ-Kerbin"">Kerbin</style>.</style>","E devo dare a Cesare quel che è di Cesare. Non staremmo <i>nemmeno</i> prendendo in considerazione un atterraggio polare se non fosse per Dunmar Kerman. Conosci Dunmar, il nostro glaciologo di fiducia? È stato assolutamente instancabile! Praticamente viveva negli uffici della direzione, armato di grafici, diagrammi e… beh, diciamo solo che sa essere molto persuasivo. Alla fine li ha convinti a… <i>scongelare</i> dei fondi per ulteriori ricerche polari.

<style=""TXT-Objective"">Fai atterrare una sonda senza equipaggio al Polo Nord di <style=""OBJ-Kerbin"">Kerbin</style>.</style>","Und Ehre, wem Ehre gebührt. Wir würden eine Landung am Pol <i>nicht einmal</i> in Erwägung ziehen, wenn Dunmar Kerman nicht gewesen wäre. Du kennst Dunmar, unseren hauseigenen Glaziologen? Er war absolut unermüdlich! Er hat praktisch in den Büros der Geschäftsleitung gewohnt, bewaffnet mit Tabellen, Diagrammen und… sagen wir einfach, er kann sehr überzeugend sein. Schließlich hat er sie dazu gebracht, einige Mittel für weitere Polarforschung… <i>aufzutauen</i>.

<style=""TXT-Objective"">Lande eine unbemannte Sonde am Nordpol von <style=""OBJ-Kerbin"">Kerbin</style>.</style>","Y tengo que reconocer el mérito de quien lo merece. Ni <i>siquiera</i> nos estaríamos planteando un aterrizaje polar si no fuera por Dunmar Kerman. ¿Conoces a Dunmar, nuestro glaciólogo de la casa? ¡Ha sido absolutamente incansable! Prácticamente ha vivido en las oficinas de dirección, armado con tablas, gráficos y… bueno, digamos que es muy persuasivo. Al final los convenció para… <i>descongelar</i> fondos para seguir investigando los polos.

<style=""TXT-Objective"">Haz aterrizar una sonda no tripulada en el polo norte de <style=""OBJ-Kerbin"">Kerbin</style>.</style>","それと、功績は正しく認めなければいけません。ダンマー・カーマンがいなかったら、極地への着陸なんて検討すら<i>していなかった</i>でしょう。ダンマーは知ってますよね、うちの専属氷河学者です。彼は本当に粘り強かったんです！ 図表やグラフを抱えて、ほとんど経営陣のオフィスに住み着いていました。それから…まあ、とても説得力がある人だとだけ言っておきます。最終的に、極地研究のための資金を…<i>解凍</i>するよう彼らを説得したんです。

<style=""TXT-Objective"">無人探査機を<style=""OBJ-Kerbin"">カービン</style>の北極に着陸させてください。</style>","그리고 공은 공대로 인정해야죠. 던마 케르맨이 아니었다면 극지 착륙은 고려조차 <i>하지 않았을</i> 거예요. 던마 아시죠? 우리 상주 빙하학자요. 정말 끈질겼어요! 도표와 그래프로 무장하고 경영진 사무실에서 거의 살다시피 했어요. 그리고… 뭐, 아주 설득력 있는 사람이라고만 해 둘게요. 결국 추가 극지 연구를 위한 자금을… <i>해동</i>하도록 그들을 설득했어요.

<style=""TXT-Objective"">무인 탐사선을 <style=""OBJ-Kerbin"">커빈</style>의 북극에 착륙시키세요.</style>","I muszę oddać sprawiedliwość, komu się należy. W ogóle <i>nie rozważalibyśmy</i> lądowania na biegunie, gdyby nie Dunmar Kerman. Znasz Dunmara, naszego nadwornego glacjologa? Był absolutnie niestrudzony! Praktycznie zamieszkał w gabinetach zarządu, uzbrojony w tabele, wykresy i… cóż, powiedzmy, że potrafi być bardzo przekonujący. W końcu przekonał ich, żeby… <i>odmrozili</i> fundusze na dalsze badania polarne.

<style=""TXT-Objective"">Wyląduj bezzałogową sondą na biegunie północnym <style=""OBJ-Kerbin"">Kerbina</style>.</style>","И надо отдать должное тому, кто этого заслуживает. Мы бы <i>даже не рассматривали</i> посадку на полюсе, если бы не Данмар Керман. Вы ведь знаете Данмара, нашего штатного гляциолога? Он был совершенно неутомим! Практически поселился в кабинетах руководства, вооружившись таблицами, графиками и… скажем так, он умеет убеждать. В итоге он уговорил их… <i>разморозить</i> средства на дальнейшие полярные исследования.

<style=""TXT-Objective"">Посадите беспилотный зонд на Северный полюс <style=""OBJ-Kerbin"">Кербина</style>.</style>","还有，功劳必须归于该得的人。要不是Dunmar Kerman，我们<i>根本不会</i>考虑极地着陆。你认识Dunmar吧，我们的驻站冰川学家？他简直不屈不挠！他抱着图表、曲线图，几乎住在了管理层的办公室里，而且……嗯，就说他非常有说服力吧。他最终说服了他们……<i>解冻</i>一笔资金用于进一步的极地研究。

<style=""TXT-Objective"">让一台无人探测器降落在<style=""OBJ-Kerbin"">Kerbin</style>的北极。</style>","E preciso dar o crédito a quem merece. Nem <i>estaríamos</i> considerando um pouso polar se não fosse pelo Dunmar Kerman. Sabe o Dunmar, nosso glaciólogo da casa? Ele foi absolutamente incansável! Praticamente morou nas salas da diretoria, armado de tabelas, gráficos e… bem, digamos que ele é muito persuasivo. No fim, convenceu todo mundo a… <i>descongelar</i> verbas para mais pesquisas polares.

<style=""TXT-Objective"">Pouse uma sonda não tripulada no Polo Norte de <style=""OBJ-Kerbin"">Kerbin</style>.</style>","還有，功勞必須歸給應得的人。要不是鄧瑪·科曼，我們<i>根本不會</i>考慮極地降落。你認識鄧瑪吧，我們的駐站冰川學家？他真的超級鍥而不捨！他抱著圖表和曲線圖，幾乎住進了管理階層的辦公室，而且……嗯，就說他非常有說服力吧。他最後說服他們……<i>解凍</i>一筆資金來做更多極地研究。

<style=""TXT-Objective"">讓一具無人探測器降落在<style=""OBJ-Kerbin"">坎巴拉星</style>的北極。</style>","An' I must give credit where credit be due. We wouldn't even <i>be</i> considerin' a polar landin' if not fer Dunmar Kerman. Ye know Dunmar, our resident ice-reader? He's been relentless as a storm! He's practically been livin' in the management cabins, armed with charts, graphs, an'… well, let's say he be mighty persuasive. He finally convinced 'em to… <i>unfreeze</i> some doubloons fer more polar research.

<style=""TXT-Objective"">Land an unmanned probe on <style=""OBJ-Kerbin"">Kerbin</style>'s North Pole.</style>","И морам да одам признање коме припада. <i>Не бисмо ни</i> разматрали поларно слетање да није било Данмара Кермана. Знате Данмара, нашег кућног глациолога? Био је апсолутно неуморан! Практично је живео у канцеларијама управе, наоружан табелама, графиконима и… па, рецимо да уме да буде веома убедљив. Коначно их је убедио да… <i>одмрзну</i> средства за даља поларна истраживања.

<style=""TXT-Objective"">Спустите беспилотну сонду на Северни пол <style=""OBJ-Kerbin"">Кербина</style>.</style>","Och jag måste ge äran åt den som förtjänar den. Vi skulle inte <i>ens</i> överväga en polarlandning om det inte vore för Dunmar Kerman. Du känner väl Dunmar, vår egen glaciolog? Han har varit helt outtröttlig! Han har praktiskt taget bott på ledningens kontor, beväpnad med tabeller, diagram och… tja, låt oss bara säga att han är väldigt övertygande. Till slut fick han dem att… <i>tina upp</i> lite pengar till ytterligare polarforskning.

<style=""TXT-Objective"">Landa en obemannad sond på <style=""OBJ-Kerbin"">Kerbins</style> nordpol.</style>","Și trebuie să recunosc meritele cui le merită. Nici <i>măcar</i> nu ne-am gândi la o aterizare polară dacă n-ar fi fost Dunmar Kerman. Îl știți pe Dunmar, glaciologul nostru de casă? A fost absolut neobosit! Practic a locuit în birourile conducerii, înarmat cu tabele, grafice și… mă rog, să zicem doar că e foarte convingător. În cele din urmă i-a convins să… <i>dezghețe</i> niște fonduri pentru cercetări polare suplimentare.

<style=""TXT-Objective"">Aterizați o sondă fără echipaj la Polul Nord al lui <style=""OBJ-Kerbin"">Kerbin</style>.</style>"
Missions/Secondary/MTES02/Brief04,Text,,"We need to understand the composition, the density, the… <i>Kerbal-foot-friendliness</i> of this icy terrain, Director. We need to know if the ice can support the weight of a lander, or even a Kerbal on foot. We need to know if there are any hidden dangers lurking beneath the surface. We can’t have any unexpected… <i>ice-idents</i>. He he.

Good luck, as always!","Nous devons comprendre la composition, la densité, la… <i>praticabilité pour pieds de Kerbal</i> de ce terrain glacé, directeur. Nous devons savoir si la glace peut supporter le poids d'un atterrisseur, ou même d'un Kerbal à pied. Nous devons savoir si des dangers cachés se dissimulent sous la surface. Pas question d'avoir des… <i>glacidents</i> imprévus. Hé hé.

Bonne chance, comme toujours !","Dobbiamo capire la composizione, la densità, la… <i>calpestabilità kerbal</i> di questo terreno ghiacciato, direttore. Dobbiamo sapere se il ghiaccio può reggere il peso di un lander, o anche di un Kerbal a piedi. Dobbiamo sapere se sotto la superficie si nascondono pericoli. Non possiamo permetterci… <i>ghiaccidenti</i> imprevisti. Eh eh.

Buona fortuna, come sempre!","Wir müssen die Zusammensetzung, die Dichte, die… <i>Kerbalfußfreundlichkeit</i> dieses eisigen Geländes verstehen, Direktor. Wir müssen wissen, ob das Eis das Gewicht eines Landers tragen kann oder sogar eines Kerbals zu Fuß. Wir müssen wissen, ob unter der Oberfläche verborgene Gefahren lauern. Unerwartete… <i>Eisfälle</i> können wir uns nicht leisten. Hehe.

Viel Glück, wie immer!","Necesitamos conocer la composición, la densidad, la… <i>pisabilidad kerbal</i> de este terreno helado, dire. Tenemos que saber si el hielo puede soportar el peso de un módulo de aterrizaje, o incluso de un kerbal a pie. Tenemos que saber si bajo la superficie acechan peligros ocultos. No podemos permitirnos… <i>hielocidentes</i> inesperados. Je, je.

¡Buena suerte, como siempre!","この氷の大地の組成、密度、そして…<i>カーバルの足へのやさしさ</i>を理解する必要があるんです、所長。氷が着陸船の重さに耐えられるのか、カーバルが歩いても大丈夫なのかを知る必要があります。表面の下に隠れた危険が潜んでいないかも知らなければなりません。思わぬ…<i>氷難事故</i>は困りますからね。えへへ。

いつものように、幸運を祈ります！","이 얼어붙은 지형의 구성, 밀도, 그리고… <i>커벌 발 친화도</i>를 알아내야 해요, 국장님. 얼음이 착륙선의 무게, 아니 걸어 다니는 커벌의 무게라도 견딜 수 있는지 알아야 해요. 표면 아래에 숨겨진 위험이 도사리고 있는지도 알아야 하고요. 예상치 못한… <i>빙판 사고</i>는 곤란하니까요. 헤헤.

언제나처럼 행운을 빌어요!","Musimy poznać skład, gęstość i… <i>przyjazność dla stóp Kerbali</i> tego lodowego terenu, dyrektorze. Musimy wiedzieć, czy lód utrzyma ciężar lądownika, a nawet Kerbala idącego pieszo. Musimy wiedzieć, czy pod powierzchnią nie czają się ukryte zagrożenia. Nie możemy sobie pozwolić na żadne nieoczekiwane… <i>lodoszkody</i>. He, he.

Powodzenia, jak zawsze!","Нам нужно понять состав, плотность и… <i>кербалоногопригодность</i> этой ледяной местности, директор. Нам нужно знать, выдержит ли лед вес посадочного модуля или хотя бы идущего пешком кербала. Нам нужно знать, не таятся ли под поверхностью скрытые опасности. Нам ни к чему непредвиденные… <i>ледоисшествия</i>. Хе-хе.

Удачи, как всегда!","我们需要了解这片冰封地形的组成、密度，还有……<i>对坎巴拉人双脚的友好程度</i>，局长。我们需要知道冰面能否承受着陆器的重量，甚至是步行的坎巴拉人的重量。我们需要知道地表之下是否潜藏着危险。我们可不想出什么意外的……<i>冰外事故</i>。嘿嘿。

一如既往，祝你好运！","Precisamos entender a composição, a densidade, a… <i>pisabilidade kerbal</i> desse terreno gelado, Diretor. Precisamos saber se o gelo aguenta o peso de um módulo de pouso, ou mesmo de um Kerbal a pé. Precisamos saber se há perigos escondidos sob a superfície. Não podemos ter nenhum… <i>gelocidente</i> inesperado. He he.

Boa sorte, como sempre!","我們需要了解這片冰封地形的組成、密度，還有……<i>坎巴拉人雙腳友善度</i>，總監。我們需要知道冰層能不能撐住登陸載具的重量，甚至是一個步行的坎巴拉人的重量。我們需要知道表面底下有沒有潛藏的危險。我們可不想發生什麼意料之外的……<i>冰外事故</i>。嘿嘿。

一如往常，祝你好運！","We need to understand what it's made of, how dense it be, an' how… <i>Kerbal-foot-friendly</i> this icy ground be, Cap'n. We need to know if the ice can bear the weight o' a lander, or even a Kerbal on foot. We need to know if there be hidden dangers lurkin' beneath. We can't be havin' any unexpected… <i>ice-idents</i>. Yo ho.

Fair winds, as always!","Морамо да разумемо састав, густину и… <i>пријатељство према кербалским стопалима</i> овог леденог терена, директоре. Морамо да знамо да ли лед може да издржи тежину лендера, или чак кербала који хода. Морамо да знамо да ли се испод површине крију скривене опасности. Не смемо да дозволимо никакве неочекиване… <i>ледене незгоде</i>. Хе-хе.

Срећно, као и увек!","Vi måste förstå sammansättningen, tätheten och… <i>kerbalfotvänligheten</i> i den här isiga terrängen, chefen. Vi måste veta om isen klarar vikten av en landare, eller ens en kerbal till fots. Vi måste veta om det lurar några dolda faror under ytan. Vi kan inte ha några oväntade… <i>isolyckor</i>. He he.

Lycka till, som alltid!","Trebuie să înțelegem compoziția, densitatea și… <i>prietenia cu tălpile kerbalilor</i> a acestui teren înghețat, director. Trebuie să știm dacă gheața poate suporta greutatea unui modul de aterizare sau chiar a unui kerbal pe jos. Trebuie să știm dacă sub suprafață pândesc pericole ascunse. Nu ne putem permite niciun… <i>gheațident</i> neașteptat. He-he.

Mult noroc, ca întotdeauna!"
Missions/Secondary/MTES02/Debrief01,Text,,"Director! Fantastic work! The probe has landed safely at the North Pole and the data is pouring in! It looks like Dunmar Kerman's insistence was spot on – this ice is packed tight!","Directeur ! Travail fantastique ! La sonde s'est posée sans encombre au pôle Nord et les données affluent ! On dirait que Dunmar Kerman avait raison d'insister : cette glace est bien compacte !","Direttore! Lavoro fantastico! La sonda è atterrata sana e salva al Polo Nord e i dati stanno arrivando a fiumi! Sembra che l'insistenza di Dunmar Kerman fosse azzeccata: questo ghiaccio è bello compatto!","Direktor! Fantastische Arbeit! Die Sonde ist sicher am Nordpol gelandet, und die Daten strömen nur so herein! Sieht so aus, als hätte Dunmar Kerman mit seiner Beharrlichkeit genau richtig gelegen: Dieses Eis ist dicht gepackt!","¡Dire! ¡Un trabajo fantástico! La sonda ha aterrizado sin problemas en el polo norte y los datos no paran de llegar. Parece que Dunmar Kerman tenía toda la razón al insistir: ¡este hielo está bien compacto!","所長！ 素晴らしい仕事です！ 探査機は無事に北極に着陸して、データがどんどん届いています！ ダンマー・カーマンがこだわっていたのは正解だったみたいです。この氷はぎっしり固まっています！","국장님! 환상적인 성과예요! 탐사선이 북극에 무사히 착륙했고 데이터가 쏟아져 들어오고 있어요! 던마 케르맨의 고집이 딱 맞았던 것 같아요. 이 얼음은 아주 단단하게 다져져 있어요!","Dyrektorze! Fantastyczna robota! Sonda bezpiecznie wylądowała na biegunie północnym, a dane spływają strumieniami! Wygląda na to, że upór Dunmara Kermana był w pełni uzasadniony: ten lód jest mocno ubity!","Директор! Фантастическая работа! Зонд благополучно сел на Северном полюсе, и данные льются рекой! Похоже, настойчивость Данмара Кермана была полностью оправдана: этот лед очень плотный!","局长！太棒了！探测器已经安全降落在北极，数据正源源不断地传回来！看来Dunmar Kerman的坚持完全正确：这片冰压得非常结实！","Diretor! Trabalho fantástico! A sonda pousou em segurança no Polo Norte e os dados estão chegando aos montes! Parece que a insistência do Dunmar Kerman estava certíssima: esse gelo está bem compactado!","總監！太精彩了！探測器已經安全降落在北極，資料正源源不絕地傳回來！看來鄧瑪·科曼的堅持完全正確：這片冰壓得超紮實！","Cap'n! Fantastic work! The probe has landed safe at the North Pole an' the data be pourin' in! Looks like Dunmar Kerman's insistin' was spot on: this ice be packed tight!","Директоре! Фантастичан посао! Сонда је безбедно слетела на Северни пол и подаци пристижу у бујицама! Изгледа да је Данмар Керман био потпуно у праву што је инсистирао: овај лед је добро набијен!","Chefen! Fantastiskt jobbat! Sonden har landat säkert på Nordpolen och datan strömmar in! Det verkar som att Dunmar Kermans envishet var helt rätt: den här isen är tätt packad!","Director! O treabă fantastică! Sonda a aterizat în siguranță la Polul Nord și datele curg șuvoi! Se pare că insistența lui Dunmar Kerman a fost pe deplin justificată: gheața asta e bine compactată!"
Missions/Secondary/MTES02/Debrief02,Text,,"Thanks to your precise landing and the probe's reliable instruments, we now have the data we need to confidently plan our next phase of polar exploration.","Grâce à votre atterrissage précis et aux instruments fiables de la sonde, nous disposons désormais des données nécessaires pour planifier en toute confiance la prochaine phase de l'exploration polaire.","Grazie al tuo atterraggio preciso e agli strumenti affidabili della sonda, ora abbiamo i dati necessari per pianificare con fiducia la prossima fase dell'esplorazione polare.","Dank deiner präzisen Landung und der zuverlässigen Instrumente der Sonde haben wir jetzt die Daten, die wir brauchen, um die nächste Phase der Polarerkundung zuversichtlich zu planen.","Gracias a tu aterrizaje preciso y a los fiables instrumentos de la sonda, ahora tenemos los datos que necesitamos para planificar con confianza la próxima fase de la exploración polar.","所長の正確な着陸と探査機の信頼できる計器のおかげで、極地探査の次の段階を自信を持って計画するのに必要なデータが手に入りました。","국장님의 정밀한 착륙과 탐사선의 믿을 만한 장비 덕분에, 이제 극지 탐사의 다음 단계를 자신 있게 계획하는 데 필요한 데이터를 얻었어요.","Dzięki twojemu precyzyjnemu lądowaniu i niezawodnym instrumentom sondy mamy teraz dane potrzebne do pewnego zaplanowania kolejnego etapu eksploracji polarnej.","Благодаря вашей точной посадке и надежным приборам зонда у нас теперь есть данные, необходимые, чтобы уверенно спланировать следующий этап полярных исследований.","多亏你精准的着陆和探测器可靠的仪器，我们现在拥有了足够的数据，可以满怀信心地规划下一阶段的极地探索。","Graças ao seu pouso preciso e aos instrumentos confiáveis da sonda, agora temos os dados de que precisamos para planejar com confiança a próxima fase da exploração polar.","多虧你精準的降落和探測器可靠的儀器，我們現在有了足夠的資料，可以充滿信心地規劃極地探索的下一階段。","Thanks to yer precise landin' an' the probe's trusty instruments, we now have the data we need to plot the next leg o' polar exploration with confidence.","Захваљујући Вашем прецизном слетању и поузданим инструментима сонде, сада имамо податке потребне да са поуздањем испланирамо следећу фазу поларног истраживања.","Tack vare din precisa landning och sondens pålitliga instrument har vi nu den data vi behöver för att tryggt planera nästa fas av polarutforskningen.","Mulțumită aterizării dumneavoastră precise și instrumentelor fiabile ale sondei, avem acum datele de care avem nevoie pentru a planifica cu încredere următoarea etapă a explorării polare."
Missions/Secondary/MTES02/Debrief03,Text,,"I'm pleased to announce that Dunmar's next proposal has been greenlit! He's somehow managed to convince management that we need a to send an expedition crew at the North Pole! I’m not entirely sure how he did it – I suspect some form of advanced glaciological hypnosis was involved – but the paperwork is signed, the funds are allocated.","J'ai le plaisir de vous annoncer que la prochaine proposition de Dunmar a reçu le feu vert ! Il a réussi, je ne sais comment, à convaincre la direction que nous devions envoyer une équipe d'expédition au pôle Nord ! Je ne sais pas trop comment il s'y est pris (je soupçonne une forme avancée d'hypnose glaciologique), mais les papiers sont signés et les fonds sont débloqués.","Sono lieta di annunciarti che la prossima proposta di Dunmar ha ricevuto il via libera! In qualche modo è riuscito a convincere la direzione che dobbiamo mandare una squadra di spedizione al Polo Nord! Non so bene come ci sia riuscito (sospetto una qualche forma di ipnosi glaciologica avanzata), ma le carte sono firmate e i fondi stanziati.","Ich freue mich, verkünden zu können, dass Dunmars nächster Vorschlag grünes Licht bekommen hat! Irgendwie hat er es geschafft, die Geschäftsleitung davon zu überzeugen, dass wir eine Expeditionsmannschaft zum Nordpol schicken müssen! Ich bin mir nicht ganz sicher, wie er das angestellt hat (ich vermute eine fortgeschrittene Form glaziologischer Hypnose), aber die Unterlagen sind unterschrieben und die Mittel bewilligt.","¡Me complace anunciar que la siguiente propuesta de Dunmar ha recibido luz verde! De alguna manera ha logrado convencer a la dirección de que necesitamos enviar una expedición tripulada al polo norte. No tengo muy claro cómo lo ha hecho (sospecho que ha empleado alguna forma avanzada de hipnosis glaciológica), pero los papeles están firmados y los fondos, asignados.","ダンマーの次の提案にゴーサインが出たことをお知らせします！ どうやったのか、北極に探検隊を送る必要があると経営陣を説得してしまったんです！ どんな手を使ったのかよくわかりません（何らかの高度な氷河学的催眠術が使われたんじゃないかと疑ってます）が、書類にはサインがされ、資金も割り当てられました。","던마의 다음 제안이 승인되었다는 소식을 전하게 되어 기뻐요! 어떻게 했는지 모르겠지만, 북극에 원정대를 보내야 한다고 경영진을 설득해 냈어요! 어떻게 해낸 건지 잘 모르겠어요(뭔가 고도의 빙하학적 최면이 동원된 게 아닌가 싶어요). 하지만 서류에 서명이 되었고 자금도 배정되었어요.","Z przyjemnością ogłaszam, że kolejny wniosek Dunmara dostał zielone światło! Jakimś cudem przekonał zarząd, że musimy wysłać na biegun północny wyprawę z załogą! Nie jestem do końca pewna, jak mu się to udało (podejrzewam jakąś zaawansowaną formę hipnozy glacjologicznej), ale dokumenty są podpisane, a fundusze przyznane.","Рада сообщить, что следующее предложение Данмара получило зеленый свет! Каким-то образом он убедил руководство, что нам нужно отправить на Северный полюс экспедицию! Не знаю точно, как ему это удалось (подозреваю, что не обошлось без продвинутого гляциологического гипноза), но документы подписаны, а средства выделены.","很高兴地宣布，Dunmar的下一个提案已经获批！他不知怎么说服了管理层，让他们相信我们需要派一支探险队去北极！我也不太清楚他是怎么做到的（我怀疑他用了某种高级的冰川学催眠术），但文件已经签了，资金也已经拨下来了。","Tenho o prazer de anunciar que a próxima proposta do Dunmar recebeu sinal verde! De algum jeito ele conseguiu convencer a diretoria de que precisamos mandar uma equipe de expedição ao Polo Norte! Não sei bem como ele fez isso (desconfio de alguma forma avançada de hipnose glaciológica), mas a papelada está assinada e as verbas foram liberadas.","很高興宣布，鄧瑪的下一個提案已經獲得核准！他不知道用了什麼方法，說服管理階層我們需要派一支探險隊去北極！我不太確定他是怎麼辦到的（我懷疑用上了某種高階的冰川學催眠術），但文件已經簽好，資金也撥下來了。","I be pleased to announce that Dunmar's next proposal got the green flag! He somehow managed to convince management we need to send an expedition crew to the North Pole! I ain't entirely sure how he did it (I suspect some form o' advanced ice-witchery hypnosis), but the papers be signed an' the doubloons be allocated.","Са задовољством објављујем да је Данмаров следећи предлог добио зелено светло! Некако је успео да убеди управу да морамо да пошаљемо експедициону посаду на Северни пол! Нисам сасвим сигурна како је то успео (сумњам на неки напредни облик глациолошке хипнозе), али папири су потписани, а средства одобрена.","Jag är glad att kunna meddela att Dunmars nästa förslag har fått grönt ljus! På något sätt har han lyckats övertyga ledningen om att vi måste skicka en expeditionsbesättning till Nordpolen! Jag är inte helt säker på hur han bar sig åt (jag misstänker någon form av avancerad glaciologisk hypnos), men papperen är påskrivna och pengarna anslagna.","Am plăcerea să vă anunț că următoarea propunere a lui Dunmar a primit undă verde! Cumva a reușit să convingă conducerea că trebuie să trimitem un echipaj de expediție la Polul Nord! Nu sunt foarte sigură cum a reușit (bănuiesc o formă avansată de hipnoză glaciologică), dar actele sunt semnate și fondurile alocate."
Missions/Secondary/MTES02/Debrief04,Text,,"Well done! Now, if you’ll excuse me, I need to go find Dunmar before he starts building ice sculptures of himself.","Bien joué ! Maintenant, si vous voulez bien m'excuser, je dois aller retrouver Dunmar avant qu'il ne commence à sculpter des statues de glace à son effigie.","Ben fatto! Ora, se vuoi scusarmi, devo andare a cercare Dunmar prima che cominci a scolpire statue di ghiaccio di se stesso.","Gut gemacht! Und jetzt entschuldige mich bitte, ich muss Dunmar finden, bevor er anfängt, Eisskulpturen von sich selbst zu bauen.","¡Bien hecho! Y ahora, si me disculpas, tengo que ir a buscar a Dunmar antes de que empiece a hacer esculturas de hielo de sí mismo.","よくやりました！ では失礼して、ダンマーが自分の氷像を作り始める前に探しに行かないと。","잘하셨어요! 이제 실례지만, 던마가 자기 얼음 조각상을 만들기 시작하기 전에 찾으러 가야겠어요.","Świetna robota! A teraz wybacz, muszę znaleźć Dunmara, zanim zacznie rzeźbić lodowe posągi samego siebie.","Отличная работа! А теперь прошу меня извинить, мне нужно найти Данмара, пока он не начал лепить ледяные скульптуры самого себя.","干得好！现在请恕我失陪，我得赶在Dunmar开始给自己雕冰像之前把他找到。","Muito bem! Agora, se me der licença, preciso encontrar o Dunmar antes que ele comece a esculpir estátuas de gelo de si mesmo.","做得好！現在請容我先離開，我得趕在鄧瑪開始雕自己的冰雕之前找到他。","Well done! Now, if ye'll excuse me, I need to find Dunmar before he starts carvin' ice statues o' himself.","Одлично! А сада, ако ме извините, морам да пронађем Данмара пре него што почне да прави ледене скулптуре самог себе.","Bra jobbat! Om du ursäktar mig måste jag nu leta upp Dunmar innan han börjar bygga isskulpturer av sig själv.","Bravo! Acum, dacă mă scuzați, trebuie să-l găsesc pe Dunmar înainte să înceapă să-și facă sculpturi de gheață cu propria persoană."

Missions/Secondary/MTES03/Name,Text,,"Operation Cold Feet","Opération Pieds Gelés","Operazione Piedi Freddi","Operation Kalte Füße","Operación Pies Fríos","冷えた足作戦","차가운 발 작전","Operacja Zimne Stopy","Операция «Холодные ноги»","冷脚行动","Operação Pés Gelados","冷腳行動","Operation Cold Feet","Операција „Хладна стопала”","Operation Kalla Fötter","Operațiunea Picioare Reci"
Missions/Secondary/MTES03/Description,Text,,"The icy steppes of the North Pole have never seen a Kerbal. It’s time to fix this.","Les steppes glacées du pôle Nord n'ont jamais vu de Kerbal. Il est temps d'y remédier.","Le steppe ghiacciate del Polo Nord non hanno mai visto un Kerbal. È ora di rimediare.","Die eisigen Steppen des Nordpols haben noch nie einen Kerbal gesehen. Zeit, das zu ändern.","Las heladas estepas del polo norte nunca han visto a un kerbal. Ha llegado la hora de remediarlo.","北極の凍てつく大地には、まだカーバルが足を踏み入れたことがありません。この状況を変える時です。","북극의 얼어붙은 대지는 아직 커벌을 본 적이 없어요. 이제 바로잡을 때예요.","Lodowe stepy bieguna północnego nigdy nie widziały Kerbala. Pora to zmienić.","Ледяные степи Северного полюса еще никогда не видели кербала. Пора это исправить.","北极的冰封荒原从未见过坎巴拉人。是时候改变这一点了。","As estepes geladas do Polo Norte nunca viram um Kerbal. Hora de mudar isso.","北極的冰封草原從來沒見過坎巴拉人。該改變這一點了。","The icy steppes o' the North Pole have never seen a Kerbal. Time to fix that.","Ледене степе Северног пола никада нису виделе кербала. Време је да се то исправи.","Nordpolens isiga stäpper har aldrig sett en kerbal. Dags att ändra på det.","Stepele înghețate ale Polului Nord n-au văzut niciodată un kerbal. E timpul să schimbăm asta."
Missions/Secondary/MTES03/Objective,Text,,"Plant a flag at the geographical North Pole of Kerbin.","Planter un drapeau au pôle Nord géographique de Kerbin.","Pianta una bandiera nel Polo Nord geografico di Kerbin.","Pflanze eine Flagge am geografischen Nordpol von Kerbin.","Planta una bandera en el polo norte geográfico de Kerbin.","カービンの地理的北極点に旗を立てる。","커빈의 지리적 북극점에 깃발을 꽂으세요.","Zatknij flagę na geograficznym biegunie północnym Kerbina.","Установите флаг на географическом Северном полюсе Кербина.","在Kerbin的地理北极点插上一面旗帜。","Finque uma bandeira no Polo Norte geográfico de Kerbin.","在坎巴拉星的地理北極點插上一面旗幟。","Plant a Jolly Roger at the geographical North Pole o' Kerbin.","Пободите заставу на географски Северни пол Кербина.","Plantera en flagga på Kerbins geografiska nordpol.","Plantați un steag la Polul Nord geografic al lui Kerbin."
Missions/Secondary/MTES03/Brief01,Text,,"Director, I’m worrying about Dunmar. He hasn't stopped talking about polar exploration since we send that probe. I think he’s even started referring to himself as 'Lord of the Ice.' We might need to have a word with him about that.","Directeur, je m'inquiète pour Dunmar. Il n'arrête pas de parler d'exploration polaire depuis que nous avons envoyé cette sonde. Je crois même qu'il a commencé à se faire appeler « le Seigneur des Glaces ». Il faudrait peut-être qu'on lui en touche un mot.","Direttore, sono preoccupata per Dunmar. Non ha smesso di parlare di esplorazione polare da quando abbiamo mandato quella sonda. Credo che abbia persino cominciato a farsi chiamare ""Signore dei Ghiacci"". Forse dovremmo scambiarci due parole.","Direktor, ich mache mir Sorgen um Dunmar. Seit wir diese Sonde geschickt haben, redet er von nichts anderem als von Polarerkundung. Ich glaube, er nennt sich inzwischen sogar „Herr des Eises“. Wir sollten vielleicht mal ein Wörtchen mit ihm reden.","Dire, me preocupa Dunmar. No ha dejado de hablar de exploración polar desde que enviamos esa sonda. Creo que hasta ha empezado a llamarse a sí mismo ""Señor del Hielo"". Puede que tengamos que hablar con él al respecto.","所長、ダンマーのことが心配なんです。あの探査機を送って以来、極地探査の話ばかりしているんです。自分のことを「氷の王」と呼び始めたような気さえします。ちょっと話をしたほうがいいかもしれません。","국장님, 던마가 걱정돼요. 그 탐사선을 보낸 이후로 극지 탐사 얘기만 하고 있어요. 심지어 자기를 '얼음의 군주'라고 부르기 시작한 것 같아요. 그 문제에 대해 한마디 해야 할지도 몰라요.","Dyrektorze, martwię się o Dunmara. Odkąd wysłaliśmy tę sondę, nie przestaje mówić o eksploracji polarnej. Chyba zaczął nawet nazywać siebie „Władcą Lodu”. Może powinniśmy z nim o tym porozmawiać.","Директор, я беспокоюсь за Данмара. С тех пор как мы отправили тот зонд, он говорит только о полярных исследованиях. По-моему, он даже начал называть себя «Повелителем льда». Возможно, нам стоит с ним об этом поговорить.","局长，我有点担心Dunmar。自从我们发射了那台探测器，他就一直在谈论极地探索。我觉得他甚至开始自称“冰雪之王”了。我们可能得找他谈谈这件事。","Diretor, estou preocupada com o Dunmar. Ele não para de falar de exploração polar desde que mandamos aquela sonda. Acho que ele até começou a se chamar de ""Senhor do Gelo"". Talvez a gente precise ter uma conversinha com ele sobre isso.","總監，我有點擔心鄧瑪。自從我們送出那具探測器，他就一直在講極地探索。我覺得他甚至開始自稱「冰雪之王」了。我們可能得找他好好聊聊這件事。","Cap'n, I be worried about Dunmar. He ain't stopped talkin' about polar exploration since we sent that probe. I think he's even started callin' himself 'Lord o' the Ice.' We might need to have a word with him about that.","Директоре, бринем за Данмара. Откад смо послали ону сонду, не престаје да прича о поларним истраживањима. Мислим да је чак почео себе да назива „Господаром леда”. Можда би требало да поразговарамо са њим о томе.","Chefen, jag är orolig för Dunmar. Han har inte slutat prata om polarutforskning sedan vi skickade den där sonden. Jag tror till och med att han har börjat kalla sig själv ”Isens herre”. Vi kanske behöver ta ett snack med honom om det.","Director, îmi fac griji pentru Dunmar. Nu s-a oprit din vorbit despre explorarea polară de când am trimis sonda aceea. Cred că a început chiar să-și spună „Stăpânul Gheții”. Poate ar trebui să stăm de vorbă cu el despre asta."
Missions/Secondary/MTES03/Brief02,Text,,"Anyway, on to the next big step: a Kerbal presence at the North Pole! And Dunmar, ever the visionary, has a grand idea. He believes that planting a flag at the precise geographical North Pole would be a powerful symbol of our agency's achievements. He says it would inspire the Kerbal public, boost our visibility, and, most importantly, make it much easier to secure funding for future projects.

<style=""TXT-Objective"">Your mission is to plant a flag at the precise geographical North Pole of <style=""OBJ-Kerbin"">Kerbin</style>.</style>","Bref, passons à la prochaine grande étape : une présence kerbale au pôle Nord ! Et Dunmar, toujours visionnaire, a une idée grandiose. Il pense que planter un drapeau exactement au pôle Nord géographique serait un symbole fort des réussites de notre agence. Selon lui, cela inspirerait le public kerbal, renforcerait notre visibilité et, surtout, faciliterait grandement l'obtention de financements pour nos futurs projets.

<style=""TXT-Objective"">Votre mission est de planter un drapeau exactement au pôle Nord géographique de <style=""OBJ-Kerbin"">Kerbin</style>.</style>","Comunque, passiamo al prossimo grande passo: una presenza kerbal al Polo Nord! E Dunmar, visionario come sempre, ha un'idea grandiosa. Crede che piantare una bandiera esattamente nel Polo Nord geografico sarebbe un simbolo potente dei successi della nostra agenzia. Dice che ispirerebbe il pubblico kerbal, aumenterebbe la nostra visibilità e, soprattutto, renderebbe molto più facile ottenere finanziamenti per i progetti futuri.

<style=""TXT-Objective"">La tua missione è piantare una bandiera esattamente nel Polo Nord geografico di <style=""OBJ-Kerbin"">Kerbin</style>.</style>","Wie auch immer, nun zum nächsten großen Schritt: eine Kerbal-Präsenz am Nordpol! Und Dunmar, stets der Visionär, hat eine großartige Idee. Er glaubt, eine Flagge genau am geografischen Nordpol zu pflanzen, wäre ein starkes Symbol für die Erfolge unserer Agentur. Er sagt, das würde die Kerbal-Öffentlichkeit begeistern, unsere Bekanntheit steigern und, was am wichtigsten ist, es viel einfacher machen, Mittel für künftige Projekte zu sichern.

<style=""TXT-Objective"">Deine Mission ist es, eine Flagge genau am geografischen Nordpol von <style=""OBJ-Kerbin"">Kerbin</style> zu pflanzen.</style>","En fin, pasemos al siguiente gran paso: ¡una presencia kerbal en el polo norte! Y Dunmar, visionario como siempre, tiene una idea grandiosa. Cree que plantar una bandera exactamente en el polo norte geográfico sería un símbolo poderoso de los logros de nuestra agencia. Dice que inspiraría al público kerbal, aumentaría nuestra visibilidad y, lo más importante, facilitaría muchísimo conseguir financiación para futuros proyectos.

<style=""TXT-Objective"">Tu misión es plantar una bandera exactamente en el polo norte geográfico de <style=""OBJ-Kerbin"">Kerbin</style>.</style>","とにかく、次の大きなステップに進みましょう。北極にカーバルを送り込むんです！ そして、いつも先見の明があるダンマーには壮大なアイデアがあります。地理的北極点ちょうどに旗を立てることは、私たちの機関の功績を示す強力なシンボルになると考えているんです。カーバルの大衆を鼓舞し、私たちの知名度を上げ、そして何より、将来のプロジェクトの資金をずっと確保しやすくなると言っています。

<style=""TXT-Objective"">所長のミッションは、<style=""OBJ-Kerbin"">カービン</style>の地理的北極点ちょうどに旗を立てることです。</style>","아무튼, 다음 큰 단계로 넘어가죠. 북극에 커벌을 보내는 거예요! 그리고 언제나 선견지명이 있는 던마에게 원대한 아이디어가 있어요. 정확히 지리적 북극점에 깃발을 꽂는 것이 우리 기관의 업적을 보여주는 강력한 상징이 될 거라고 믿고 있어요. 커벌 대중에게 영감을 주고, 우리의 인지도를 높이고, 무엇보다 향후 프로젝트를 위한 자금을 훨씬 쉽게 확보할 수 있을 거래요.

<style=""TXT-Objective"">국장님의 임무는 <style=""OBJ-Kerbin"">커빈</style>의 정확한 지리적 북극점에 깃발을 꽂는 것입니다.</style>","W każdym razie przejdźmy do kolejnego wielkiego kroku: obecności Kerbali na biegunie północnym! A Dunmar, wieczny wizjoner, ma wspaniały pomysł. Uważa, że zatknięcie flagi dokładnie na geograficznym biegunie północnym byłoby potężnym symbolem osiągnięć naszej agencji. Mówi, że zainspirowałoby to kerbalską opinię publiczną, zwiększyło naszą rozpoznawalność i, co najważniejsze, znacznie ułatwiło zdobycie funduszy na przyszłe projekty.

<style=""TXT-Objective"">Twoją misją jest zatknięcie flagi dokładnie na geograficznym biegunie północnym <style=""OBJ-Kerbin"">Kerbina</style>.</style>","Как бы то ни было, перейдем к следующему большому шагу — присутствию кербалов на Северном полюсе! И Данмар, как всегда дальновидный, предлагает грандиозную идею. Он считает, что флаг, установленный точно на географическом Северном полюсе, станет мощным символом достижений нашего агентства. По его словам, это вдохновит кербальскую общественность, повысит нашу известность и, что важнее всего, значительно облегчит получение финансирования для будущих проектов.

<style=""TXT-Objective"">Ваша миссия — установить флаг точно на географическом Северном полюсе <style=""OBJ-Kerbin"">Кербина</style>.</style>","总之，下面进入下一个重要阶段：让坎巴拉人登上北极！一向高瞻远瞩的Dunmar有一个宏伟的想法。他认为，在精确的地理北极点插上一面旗帜，将成为我们机构成就的有力象征。他说这能激励坎巴拉公众，提升我们的知名度，最重要的是，能让我们更容易为未来的项目争取到资金。

<style=""TXT-Objective"">你的任务是在<style=""OBJ-Kerbin"">Kerbin</style>精确的地理北极点插上一面旗帜。</style>","Enfim, vamos ao próximo grande passo: uma presença kerbal no Polo Norte! E o Dunmar, visionário como sempre, tem uma ideia grandiosa. Ele acredita que fincar uma bandeira exatamente no Polo Norte geográfico seria um símbolo poderoso das conquistas da nossa agência. Ele diz que isso inspiraria o público kerbal, aumentaria nossa visibilidade e, o mais importante, facilitaria muito conseguir verbas para projetos futuros.

<style=""TXT-Objective"">Sua missão é fincar uma bandeira exatamente no Polo Norte geográfico de <style=""OBJ-Kerbin"">Kerbin</style>.</style>","總之，接下來是下一個重大步驟：讓坎巴拉人登上北極！一向很有遠見的鄧瑪有個偉大的點子。他認為在精確的地理北極點插上一面旗幟，會是我們機構成就的強大象徵。他說這能激勵坎巴拉大眾、提高我們的知名度，最重要的是，能讓我們更容易為未來的計畫爭取到資金。

<style=""TXT-Objective"">你的任務是在<style=""OBJ-Kerbin"">坎巴拉星</style>精確的地理北極點插上一面旗幟。</style>","Anyhow, on to the next big step: Kerbals at the North Pole! An' Dunmar, ever the dreamer, has a grand idea. He reckons plantin' a Jolly Roger at the precise geographical North Pole would be a mighty symbol o' our agency's achievements. He says it'd inspire the Kerbal public, boost our fame, an', most importantly, make it much easier to secure doubloons fer future projects.

<style=""TXT-Objective"">Yer orders be to plant a Jolly Roger at the precise geographical North Pole o' <style=""OBJ-Kerbin"">Kerbin</style>.</style>","Елем, пређимо на следећи велики корак: присуство кербала на Северном полу! А Данмар, увек визионар, има величанствену идеју. Верује да би застава пободена тачно на географски Северни пол била моћан симбол достигнућа наше агенције. Каже да би то инспирисало кербалску јавност, повећало нашу видљивост и, што је најважније, знатно олакшало обезбеђивање средстава за будуће пројекте.

<style=""TXT-Objective"">Ваша мисија је да пободете заставу тачно на географски Северни пол <style=""OBJ-Kerbin"">Кербина</style>.</style>","Hur som helst, vidare till nästa stora steg: en kerbalnärvaro på Nordpolen! Och Dunmar, visionär som alltid, har en storslagen idé. Han tror att en flagga planterad exakt på den geografiska nordpolen skulle vara en kraftfull symbol för vår organisations framgångar. Han säger att det skulle inspirera kerbalallmänheten, öka vår synlighet och, viktigast av allt, göra det mycket lättare att få finansiering till framtida projekt.

<style=""TXT-Objective"">Ditt uppdrag är att plantera en flagga exakt på <style=""OBJ-Kerbin"">Kerbins</style> geografiska nordpol.</style>","În fine, să trecem la următorul pas important: o prezență kerbală la Polul Nord! Iar Dunmar, vizionar ca întotdeauna, are o idee grandioasă. Crede că plantarea unui steag exact la Polul Nord geografic ar fi un simbol puternic al realizărilor agenției noastre. Spune că ar inspira publicul kerbal, ne-ar crește vizibilitatea și, cel mai important, ar face mult mai ușoară obținerea de fonduri pentru proiectele viitoare.

<style=""TXT-Objective"">Misiunea dumneavoastră este să plantați un steag exact la Polul Nord geografic al lui <style=""OBJ-Kerbin"">Kerbin</style>.</style>"
Missions/Secondary/MTES03/Brief03,Text,,"We have to be precise in our flag-planting business, as Dunmar has already planned a live broadcast of the event, and he insists on having it shown on every screen on <style=""OBJ-Kerbin"">Kerbin</style>. No pressure! In order to help you, a marker will appear on the map showing you the coordinates.","Nous devons être précis dans cette affaire de drapeau, car Dunmar a déjà prévu une retransmission en direct de l'événement, et il tient à ce qu'elle passe sur tous les écrans de <style=""OBJ-Kerbin"">Kerbin</style>. Pas de pression ! Pour vous aider, un marqueur apparaîtra sur la carte pour vous indiquer les coordonnées.","Dobbiamo essere precisi in questa faccenda della bandiera, perché Dunmar ha già organizzato una diretta dell'evento e insiste perché venga trasmessa su tutti gli schermi di <style=""OBJ-Kerbin"">Kerbin</style>. Nessuna pressione! Per aiutarti, sulla mappa comparirà un indicatore con le coordinate.","Bei unserem Flaggenpflanzen müssen wir präzise sein, denn Dunmar hat bereits eine Live-Übertragung des Ereignisses geplant und besteht darauf, dass sie auf jedem Bildschirm auf <style=""OBJ-Kerbin"">Kerbin</style> gezeigt wird. Kein Druck! Um dir zu helfen, erscheint auf der Karte eine Markierung mit den Koordinaten.","Tenemos que ser precisos con este asunto de la bandera, porque Dunmar ya ha organizado una retransmisión en directo del acontecimiento e insiste en que se emita en todas las pantallas de <style=""OBJ-Kerbin"">Kerbin</style>. ¡Sin presión! Para ayudarte, aparecerá en el mapa un marcador con las coordenadas.","この旗立てについては正確でなければいけません。ダンマーがすでにこのイベントの生中継を計画していて、<style=""OBJ-Kerbin"">カービン</style>のすべての画面で放映すると言い張っているんです。プレッシャーはかけませんよ！ 手助けとして、座標を示すマーカーが地図上に表示されます。","깃발을 꽂는 일은 정확해야 해요. 던마가 이미 이 행사의 생중계를 계획해 놓았고, <style=""OBJ-Kerbin"">커빈</style>의 모든 화면에 방송해야 한다고 고집하고 있거든요. 부담 갖지 마세요! 도움이 되도록 지도에 좌표를 표시하는 마커가 나타날 거예요.","Musimy być precyzyjni w tej sprawie z flagą, bo Dunmar zaplanował już transmisję na żywo z tego wydarzenia i upiera się, żeby pokazano ją na każdym ekranie na <style=""OBJ-Kerbin"">Kerbinie</style>. Bez presji! Żeby ci pomóc, na mapie pojawi się znacznik ze współrzędnymi.","С установкой флага нужно быть предельно точными: Данмар уже запланировал прямую трансляцию события и настаивает, чтобы ее показали на всех экранах <style=""OBJ-Kerbin"">Кербина</style>. Никакого давления! Чтобы вам было проще, на карте появится маркер с координатами.","插旗这件事我们必须做到精确，因为Dunmar已经安排好了这次活动的现场直播，而且坚持要在<style=""OBJ-Kerbin"">Kerbin</style>的每一块屏幕上播出。别有压力！为了帮助你，地图上会出现一个标记，显示坐标位置。","Precisamos ser precisos nesse negócio de fincar bandeira, porque o Dunmar já planejou uma transmissão ao vivo do evento e insiste em que ela passe em todas as telas de <style=""OBJ-Kerbin"">Kerbin</style>. Sem pressão! Para te ajudar, um marcador vai aparecer no mapa mostrando as coordenadas.","插旗這件事我們一定要做到精準，因為鄧瑪已經安排好這場活動的現場直播，還堅持要在<style=""OBJ-Kerbin"">坎巴拉星</style>的每一塊螢幕上播出。別有壓力喔！為了幫你，地圖上會出現一個標記，顯示座標位置。","We must be precise in our flag-plantin' business, as Dunmar has already planned a live broadcast o' the event, an' he insists on havin' it shown on every screen on <style=""OBJ-Kerbin"">Kerbin</style>. No pressure! To help ye, a marker will appear on the map showin' ye the coordinates.","Морамо бити прецизни у овом послу са заставом, јер је Данмар већ испланирао директан пренос догађаја и инсистира да се прикаже на сваком екрану на <style=""OBJ-Kerbin"">Кербину</style>. Без притиска! Да бисмо Вам помогли, на мапи ће се појавити ознака са координатама.","Vi måste vara noggranna med flaggplanteringen, eftersom Dunmar redan har planerat en direktsändning av evenemanget och insisterar på att den ska visas på varenda skärm på <style=""OBJ-Kerbin"">Kerbin</style>. Ingen press! För att hjälpa dig visas en markör på kartan med koordinaterna.","Trebuie să fim preciși cu treaba asta cu steagul, pentru că Dunmar a planificat deja o transmisiune în direct a evenimentului și insistă să fie difuzată pe fiecare ecran de pe <style=""OBJ-Kerbin"">Kerbin</style>. Fără presiune! Ca să vă ajutăm, pe hartă va apărea un marcaj cu coordonatele."
Missions/Secondary/MTES03/Brief04,Text,,"This mission is about more than just science, Director. It’s about showing the world what we’re capable of. And it’s about making sure Dunmar doesn’t have to resort to… <i>other</i> methods of securing funding. I shudder to think what those might be.","Cette mission ne se limite pas à la science, directeur. Il s'agit de montrer au monde ce dont nous sommes capables. Et de faire en sorte que Dunmar n'ait pas à recourir à… d'<i>autres</i> méthodes pour obtenir des financements. Je frémis rien qu'à l'idée de ce qu'elles pourraient être.","Questa missione non riguarda solo la scienza, direttore. Si tratta di mostrare al mondo di cosa siamo capaci. E di fare in modo che Dunmar non debba ricorrere ad… <i>altri</i> metodi per ottenere finanziamenti. Rabbrividisco al solo pensiero di quali potrebbero essere.","Bei dieser Mission geht es um mehr als nur Wissenschaft, Direktor. Es geht darum, der Welt zu zeigen, wozu wir fähig sind. Und darum, dafür zu sorgen, dass Dunmar nicht auf… <i>andere</i> Methoden zurückgreifen muss, um an Geld zu kommen. Mir graut schon bei dem Gedanken, was das sein könnte.","Esta misión va más allá de la ciencia, dire. Se trata de demostrarle al mundo de lo que somos capaces. Y de asegurarnos de que Dunmar no tenga que recurrir a… <i>otros</i> métodos para conseguir financiación. Me da escalofríos pensar cuáles podrían ser.","このミッションは科学だけの話じゃありません、所長。私たちに何ができるかを世界に示すことなんです。それに、ダンマーが資金を確保するために…<i>ほかの</i>手段に頼らなくて済むようにすることでもあります。それが何なのか、考えただけで身震いします。","이 임무는 과학 그 이상이에요, 국장님. 우리가 무엇을 할 수 있는지 세상에 보여주는 일이에요. 그리고 던마가 자금을 확보하기 위해… <i>다른</i> 방법에 의존하지 않아도 되도록 하는 일이기도 하고요. 그게 뭘지 생각만 해도 몸서리가 쳐져요.","Ta misja to coś więcej niż nauka, dyrektorze. Chodzi o pokazanie światu, do czego jesteśmy zdolni. I o to, żeby Dunmar nie musiał uciekać się do… <i>innych</i> metod zdobywania funduszy. Aż wzdrygam się na myśl, jakie mogłyby to być metody.","Эта миссия — не только о науке, директор. Она о том, чтобы показать миру, на что мы способны. И о том, чтобы Данмару не пришлось прибегать к… <i>другим</i> способам добычи финансирования. Даже думать боюсь, что это могут быть за способы.","这项任务的意义不仅仅在于科学，局长。它关乎向世界展示我们的能力。也关乎确保Dunmar不必诉诸……<i>其他</i>手段来争取资金。光是想想那些手段可能是什么，我就不寒而栗。","Esta missão é sobre mais do que só ciência, Diretor. É sobre mostrar ao mundo do que somos capazes. E sobre garantir que o Dunmar não precise recorrer a… <i>outros</i> métodos para conseguir verbas. Fico arrepiada só de pensar no que poderiam ser.","這項任務不只是科學而已，總監。它是要向全世界展示我們的能耐。也是要確保鄧瑪不必訴諸……<i>其他</i>手段來爭取資金。光想到那些手段可能是什麼，我就不寒而慄。","This voyage be about more than just science, Cap'n. It be about showin' the world what we be capable of. An' it be about makin' sure Dunmar don't have to resort to… <i>other</i> ways o' securin' doubloons. I shudder to think what those might be.","Ова мисија није само наука, директоре. Ради се о томе да свету покажемо за шта смо способни. И о томе да Данмар не мора да прибегне… <i>другим</i> методама обезбеђивања средстава. Језим се од помисли шта би то могло бити.","Det här uppdraget handlar om mer än bara vetenskap, chefen. Det handlar om att visa världen vad vi kan. Och om att se till att Dunmar inte behöver ta till… <i>andra</i> metoder för att skaffa finansiering. Jag ryser bara vid tanken på vad det skulle kunna vara.","Această misiune înseamnă mai mult decât știință, director. Este despre a-i arăta lumii de ce suntem în stare. Și despre a ne asigura că Dunmar nu va trebui să recurgă la… <i>alte</i> metode de obținere a fondurilor. Mă cutremur doar gândindu-mă care ar putea fi acelea."
Missions/Secondary/MTES03/Brief05,Text,,"Good luck, Director! And may your aim be true!","Bonne chance, directeur ! Et que votre visée soit juste !","Buona fortuna, direttore! E che la tua mira sia infallibile!","Viel Glück, Direktor! Und mögest du gut zielen!","¡Buena suerte, dire! ¡Y que tengas buena puntería!","幸運を祈ります、所長！ 狙いが正確でありますように！","행운을 빌어요, 국장님! 정확하게 조준하시길!","Powodzenia, dyrektorze! Oby twój cel był celny!","Удачи, директор! Пусть ваша рука будет твердой!","祝你好运，局长！愿你瞄得精准！","Boa sorte, Diretor! E que sua mira seja certeira!","祝你好運，總監！願你瞄得精準！","Fair winds, Cap'n! An' may yer aim be true!","Срећно, директоре! Нека Вам нишан буде прецизан!","Lycka till, chefen! Och må du sikta rätt!","Mult noroc, director! Și fie ca ținta să vă fie precisă!"
Missions/Secondary/MTES03/Debrief01,Text,,"Well done, Director, the flag is planted! Right at the precise geographical North Pole! The broadcast was a smashing success! I haven’t seen this many Kerbals glued to their screens since… well, since the last time we launched a rocket, but this was different!","Bien joué, directeur, le drapeau est planté ! Exactement au pôle Nord géographique ! La retransmission a été un succès retentissant ! Je n'avais pas vu autant de Kerbals scotchés à leur écran depuis… eh bien, depuis notre dernier lancement de fusée, mais cette fois, c'était différent !","Ben fatto, direttore, la bandiera è piantata! Esattamente nel Polo Nord geografico! La diretta è stata un successo strepitoso! Non vedevo così tanti Kerbal incollati agli schermi da… beh, dall'ultima volta che abbiamo lanciato un razzo, ma stavolta è stato diverso!","Gut gemacht, Direktor, die Flagge steht! Genau am geografischen Nordpol! Die Übertragung war ein Riesenerfolg! So viele Kerbals, die an ihren Bildschirmen klebten, habe ich nicht mehr gesehen seit… na ja, seit wir zuletzt eine Rakete gestartet haben, aber das hier war anders!","¡Bien hecho, dire, la bandera está plantada! ¡Justo en el polo norte geográfico! ¡La retransmisión ha sido un éxito rotundo! No veía a tantos kerbals pegados a la pantalla desde… bueno, desde la última vez que lanzamos un cohete, ¡pero esta vez ha sido diferente!","よくやりました、所長、旗が立ちました！ ちょうど地理的北極点にです！ 生中継は大成功でした！ こんなにたくさんのカーバルが画面に釘付けになっているのを見たのは…ええと、前回ロケットを打ち上げたとき以来ですが、今回は違いました！","잘하셨어요, 국장님, 깃발이 꽂혔어요! 정확히 지리적 북극점에요! 생중계는 대성공이었어요! 이렇게 많은 커벌이 화면에 눈을 떼지 못하는 건… 음, 지난번 로켓 발사 이후로 처음 봤는데, 이번엔 달랐어요!","Świetnie, dyrektorze, flaga zatknięta! Dokładnie na geograficznym biegunie północnym! Transmisja okazała się ogromnym sukcesem! Nie widziałam tylu Kerbali przyklejonych do ekranów od… no cóż, od ostatniego startu rakiety, ale tym razem było inaczej!","Отличная работа, директор, флаг установлен! Точно на географическом Северном полюсе! Трансляция прошла с оглушительным успехом! Я не видела столько кербалов, прилипших к экранам, с… ну, с нашего последнего запуска ракеты, но в этот раз все было по-другому!","干得好，局长，旗帜插上了！正好在精确的地理北极点！直播取得了巨大成功！我已经很久没见过这么多坎巴拉人盯着屏幕目不转睛了……嗯，上一次还是我们发射火箭的时候，但这次不一样！","Muito bem, Diretor, a bandeira está fincada! Exatamente no Polo Norte geográfico! A transmissão foi um sucesso estrondoso! Eu não via tantos Kerbals grudados nas telas desde… bem, desde a última vez que lançamos um foguete, mas desta vez foi diferente!","做得好，總監，旗子插上去了！就在精確的地理北極點！直播大獲成功！我已經好久沒看到這麼多坎巴拉人黏在螢幕前了……嗯，上次是我們發射火箭的時候，但這次不一樣！","Well done, Cap'n, the Jolly Roger be planted! Right at the precise geographical North Pole! The broadcast was a smashin' success! I ain't seen this many Kerbals glued to their screens since… well, since the last time we launched a rocket, but this was different!","Браво, директоре, застава је пободена! Тачно на географски Северни пол! Пренос је био громогласан успех! Нисам видела толико кербала залепљених за екране од… па, од нашег последњег лансирања ракете, али ово је било другачије!","Bra jobbat, chefen, flaggan är planterad! Exakt på den geografiska nordpolen! Sändningen blev en dundersuccé! Jag har inte sett så många kerbaler klistrade vid skärmarna sedan… tja, sedan vi senast sköt upp en raket, men det här var annorlunda!","Bravo, director, steagul e plantat! Exact la Polul Nord geografic! Transmisiunea a fost un succes răsunător! N-am mai văzut atâția kerbali lipiți de ecrane de… mă rog, de la ultima lansare a unei rachete, dar de data asta a fost altfel!"
Missions/Secondary/MTES03/Debrief02,Text,,"The images of the flag snapping in the polar wind are already iconic. Dunmar is ecstatic. He’s been giving interviews to every news outlet on <style=""OBJ-Kerbin"">Kerbin</style>, talking about “the dawn of a new era of polar exploration” and “the symbolic union of Kerbalkind with the icy north.” He even tried to convince them to rename the North Pole “Dunmar’s Peak” but, thankfully, that didn’t stick.","Les images du drapeau claquant dans le vent polaire sont déjà iconiques. Dunmar est aux anges. Il accorde des interviews à tous les médias de <style=""OBJ-Kerbin"">Kerbin</style>, où il parle de « l'aube d'une nouvelle ère de l'exploration polaire » et de « l'union symbolique de l'espèce kerbale avec le Grand Nord glacé ». Il a même essayé de les convaincre de rebaptiser le pôle Nord « le Pic de Dunmar », mais heureusement, ça n'a pas pris.","Le immagini della bandiera che sventola nel vento polare sono già iconiche. Dunmar è al settimo cielo. Sta rilasciando interviste a tutte le testate di <style=""OBJ-Kerbin"">Kerbin</style>, parlando de ""l'alba di una nuova era dell'esplorazione polare"" e de ""l'unione simbolica della stirpe kerbal con il gelido nord"". Ha persino cercato di convincerli a ribattezzare il Polo Nord ""Picco di Dunmar"" ma, per fortuna, la cosa non ha attecchito.","Die Bilder der im Polarwind flatternden Flagge sind schon jetzt Kult. Dunmar ist überglücklich. Er gibt jedem Nachrichtensender auf <style=""OBJ-Kerbin"">Kerbin</style> Interviews und spricht vom „Anbruch einer neuen Ära der Polarforschung“ und von der „symbolischen Vereinigung der Kerbalheit mit dem eisigen Norden“. Er hat sogar versucht, sie zu überreden, den Nordpol in „Dunmars Gipfel“ umzubenennen, aber zum Glück hat sich das nicht durchgesetzt.","Las imágenes de la bandera ondeando al viento polar ya son icónicas. Dunmar está que no cabe en sí de gozo. Ha concedido entrevistas a todos los medios de <style=""OBJ-Kerbin"">Kerbin</style>, hablando del ""amanecer de una nueva era de la exploración polar"" y de ""la unión simbólica de la raza kerbal con el gélido norte"". Incluso intentó convencerlos de que rebautizaran el polo norte como ""Pico de Dunmar"", pero, por suerte, no cuajó.","極地の風にはためく旗の映像は、もう象徴的な一枚になっています。ダンマーは有頂天です。<style=""OBJ-Kerbin"">カービン</style>中のあらゆる報道機関のインタビューに応じて、「極地探査の新時代の夜明け」や「カーバル族と氷の北との象徴的な結びつき」について語っています。北極を「ダンマーの峰」に改名するよう説得しようとまでしましたが、ありがたいことに定着しませんでした。","극지의 바람에 펄럭이는 깃발 사진은 벌써 상징적인 장면이 되었어요. 던마는 하늘을 날 듯이 기뻐하고 있어요. <style=""OBJ-Kerbin"">커빈</style>의 모든 언론사와 인터뷰를 하면서 '극지 탐사의 새로운 시대의 서막'과 '커벌 종족과 얼음의 북쪽의 상징적인 결합'에 대해 이야기하고 있어요. 심지어 북극의 이름을 '던마의 봉우리'로 바꾸자고 설득하려 했지만, 다행히도 받아들여지지 않았어요.","Zdjęcia flagi łopoczącej na polarnym wietrze już są kultowe. Dunmar jest wniebowzięty. Udziela wywiadów każdemu medium na <style=""OBJ-Kerbin"">Kerbinie</style>, mówiąc o „świcie nowej ery eksploracji polarnej” i „symbolicznym zjednoczeniu rodu Kerbali z lodową północą”. Próbował nawet przekonać ich, żeby przemianowali biegun północny na „Szczyt Dunmara”, ale na szczęście nic z tego nie wyszło.","Кадры флага, трепещущего на полярном ветру, уже стали культовыми. Данмар на седьмом небе. Он дает интервью всем СМИ <style=""OBJ-Kerbin"">Кербина</style> и рассуждает о «заре новой эпохи полярных исследований» и «символическом союзе кербальского рода с ледяным севером». Он даже пытался уговорить их переименовать Северный полюс в «Пик Данмара», но, к счастью, название не прижилось.","旗帜在极地寒风中猎猎作响的画面已经成了经典。Dunmar欣喜若狂。他一直在接受<style=""OBJ-Kerbin"">Kerbin</style>上每一家新闻媒体的采访，大谈“极地探索新时代的曙光”和“坎巴拉族与冰封北方的象征性结合”。他甚至试图说服他们把北极改名为“Dunmar峰”，不过谢天谢地，这个名字没能流传开来。","As imagens da bandeira tremulando ao vento polar já são icônicas. O Dunmar está nas nuvens. Ele tem dado entrevistas para todos os veículos de imprensa de <style=""OBJ-Kerbin"">Kerbin</style>, falando sobre ""o alvorecer de uma nova era da exploração polar"" e ""a união simbólica da espécie kerbal com o norte gelado"". Ele até tentou convencê-los a rebatizar o Polo Norte de ""Pico do Dunmar"", mas, felizmente, não pegou.","旗幟在極地寒風中飄揚的畫面已經成為經典。鄧瑪開心得不得了。他接受了<style=""OBJ-Kerbin"">坎巴拉星</style>上每一家新聞媒體的訪問，大談「極地探索新紀元的曙光」和「坎巴拉族與冰封北方的象徵性結合」。他甚至想說服他們把北極改名為「鄧瑪峰」，不過謝天謝地，這個名字沒有傳開。","The pictures o' the flag snappin' in the polar wind be already legendary. Dunmar be over the moon. He's been givin' interviews to every news outlet on <style=""OBJ-Kerbin"">Kerbin</style>, talkin' about ""the dawn o' a new era o' polar exploration"" an' ""the symbolic union o' Kerbalkind with the icy north."" He even tried to convince 'em to rename the North Pole ""Dunmar's Peak"" but, thankfully, that didn't stick.","Снимци заставе која се вијори на поларном ветру већ су култни. Данмар је на седмом небу. Даје интервјуе свим медијима на <style=""OBJ-Kerbin"">Кербину</style>, говорећи о „зори нове ере поларних истраживања” и „симболичном јединству кербалског рода са леденим севером”. Чак је покушао да их убеди да Северни пол преименују у „Данмаров врх”, али, срећом, то се није примило.","Bilderna av flaggan som smattrar i polarvinden är redan ikoniska. Dunmar är i extas. Han har gett intervjuer till varenda nyhetskanal på <style=""OBJ-Kerbin"">Kerbin</style> och pratat om ”gryningen för en ny era av polarutforskning” och ”den symboliska föreningen mellan kerbalsläktet och den isiga norden”. Han försökte till och med övertala dem att döpa om Nordpolen till ”Dunmars topp”, men som tur var fastnade det inte.","Imaginile steagului fluturând în vântul polar au devenit deja iconice. Dunmar e în al nouălea cer. A dat interviuri tuturor publicațiilor de pe <style=""OBJ-Kerbin"">Kerbin</style>, vorbind despre „zorii unei noi ere a explorării polare” și „uniunea simbolică dintre neamul kerbal și nordul înghețat”. A încercat chiar să-i convingă să redenumească Polul Nord „Vârful lui Dunmar”, dar, din fericire, numele nu s-a prins."
Missions/Secondary/MTES03/Debrief03,Text,,"But the best news? The success of this mission has sparked serious discussions about establishing a permanent research presence at the North Pole! The higher-ups are finally seeing the value of long-term polar research. They’re talking about building a research outpost, a scientific hub at the top of the world! And it’s all thanks to you.","Mais la meilleure nouvelle ? Le succès de cette mission a lancé de sérieuses discussions sur l'établissement d'une présence scientifique permanente au pôle Nord ! La hiérarchie commence enfin à voir l'intérêt de la recherche polaire à long terme. On parle de construire un avant-poste de recherche, un pôle scientifique au sommet du monde ! Et c'est grâce à vous.","Ma la notizia migliore? Il successo di questa missione ha avviato discussioni serie sulla creazione di una presenza di ricerca permanente al Polo Nord! I piani alti stanno finalmente capendo il valore della ricerca polare a lungo termine. Si parla di costruire un avamposto di ricerca, un centro scientifico in cima al mondo! Ed è tutto merito tuo.","Aber die beste Nachricht? Der Erfolg dieser Mission hat ernsthafte Diskussionen über eine dauerhafte Forschungspräsenz am Nordpol ausgelöst! Die Chefetage erkennt endlich den Wert langfristiger Polarforschung. Man spricht davon, einen Forschungsaußenposten zu bauen, ein wissenschaftliches Zentrum auf dem Dach der Welt! Und das alles dank dir.","¿Pero la mejor noticia? ¡El éxito de esta misión ha desatado debates serios sobre establecer una presencia científica permanente en el polo norte! Los de arriba por fin empiezan a ver el valor de la investigación polar a largo plazo. Hablan de construir un puesto de investigación, ¡un centro científico en la cima del mundo! Y todo gracias a ti.","でも一番のニュースは？ このミッションの成功で、北極に恒久的な研究拠点を設けることについて真剣な議論が始まったんです！ 上層部もようやく長期的な極地研究の価値を理解し始めました。研究前哨基地、つまり世界のてっぺんにある科学の拠点を建設する話が出ているんです！ これもすべて所長のおかげです。","그런데 가장 좋은 소식은요? 이번 임무의 성공으로 북극에 영구적인 연구 거점을 세우는 것에 대해 진지한 논의가 시작되었어요! 윗선에서도 드디어 장기적인 극지 연구의 가치를 알아보기 시작했어요. 연구 전초기지, 세상 꼭대기에 있는 과학의 중심지를 짓자는 이야기가 나오고 있어요! 이게 다 국장님 덕분이에요.","Ale najlepsza wiadomość? Sukces tej misji zapoczątkował poważne dyskusje o stałej obecności naukowej na biegunie północnym! Góra wreszcie dostrzega wartość długoterminowych badań polarnych. Mówi się o budowie placówki badawczej, naukowego ośrodka na szczycie świata! A to wszystko dzięki tobie.","Но лучшая новость? Успех этой миссии вызвал серьезные обсуждения постоянного научного присутствия на Северном полюсе! Начальство наконец-то видит ценность долгосрочных полярных исследований. Говорят о строительстве исследовательского аванпоста — научного центра на вершине мира! И все это благодаря вам.","但最好的消息是什么呢？这次任务的成功引发了关于在北极建立永久性科研据点的认真讨论！高层终于开始认识到长期极地研究的价值了。他们正在讨论建造一座科研前哨站，一个位于世界之巅的科学中心！这一切都多亏了你。","Mas a melhor notícia? O sucesso desta missão desencadeou discussões sérias sobre estabelecer uma presença científica permanente no Polo Norte! O alto escalão finalmente está vendo o valor da pesquisa polar de longo prazo. Estão falando em construir um posto avançado de pesquisa, um centro científico no topo do mundo! E tudo graças a você.","但最棒的消息是什麼？這次任務的成功，引發了在北極建立永久研究據點的認真討論！高層終於開始看見長期極地研究的價值了。他們在討論蓋一座研究前哨站，一個位在世界頂端的科學中心！這全都要歸功於你。","But the best news? The success o' this voyage has sparked serious talk about settin' up a permanent research post at the North Pole! The officers be finally seein' the value o' long-term polar research. They be talkin' about buildin' a research outpost, a scientific hub at the top o' the world! An' it be all thanks to ye.","Али најбоља вест? Успех ове мисије покренуо је озбиљне разговоре о успостављању сталног истраживачког присуства на Северном полу! Претпостављени коначно увиђају вредност дугорочних поларних истраживања. Говоре о изградњи истраживачке испоставе, научног средишта на врху света! И све је то захваљујући Вама.","Men den bästa nyheten? Uppdragets framgång har satt igång seriösa diskussioner om att etablera en permanent forskningsnärvaro på Nordpolen! De högre cheferna ser äntligen värdet av långsiktig polarforskning. De pratar om att bygga en forskningsutpost, ett vetenskapligt nav på toppen av världen! Och det är helt tack vare dig.","Dar cea mai bună veste? Succesul acestei misiuni a declanșat discuții serioase despre stabilirea unei prezențe permanente de cercetare la Polul Nord! Cei de sus văd în sfârșit valoarea cercetării polare pe termen lung. Se vorbește despre construirea unui avanpost de cercetare, un centru științific în vârful lumii! Și totul datorită dumneavoastră."
Missions/Secondary/MTES03/Debrief04,Text,,"You’ve not only planted a flag, Director, you’ve planted the seed for a whole new chapter in Kerbal history. You’ve shown the world that we can achieve anything we set our minds to, even when it involves navigating to a tiny point on a giant sphere. You should be proud!","Vous n'avez pas seulement planté un drapeau, directeur, vous avez planté la graine d'un tout nouveau chapitre de l'histoire kerbale. Vous avez montré au monde que nous pouvons accomplir tout ce que nous entreprenons, même quand il s'agit de rejoindre un point minuscule sur une sphère géante. Vous pouvez être fier !","Non hai solo piantato una bandiera, direttore, hai piantato il seme di un capitolo completamente nuovo della storia kerbal. Hai mostrato al mondo che possiamo realizzare qualsiasi cosa ci mettiamo in testa, anche quando si tratta di raggiungere un puntino minuscolo su una sfera gigante. Dovresti esserne fiero!","Du hast nicht nur eine Flagge gepflanzt, Direktor, du hast den Samen für ein ganz neues Kapitel der Kerbal-Geschichte gepflanzt. Du hast der Welt gezeigt, dass wir alles erreichen können, was wir uns vornehmen, selbst wenn es darum geht, einen winzigen Punkt auf einer riesigen Kugel anzusteuern. Darauf kannst du stolz sein!","No solo has plantado una bandera, dire, has plantado la semilla de un capítulo totalmente nuevo en la historia kerbal. Has demostrado al mundo que podemos lograr cualquier cosa que nos propongamos, incluso cuando se trata de llegar a un punto diminuto sobre una esfera gigante. ¡Deberías estar orgulloso!","所長は旗を立てただけじゃありません。カーバルの歴史のまったく新しい章の種をまいたんです。巨大な球体の上の小さな一点を目指すようなことでも、心に決めたことは何でも成し遂げられると世界に示したんです。誇りに思ってください！","국장님은 깃발만 꽂으신 게 아니에요. 커벌 역사의 완전히 새로운 장을 여는 씨앗을 심으신 거예요. 거대한 구체 위의 작은 점 하나를 찾아가는 일이라 해도, 마음먹은 일은 무엇이든 이룰 수 있다는 걸 세상에 보여주셨어요. 자랑스러워하셔도 돼요!","Nie tylko zatknąłeś flagę, dyrektorze, ale zasiałeś ziarno zupełnie nowego rozdziału w historii Kerbali. Pokazałeś światu, że możemy osiągnąć wszystko, co sobie postanowimy, nawet jeśli chodzi o dotarcie do maleńkiego punktu na olbrzymiej kuli. Możesz być z siebie dumny!","Вы не просто установили флаг, директор, — вы посеяли семя совершенно новой главы в истории кербалов. Вы показали миру, что мы можем добиться всего, чего захотим, даже если речь идет о том, чтобы попасть в крошечную точку на гигантской сфере. Можете собой гордиться!","你插下的不只是一面旗帜，局长，你还播下了坎巴拉历史全新篇章的种子。你向世界证明了，只要下定决心，我们就能实现任何目标，哪怕是要抵达巨大球体上的一个小点。你应该感到骄傲！","Você não só fincou uma bandeira, Diretor, você plantou a semente de um capítulo totalmente novo na história kerbal. Mostrou ao mundo que podemos conquistar qualquer coisa a que nos dedicarmos, mesmo quando isso envolve navegar até um pontinho minúsculo numa esfera gigante. Você deveria se orgulhar!","你插下的不只是一面旗幟，總監，你還種下了坎巴拉歷史全新篇章的種子。你向全世界證明了，只要我們下定決心，就能完成任何事，就算是要抵達一顆巨大球體上的小小一點也一樣。你應該感到驕傲！","Ye've not only planted a flag, Cap'n, ye've planted the seed fer a whole new chapter in Kerbal history. Ye've shown the world that we can achieve anythin' we set our minds to, even when it means navigatin' to a tiny point on a giant sphere. Ye should be proud!","Нисте само побили заставу, директоре, засадили сте семе потпуно новог поглавља у историји кербала. Показали сте свету да можемо да постигнемо све што наумимо, чак и када то значи стићи до сићушне тачке на огромној лопти. Треба да будете поносни!","Du har inte bara planterat en flagga, chefen, du har planterat fröet till ett helt nytt kapitel i kerbalernas historia. Du har visat världen att vi kan uppnå allt vi föresätter oss, även när det handlar om att navigera till en pytteliten punkt på ett jätteklot. Du kan vara stolt!","Nu ați plantat doar un steag, director, ați plantat sămânța unui capitol cu totul nou din istoria kerbalilor. I-ați arătat lumii că putem realiza orice ne propunem, chiar și atunci când e vorba să navigăm până la un punct minuscul pe o sferă uriașă. Ar trebui să fiți mândru!"

Missions/Secondary/MTES04/Name,Text,,"The Frozen Frontier","La frontière gelée","La frontiera ghiacciata","Die gefrorene Grenze","La frontera helada","凍てつくフロンティア","얼어붙은 개척지","Zamarznięta granica","Ледяной рубеж","冰封边疆","A fronteira congelada","冰封邊境","The Frozen Frontier","Залеђена граница","Den frusna gränsen","Frontiera înghețată"
Missions/Secondary/MTES04/Description,Text,,"We have a go to establish the first research station at the North Pole.","Nous avons le feu vert pour établir la première station de recherche au pôle Nord.","Abbiamo il via libera per stabilire la prima stazione di ricerca al Polo Nord.","Wir haben grünes Licht, die erste Forschungsstation am Nordpol zu errichten.","Tenemos luz verde para establecer la primera estación de investigación en el polo norte.","北極に初の研究ステーションを建設する許可が下りました。","북극에 최초의 연구 기지를 세우라는 승인이 떨어졌어요.","Mamy zielone światło na założenie pierwszej stacji badawczej na biegunie północnym.","Нам дали добро на создание первой исследовательской станции на Северном полюсе.","我们获准在北极建立第一座科研站。","Temos sinal verde para estabelecer a primeira estação de pesquisa no Polo Norte.","我們獲准在北極建立第一座研究站。","We've got the green flag to set up the first research station at the North Pole.","Добили смо одобрење да успоставимо прву истраживачку станицу на Северном полу.","Vi har fått klartecken att etablera den första forskningsstationen på Nordpolen.","Avem undă verde să înființăm prima stație de cercetare la Polul Nord."
Missions/Secondary/MTES04/Objective,Text,,"Land a base station at the North Pole with a RGSCM-01 science experiment and three Kerbals.","Poser une station au pôle Nord avec une expérience scientifique RGSCM-01 et trois Kerbals.","Fai atterrare una stazione base al Polo Nord con un esperimento scientifico RGSCM-01 e tre Kerbal.","Lande eine Basisstation am Nordpol mit einem RGSCM-01-Wissenschaftsexperiment und drei Kerbals.","Haz aterrizar una estación base en el polo norte con un experimento científico RGSCM-01 y tres kerbals.","RGSCM-01科学実験装置と3人のカーバルを乗せた基地ステーションを北極に着陸させる。","RGSCM-01 과학 실험 장비와 커벌 3명을 갖춘 기지를 북극에 착륙시키세요.","Wyląduj stacją bazową na biegunie północnym z eksperymentem naukowym RGSCM-01 i trzema Kerbalami.","Посадите базовую станцию на Северном полюсе с научным модулем RGSCM-01 и тремя кербалами.","让一座配备RGSCM-01科学实验装置并搭载三名坎巴拉人的基地站降落在北极。","Pouse uma estação-base no Polo Norte com um experimento científico RGSCM-01 e três Kerbals.","讓一座配備RGSCM-01科學實驗並搭載三名坎巴拉人的基地站降落在北極。","Land a base station at the North Pole with a RGSCM-01 science experiment an' three Kerbals.","Спустите базну станицу на Северни пол са научним експериментом RGSCM-01 и три кербала.","Landa en basstation på Nordpolen med ett RGSCM-01-vetenskapsexperiment och tre kerbaler.","Aterizați o stație de bază la Polul Nord, cu un experiment științific RGSCM-01 și trei kerbali."
Missions/Secondary/MTES04/Brief01,Text,,"Public support is at an all-time high, and Dunmar… well, he’s finally calmed down a bit. He’s stopped wearing that makeshift ice crown, at least. But he’s already moved on to his next grand scheme: a permanent research station at the North Pole!","Le soutien du public est au plus haut, et Dunmar… eh bien, il s'est enfin un peu calmé. Au moins, il a arrêté de porter cette couronne de glace de fortune. Mais il est déjà passé à son prochain grand projet : une station de recherche permanente au pôle Nord !","Il sostegno del pubblico è ai massimi storici, e Dunmar… beh, finalmente si è un po' calmato. Almeno ha smesso di indossare quella corona di ghiaccio improvvisata. Ma è già passato al suo prossimo grande progetto: una stazione di ricerca permanente al Polo Nord!","Die Unterstützung der Öffentlichkeit ist auf einem Allzeithoch, und Dunmar… na ja, er hat sich endlich etwas beruhigt. Zumindest trägt er diese improvisierte Eiskrone nicht mehr. Aber er ist schon bei seinem nächsten großen Plan: einer dauerhaften Forschungsstation am Nordpol!","El apoyo del público está en máximos históricos, y Dunmar… bueno, por fin se ha calmado un poco. Al menos ha dejado de llevar esa corona de hielo improvisada. Pero ya ha pasado a su siguiente gran plan: ¡una estación de investigación permanente en el polo norte!","世間の支持は過去最高で、ダンマーは…まあ、ようやく少し落ち着きました。少なくとも、あの即席の氷の王冠をかぶるのはやめたようです。でも、彼はもう次の壮大な計画に移っています。北極の恒久的な研究ステーションです！","대중의 지지는 역대 최고 수준이고, 던마는… 음, 드디어 조금 진정했어요. 적어도 그 즉석 얼음 왕관은 더 이상 쓰지 않아요. 하지만 벌써 다음 원대한 계획으로 넘어갔어요. 바로 북극의 영구 연구 기지예요!","Poparcie społeczne jest rekordowo wysokie, a Dunmar… cóż, w końcu trochę się uspokoił. Przynajmniej przestał nosić tę prowizoryczną lodową koronę. Ale już przeszedł do kolejnego wielkiego planu: stałej stacji badawczej na biegunie północnym!","Поддержка общественности на рекордно высоком уровне, а Данмар… ну, он наконец-то немного успокоился. По крайней мере, перестал носить ту самодельную ледяную корону. Но он уже переключился на свой следующий грандиозный план — постоянную исследовательскую станцию на Северном полюсе!","公众支持度达到了历史最高点，而Dunmar……嗯，他终于稍微冷静下来了。至少他不再戴那顶临时拼凑的冰王冠了。不过他已经开始筹划下一个宏伟计划了：一座位于北极的永久性科研站！","O apoio do público está no nível mais alto de todos os tempos, e o Dunmar… bem, finalmente se acalmou um pouco. Pelo menos parou de usar aquela coroa de gelo improvisada. Mas ele já partiu para o próximo grande plano: uma estação de pesquisa permanente no Polo Norte!","大眾支持度創下歷史新高，而鄧瑪……嗯，他終於稍微冷靜下來了。至少他不再戴那頂臨時湊合的冰王冠了。不過他已經在籌劃下一個偉大計畫：一座位在北極的永久研究站！","Public support be at an all-time high, an' Dunmar… well, he's finally calmed down a bit. He's stopped wearin' that makeshift ice crown, at least. But he's already moved on to his next grand scheme: a permanent research station at the North Pole!","Подршка јавности је на највишем нивоу свих времена, а Данмар… па, коначно се мало смирио. Бар је престао да носи ону импровизовану ледену круну. Али већ је прешао на свој следећи велики план: сталну истраживачку станицу на Северном полу!","Allmänhetens stöd är rekordhögt, och Dunmar… tja, han har äntligen lugnat ner sig lite. Han har i alla fall slutat bära den där provisoriska iskronan. Men han har redan gått vidare till sin nästa storslagna plan: en permanent forskningsstation på Nordpolen!","Sprijinul publicului este la cote maxime, iar Dunmar… mă rog, în sfârșit s-a mai calmat puțin. Măcar nu mai poartă coroana aceea improvizată de gheață. Dar a trecut deja la următorul său plan grandios: o stație de cercetare permanentă la Polul Nord!"
Missions/Secondary/MTES04/Brief02,Text,,"And you know what? Management actually agreed! They were so impressed with the positive feedback from the flag mission that they’ve given us the go-ahead to establish a polar outpost. This will be a state-of-the-art facility, equipped with everything our scientists need to study the polar environment. And, perhaps more importantly, it will serve as Dunmar’s… <i>summer retreat</i>. He’s already packing his thermal underwear and a lifetime supply of hot cocoa.","Et vous savez quoi ? La direction a accepté ! Ils ont été tellement impressionnés par les retours positifs de la mission du drapeau qu'ils nous ont donné le feu vert pour établir un avant-poste polaire. Ce sera une installation à la pointe de la technologie, équipée de tout ce dont nos scientifiques ont besoin pour étudier l'environnement polaire. Et, peut-être plus important encore, elle servira de… <i>résidence d'été</i> à Dunmar. Il prépare déjà ses sous-vêtements thermiques et une réserve de chocolat chaud pour toute une vie.","E sai una cosa? La direzione ha accettato! Sono rimasti così colpiti dai riscontri positivi della missione della bandiera che ci hanno dato il via libera per stabilire un avamposto polare. Sarà una struttura all'avanguardia, dotata di tutto ciò di cui i nostri scienziati hanno bisogno per studiare l'ambiente polare. E, forse ancora più importante, farà da… <i>residenza estiva</i> per Dunmar. Sta già preparando la biancheria termica e una scorta di cioccolata calda per tutta la vita.","Und weißt du was? Die Geschäftsleitung hat tatsächlich zugestimmt! Sie waren so beeindruckt von den positiven Rückmeldungen zur Flaggenmission, dass sie uns grünes Licht für einen Außenposten am Pol gegeben haben. Es wird eine hochmoderne Einrichtung, ausgestattet mit allem, was unsere Wissenschaftler zur Erforschung der Polarumgebung brauchen. Und, vielleicht noch wichtiger, sie wird Dunmar als… <i>Sommerresidenz</i> dienen. Er packt schon seine Thermounterwäsche und einen lebenslangen Vorrat an heißem Kakao ein.","¿Y sabes qué? ¡La dirección ha aceptado! Les impresionaron tanto las reacciones positivas a la misión de la bandera que nos han dado luz verde para establecer un puesto avanzado polar. Será una instalación de última generación, equipada con todo lo que nuestros científicos necesitan para estudiar el entorno polar. Y, quizá lo más importante, servirá como… <i>residencia de verano</i> de Dunmar. Ya está haciendo la maleta con su ropa interior térmica y chocolate caliente para toda la vida.","それで、どうなったと思います？ 経営陣が本当に承認したんです！ 旗のミッションへの好意的な反響にすっかり感心して、極地前哨基地の建設にゴーサインを出してくれました。最先端の施設になりますよ。科学者たちが極地の環境を研究するのに必要なものがすべて揃っています。そして、たぶんもっと大事なことに、ダンマーの…<i>夏の別荘</i>にもなるんです。彼はもう保温下着と一生分のホットココアを荷造りしています。","그런데 그거 아세요? 경영진이 정말로 동의했어요! 깃발 임무에 대한 긍정적인 반응에 너무 감명을 받아서 극지 전초기지 건설을 승인해 줬어요. 과학자들이 극지 환경을 연구하는 데 필요한 모든 것을 갖춘 최첨단 시설이 될 거예요. 그리고 어쩌면 더 중요하게도, 던마의… <i>여름 별장</i> 역할도 하게 될 거예요. 그는 벌써 보온 내복과 평생 마실 핫초코를 챙기고 있어요.","I wiesz co? Zarząd się zgodził! Byli pod takim wrażeniem pozytywnych reakcji na misję z flagą, że dali nam zielone światło na założenie placówki polarnej. Będzie to nowoczesny obiekt, wyposażony we wszystko, czego nasi naukowcy potrzebują do badania środowiska polarnego. A co może ważniejsze, posłuży jako… <i>letnia rezydencja</i> Dunmara. Już pakuje termiczną bieliznę i zapas gorącego kakao na całe życie.","И знаете что? Руководство согласилось! Их так впечатлили положительные отзывы о миссии с флагом, что нам дали добро на создание полярного аванпоста. Это будет ультрасовременный объект, оснащенный всем необходимым для изучения полярной среды. И, что, возможно, еще важнее, он станет… <i>летней резиденцией</i> Данмара. Он уже пакует термобелье и пожизненный запас горячего какао.","你猜怎么着？管理层居然同意了！他们对插旗任务获得的积极反响印象深刻，于是批准我们建立一座极地前哨站。这将是一座最先进的设施，配备我们的科学家研究极地环境所需的一切。而且，也许更重要的是，它还将成为Dunmar的……<i>避暑别墅</i>。他已经在打包保暖内衣和够喝一辈子的热可可了。","E sabe de uma coisa? A diretoria aceitou! Eles ficaram tão impressionados com a repercussão positiva da missão da bandeira que nos deram sinal verde para estabelecer um posto avançado polar. Será uma instalação de última geração, equipada com tudo de que nossos cientistas precisam para estudar o ambiente polar. E, talvez o mais importante, vai servir de… <i>casa de veraneio</i> do Dunmar. Ele já está fazendo as malas com roupa térmica e um estoque vitalício de chocolate quente.","你猜怎麼樣？管理階層居然同意了！他們對插旗任務的正面迴響印象深刻，所以批准我們建立一座極地前哨站。這會是一座最先進的設施，配備科學家研究極地環境所需的一切。而且，也許更重要的是，它還會成為鄧瑪的……<i>避暑別墅</i>。他已經在打包保暖內衣和一輩子都喝不完的熱可可了。","An' ye know what? Management actually agreed! They were so impressed with the cheers from the flag voyage that they've given us the green flag to set up a polar outpost. It'll be a top-notch facility, stocked with everythin' our scientists need to study the polar waters an' ice. An', perhaps more importantly, it'll serve as Dunmar's… <i>summer retreat</i>. He's already packin' his thermal underwear an' a lifetime supply o' hot cocoa.","И знате шта? Управа је заиста пристала! Толико су били импресионирани позитивним реакцијама на мисију са заставом да су нам дали зелено светло за поларну испоставу. То ће бити најсавременији објекат, опремљен свиме што је нашим научницима потребно за проучавање поларне средине. А, што је можда још важније, служиће као Данмарова… <i>летња резиденција</i>. Он већ пакује термо веш и доживотну залиху топлог какаоа.","Och vet du vad? Ledningen gick faktiskt med på det! De var så imponerade av den positiva responsen på flagguppdraget att de har gett oss klartecken att etablera en polarutpost. Det blir en toppmodern anläggning, utrustad med allt våra forskare behöver för att studera polarmiljön. Och, kanske ännu viktigare, den ska fungera som Dunmars… <i>sommarviste</i>. Han packar redan sina långkalsonger och ett livslångt förråd av varm choklad.","Și știți ce? Conducerea chiar a fost de acord! Au fost atât de impresionați de reacțiile pozitive la misiunea cu steagul încât ne-au dat undă verde pentru un avanpost polar. Va fi o unitate de ultimă generație, echipată cu tot ce le trebuie oamenilor noștri de știință pentru a studia mediul polar. Și, poate mai important, va servi drept… <i>reședință de vară</i> a lui Dunmar. Își face deja bagajele cu lenjerie termică și o rezervă de ciocolată caldă pe viață."
Missions/Secondary/MTES04/Brief03,Text,,"Now, we’re not aiming for the <i>exact</i> geographical North Pole this time. Anywhere above the 80th parallel will do. We want a location that’s relatively flat, stable, and preferably not too close to any active glaciers. We don’t want Dunmar’s retreat to become an impromptu ice floe.

<style=""TXT-Objective"">Establish a permanent research station at the North Pole, above the 80th parallel. The station must be equipped with a RGSCM-01 “Science Jr. Jr.” and crewed by three Kerbals.</style>","Cette fois, nous ne visons pas le pôle Nord géographique <i>exact</i>. N'importe où au-delà du 80e parallèle fera l'affaire. Nous voulons un emplacement relativement plat, stable et, de préférence, pas trop près d'un glacier actif. Il ne faudrait pas que la retraite de Dunmar se transforme en banquise à la dérive.

<style=""TXT-Objective"">Établissez une station de recherche permanente au pôle Nord, au-delà du 80e parallèle. La station doit être équipée d'un RGSCM-01 « Science Junior Junior » et compter trois Kerbals à son bord.</style>","Questa volta non puntiamo al Polo Nord geografico <i>esatto</i>. Va bene qualsiasi punto oltre l'80° parallelo. Vogliamo un luogo relativamente pianeggiante, stabile e preferibilmente non troppo vicino a ghiacciai attivi. Non vogliamo che il rifugio di Dunmar diventi un lastrone di ghiaccio alla deriva.

<style=""TXT-Objective"">Stabilisci una stazione di ricerca permanente al Polo Nord, oltre l'80° parallelo. La stazione deve essere dotata di un RGSCM-01 ""Piccolissima Scienza"" e avere un equipaggio di tre Kerbal.</style>","Diesmal zielen wir nicht auf den <i>exakten</i> geografischen Nordpol. Irgendwo nördlich des 80. Breitengrads reicht. Wir wollen einen Standort, der relativ flach und stabil ist und möglichst nicht zu nah an aktiven Gletschern liegt. Wir wollen nicht, dass Dunmars Refugium zur spontanen Eisscholle wird.

<style=""TXT-Objective"">Errichte eine dauerhafte Forschungsstation am Nordpol, nördlich des 80. Breitengrads. Die Station muss mit einem RGSCM-01 „Science Jr. Jr.“ ausgestattet und mit drei Kerbals besetzt sein.</style>","Esta vez no apuntamos al polo norte geográfico <i>exacto</i>. Cualquier punto por encima del paralelo 80 valdrá. Queremos un lugar relativamente llano, estable y, preferiblemente, no demasiado cerca de ningún glaciar activo. No queremos que el refugio de Dunmar se convierta en un témpano a la deriva.

<style=""TXT-Objective"">Establece una estación de investigación permanente en el polo norte, por encima del paralelo 80. La estación debe estar equipada con un RGSCM-01 ""Ciencia Jr. Jr."" y tener una tripulación de tres kerbals.</style>","今回は<i>正確な</i>地理的北極点を目指すわけではありません。北緯80度より北ならどこでも構いません。比較的平らで安定していて、できれば活動中の氷河にあまり近くない場所がいいですね。ダンマーの隠れ家が即席の流氷になっては困りますから。

<style=""TXT-Objective"">北緯80度より北の北極に恒久的な研究ステーションを建設してください。ステーションにはRGSCM-01「サイエンスJr.Jr.」を装備し、3人のカーバルを乗せる必要があります。</style>","이번에는 <i>정확한</i> 지리적 북극점을 목표로 하지 않아요. 북위 80도 이상이면 어디든 괜찮아요. 비교적 평평하고 안정적이며, 가급적 활동 중인 빙하와 너무 가깝지 않은 곳이 좋겠어요. 던마의 은신처가 졸지에 떠다니는 유빙이 되면 안 되니까요.

<style=""TXT-Objective"">북위 80도 이상의 북극에 영구 연구 기지를 세우세요. 기지에는 RGSCM-01 ""사이언스 주니어 주니어""가 장착되어야 하고 커벌 3명이 탑승해야 합니다.</style>","Tym razem nie celujemy w <i>dokładny</i> geograficzny biegun północny. Wystarczy dowolne miejsce powyżej 80. równoleżnika. Chcemy lokalizacji stosunkowo płaskiej, stabilnej i najlepiej niezbyt blisko aktywnych lodowców. Nie chcemy, żeby letnisko Dunmara zamieniło się w dryfującą krę.

<style=""TXT-Objective"">Załóż stałą stację badawczą na biegunie północnym, powyżej 80. równoleżnika. Stacja musi być wyposażona w RGSCM-01 „Licencjat” i mieć trzyosobową załogę Kerbali.</style>","На этот раз мы не целимся <i>точно</i> в географический Северный полюс. Подойдет любое место севернее 80-й параллели. Нам нужна относительно ровная и устойчивая площадка, желательно не слишком близко к активным ледникам. Не хотелось бы, чтобы убежище Данмара превратилось в дрейфующую льдину.

<style=""TXT-Objective"">Создайте постоянную исследовательскую станцию на Северном полюсе, севернее 80-й параллели. Станция должна быть оснащена модулем RGSCM-01 «Крошка-ученый», а ее экипаж должен состоять из трех кербалов.</style>","这次我们的目标不是<i>精确的</i>地理北极点。北纬80度以北的任何地方都可以。我们需要一个相对平坦、稳定的地点，最好离活跃的冰川不要太近。我们可不希望Dunmar的度假屋变成一块临时浮冰。

<style=""TXT-Objective"">在北极北纬80度以北建立一座永久性科研站。科研站必须配备一台RGSCM-01“小小科学家迷你版”，并搭载三名坎巴拉人。</style>","Desta vez não estamos mirando o Polo Norte geográfico <i>exato</i>. Qualquer lugar acima do paralelo 80 serve. Queremos um local relativamente plano, estável e, de preferência, não muito perto de geleiras ativas. Não queremos que o refúgio do Dunmar vire um bloco de gelo à deriva.

<style=""TXT-Objective"">Estabeleça uma estação de pesquisa permanente no Polo Norte, acima do paralelo 80. A estação deve estar equipada com um RGSCM-01 ""Ciência Jr. Jr."" e ter uma tripulação de três Kerbals.</style>","這次我們的目標不是<i>精確的</i>地理北極點。北緯80度以北的任何地方都可以。我們要找一個相對平坦、穩定，最好不要離活躍冰川太近的地點。我們可不希望鄧瑪的度假小屋變成一塊臨時浮冰。

<style=""TXT-Objective"">在北極北緯80度以北建立一座永久研究站。研究站必須配備一台RGSCM-01「科學小子」，並搭載三名坎巴拉人。</style>","Now, we ain't aimin' fer the <i>exact</i> geographical North Pole this time. Anywhere above the 80th parallel will do. We want a spot that be fairly flat, stable, an' preferably not too close to any active glaciers. We don't want Dunmar's retreat to become a driftin' ice floe.

<style=""TXT-Objective"">Set up a permanent research station at the North Pole, above the 80th parallel. The station must be fitted with a RGSCM-01 ""Science Jr. Jr."" an' crewed by three Kerbals.</style>","Овог пута не циљамо <i>тачан</i> географски Северни пол. Било које место северно од 80. паралеле биће довољно. Желимо локацију која је релативно равна, стабилна и по могућству не превише близу активних глечера. Не желимо да се Данмарово уточиште претвори у ледену санту која плута.

<style=""TXT-Objective"">Успоставите сталну истраживачку станицу на Северном полу, северно од 80. паралеле. Станица мора бити опремљена уређајем RGSCM-01 „Science Jr. Jr.” и имати посаду од три кербала.</style>","Den här gången siktar vi inte på den <i>exakta</i> geografiska nordpolen. Var som helst norr om 80:e breddgraden duger. Vi vill ha en plats som är relativt platt, stabil och helst inte för nära några aktiva glaciärer. Vi vill inte att Dunmars tillflyktsort ska bli ett improviserat isflak.

<style=""TXT-Objective"">Etablera en permanent forskningsstation på Nordpolen, norr om 80:e breddgraden. Stationen måste vara utrustad med en RGSCM-01 ”Science Jr. Jr.” och bemannad av tre kerbaler.</style>","De data asta nu țintim Polul Nord geografic <i>exact</i>. Orice loc la nord de paralela 80 e bun. Vrem o locație relativ plată, stabilă și, de preferat, nu prea aproape de vreun ghețar activ. Nu vrem ca refugiul lui Dunmar să devină un sloi de gheață în derivă.

<style=""TXT-Objective"">Înființați o stație de cercetare permanentă la Polul Nord, la nord de paralela 80. Stația trebuie să fie echipată cu un RGSCM-01 „Science Jr. Jr.” și să aibă un echipaj de trei kerbali.</style>"
Missions/Secondary/MTES04/Brief04,Text,,"Good luck, Director. This is a big undertaking, but I know you’re up to the challenge.","Bonne chance, directeur. C'est une entreprise de grande envergure, mais je sais que vous êtes à la hauteur.","Buona fortuna, direttore. È un'impresa notevole, ma so che sei all'altezza della sfida.","Viel Glück, Direktor. Das ist ein großes Unterfangen, aber ich weiß, dass du der Herausforderung gewachsen bist.","Buena suerte, dire. Es una empresa de gran envergadura, pero sé que estás a la altura del desafío.","幸運を祈ります、所長。大がかりな仕事ですが、所長ならやり遂げられるとわかっています。","행운을 빌어요, 국장님. 큰 사업이지만, 국장님이라면 해내실 수 있다는 걸 알아요.","Powodzenia, dyrektorze. To duże przedsięwzięcie, ale wiem, że sprostasz temu wyzwaniu.","Удачи, директор. Это масштабное предприятие, но я знаю, что вам оно по плечу.","祝你好运，局长。这是一项浩大的工程，但我知道你能胜任这个挑战。","Boa sorte, Diretor. É um empreendimento grande, mas sei que você está à altura do desafio.","祝你好運，總監。這是一項大工程，但我知道你能勝任這個挑戰。","Fair winds, Cap'n. This be a big undertakin', but I know ye be up to the challenge.","Срећно, директоре. Ово је велики подухват, али знам да сте дорасли изазову.","Lycka till, chefen. Det här är ett stort åtagande, men jag vet att du klarar utmaningen.","Mult noroc, director. E o întreprindere de amploare, dar știu că sunteți la înălțimea provocării."
Missions/Secondary/MTES04/Debrief01,Text,,"It’s a magnificent sight over there at the North Pole Research Station – a beacon of science amidst the icy wilderness! We now have a fully functional research outpost at the top of <style=""OBJ-Kerbin"">Kerbin</style>!","C'est un spectacle magnifique, là-bas, à la station de recherche du pôle Nord : un phare de la science au milieu des étendues glacées ! Nous disposons désormais d'un avant-poste de recherche entièrement opérationnel au sommet de <style=""OBJ-Kerbin"">Kerbin</style> !","È uno spettacolo magnifico lassù alla stazione di ricerca del Polo Nord: un faro di scienza in mezzo alle distese ghiacciate! Ora abbiamo un avamposto di ricerca perfettamente funzionante in cima a <style=""OBJ-Kerbin"">Kerbin</style>!","Was für ein prächtiger Anblick dort oben an der Nordpol-Forschungsstation: ein Leuchtturm der Wissenschaft inmitten der eisigen Wildnis! Wir haben jetzt einen voll funktionsfähigen Forschungsaußenposten ganz oben auf <style=""OBJ-Kerbin"">Kerbin</style>!","Es una imagen magnífica allí, en la estación de investigación del polo norte: ¡un faro de la ciencia en medio de la naturaleza helada! ¡Ya tenemos un puesto de investigación totalmente operativo en la cima de <style=""OBJ-Kerbin"">Kerbin</style>!","あちらの北極研究ステーションは素晴らしい眺めですよ。氷の荒野の真ん中に立つ科学の灯台です！ これで<style=""OBJ-Kerbin"">カービン</style>のてっぺんに完全に機能する研究前哨基地ができました！","저기 북극 연구 기지는 정말 장관이에요. 얼어붙은 황야 한가운데 선 과학의 등대예요! 이제 <style=""OBJ-Kerbin"">커빈</style>의 꼭대기에 완벽하게 작동하는 연구 전초기지가 생겼어요!","Stacja badawcza na biegunie północnym to wspaniały widok: latarnia nauki pośród lodowej dziczy! Mamy teraz w pełni działającą placówkę badawczą na samym szczycie <style=""OBJ-Kerbin"">Kerbina</style>!","Там, на полярной исследовательской станции, великолепное зрелище — маяк науки посреди ледяной пустыни! Теперь у нас есть полностью работоспособный исследовательский аванпост на самой вершине <style=""OBJ-Kerbin"">Кербина</style>!","北极科研站那边的景象真是壮观：冰封荒野中的一座科学灯塔！现在我们在<style=""OBJ-Kerbin"">Kerbin</style>之巅拥有了一座功能齐全的科研前哨站！","É uma visão magnífica lá na Estação de Pesquisa do Polo Norte: um farol da ciência em meio à vastidão gelada! Agora temos um posto avançado de pesquisa totalmente funcional no topo de <style=""OBJ-Kerbin"">Kerbin</style>!","北極研究站那邊的景象真是壯觀：冰封荒野中的一座科學燈塔！現在我們在<style=""OBJ-Kerbin"">坎巴拉星</style>的頂端有了一座功能齊全的研究前哨站！","It be a magnificent sight over at the North Pole Research Station: a lighthouse o' science amidst the icy wilderness! We now have a fully workin' research outpost at the top o' <style=""OBJ-Kerbin"">Kerbin</style>!","Тамо, на истраживачкој станици на Северном полу, призор је величанствен: светионик науке усред ледене дивљине! Сада имамо потпуно функционалну истраживачку испоставу на самом врху <style=""OBJ-Kerbin"">Кербина</style>!","Det är en magnifik syn där borta vid Nordpolens forskningsstation: en fyr för vetenskapen mitt i den isiga vildmarken! Nu har vi en fullt fungerande forskningsutpost på toppen av <style=""OBJ-Kerbin"">Kerbin</style>!","E o priveliște magnifică acolo, la stația de cercetare de la Polul Nord: un far al științei în mijlocul sălbăticiei înghețate! Acum avem un avanpost de cercetare complet funcțional în vârful lui <style=""OBJ-Kerbin"">Kerbin</style>!"
Missions/Secondary/MTES04/Debrief02,Text,,"Dunmar wants to move in. He has started issuing decrees about proper igloo etiquette. We’re working on getting him to tone it down a bit.","Dunmar veut s'y installer. Il a commencé à publier des décrets sur le savoir-vivre en igloo. Nous essayons de le convaincre de se calmer un peu.","Dunmar vuole trasferirsi lì. Ha cominciato a emanare decreti sul galateo dell'igloo. Stiamo cercando di convincerlo a darsi una calmata.","Dunmar will dort einziehen. Er hat angefangen, Erlasse über die richtige Iglu-Etikette herauszugeben. Wir arbeiten daran, dass er einen Gang zurückschaltet.","Dunmar quiere mudarse allí. Ha empezado a dictar decretos sobre el protocolo adecuado en un iglú. Estamos intentando que se modere un poco.","ダンマーはそこに引っ越したがっています。イグルーでの正しい作法についての布告まで出し始めました。少し控えめにしてもらうよう取り組んでいるところです。","던마는 거기로 이사하고 싶어 해요. 이글루에서 지켜야 할 예절에 관한 포고령까지 내리기 시작했어요. 좀 자제하도록 설득하고 있는 중이에요.","Dunmar chce się tam przeprowadzić. Zaczął wydawać dekrety o właściwej etykiecie w igloo. Pracujemy nad tym, żeby trochę przystopował.","Данмар хочет туда переехать. Он начал издавать указы о правилах поведения в иглу. Мы пытаемся уговорить его немного умерить пыл.","Dunmar想搬过去住。他已经开始颁布关于冰屋礼仪的法令了。我们正在努力让他收敛一点。","O Dunmar quer se mudar para lá. Começou a baixar decretos sobre a etiqueta adequada no iglu. Estamos tentando convencê-lo a pegar um pouco mais leve.","鄧瑪想搬過去住。他已經開始頒布關於冰屋禮儀的法令了。我們正在努力讓他收斂一點。","Dunmar wants to move in. He's started issuin' decrees about proper igloo etiquette. We be workin' on gettin' him to haul down his colors a bit.","Данмар жели да се усели. Почео је да издаје декрете о правилном бонтону у иглуу. Радимо на томе да мало спусти лопту.","Dunmar vill flytta in. Han har börjat utfärda dekret om korrekt igloo-etikett. Vi jobbar på att få honom att tona ner det lite.","Dunmar vrea să se mute acolo. A început să emită decrete despre eticheta potrivită în iglu. Încercăm să-l convingem să se mai potolească puțin."
Missions/Secondary/MTES04/Debrief03,Text,,"Now, if you’ll excuse me, I need to go mediate a dispute between Dunmar and the station’s botanist about the optimal temperature for growing ice lettuce.","Maintenant, si vous voulez bien m'excuser, je dois aller arbitrer un différend entre Dunmar et le botaniste de la station sur la température idéale pour faire pousser de la laitue des glaces.","Ora, se vuoi scusarmi, devo andare a mediare una disputa tra Dunmar e il botanico della stazione sulla temperatura ottimale per coltivare la lattuga dei ghiacci.","Und jetzt entschuldige mich bitte, ich muss einen Streit zwischen Dunmar und dem Botaniker der Station über die optimale Temperatur für den Anbau von Eissalat schlichten.","Y ahora, si me disculpas, tengo que ir a mediar en una disputa entre Dunmar y el botánico de la estación sobre la temperatura óptima para cultivar lechuga de hielo.","では失礼して、氷のレタスを育てるのに最適な温度をめぐるダンマーとステーションの植物学者の言い争いを仲裁しに行かないと。","이제 실례지만, 얼음 상추를 키우기에 가장 좋은 온도를 두고 벌어진 던마와 기지 식물학자 사이의 다툼을 중재하러 가야겠어요.","A teraz wybacz, muszę rozstrzygnąć spór między Dunmarem a botanikiem stacji o optymalną temperaturę do uprawy lodowej sałaty.","А теперь прошу меня извинить, мне нужно уладить спор между Данмаром и ботаником станции об оптимальной температуре для выращивания ледяного салата.","现在请恕我失陪，我得去调解Dunmar和科研站植物学家之间关于种植冰生菜最佳温度的争执。","Agora, se me der licença, preciso mediar uma discussão entre o Dunmar e o botânico da estação sobre a temperatura ideal para cultivar alface de gelo.","現在請容我先離開，我得去調解鄧瑪和研究站植物學家之間的爭執，他們在吵種冰萵苣的最佳溫度。","Now, if ye'll excuse me, I need to go settle a quarrel between Dunmar an' the station's botanist about the best temperature fer growin' ice lettuce.","А сада, ако ме извините, морам да посредујем у спору између Данмара и ботаничара станице око оптималне температуре за узгој ледене салате.","Om du ursäktar mig måste jag nu medla i en tvist mellan Dunmar och stationens botaniker om den optimala temperaturen för att odla issallad.","Acum, dacă mă scuzați, trebuie să mediez o dispută între Dunmar și botanistul stației despre temperatura optimă pentru cultivarea salatei de gheață."

Missions/Secondary/MTES05/Name,Text,,"Phone Home","Téléphone maison","Telefono casa","Nach Hause telefonieren","Mi casa, teléfono","おうちに電話","집에 전화해","Dzwonię do domu","Позвонить домой","打电话回家","Telefone, minha casa","打電話回家","Phone Home","Позови кући","Ring hem","Sună acasă"
Missions/Secondary/MTES05/Description,Text,,"We need to monitor that mysterious signal closely. Unfortunately, the Mun is not yet connected to the Internet. No matter! Let’s deploy its first telecommunication satellite.","Nous devons surveiller ce mystérieux signal de près. Malheureusement, la Mune n'est pas encore connectée à Internet. Qu'à cela ne tienne ! Déployons son premier satellite de télécommunication.","Dobbiamo tenere sotto stretta osservazione quel misterioso segnale. Purtroppo Mun non è ancora collegato a Internet. Poco male! Mettiamo in orbita il suo primo satellite per le telecomunicazioni.","Wir müssen dieses mysteriöse Signal genau überwachen. Leider ist der Mun noch nicht ans Internet angeschlossen. Macht nichts! Bringen wir seinen ersten Telekommunikationssatelliten in Stellung.","Tenemos que vigilar de cerca esa misteriosa señal. Por desgracia, la Muna aún no está conectada a Internet. ¡No pasa nada! Pongamos en órbita su primer satélite de telecomunicaciones.","あの謎の信号を注意深く監視する必要があります。残念ながら、ムンはまだインターネットにつながっていません。問題ありません！ ムン初の通信衛星を配備しましょう。","그 수수께끼의 신호를 면밀히 감시해야 해요. 안타깝게도 문은 아직 인터넷에 연결되어 있지 않아요. 상관없어요! 문의 첫 번째 통신 위성을 배치해 봐요.","Musimy uważnie monitorować ten tajemniczy sygnał. Niestety Mun nie jest jeszcze podłączony do internetu. Nic nie szkodzi! Umieśćmy tam jego pierwszego satelitę telekomunikacyjnego.","Нам нужно внимательно следить за таинственным сигналом. К сожалению, Муна еще не подключена к Интернету. Не беда! Разместим там ее первый спутник связи.","我们需要密切监测那个神秘信号。可惜Mun还没联网。没关系！我们来为它部署第一颗通信卫星吧。","Precisamos monitorar de perto aquele sinal misterioso. Infelizmente, a Mun ainda não está conectada à internet. Não tem problema! Vamos implantar o primeiro satélite de telecomunicações dela.","我們需要密切監測那個神祕訊號。可惜穆恩星還沒連上網路。沒關係！我們來部署它的第一顆通訊衛星吧。","We need to keep a close eye on that mysterious signal. Sadly, the Mun ain't yet hooked up to the Internet. No matter! Let's deploy its first telecommunication satellite.","Морамо пажљиво да пратимо онај мистериозни сигнал. Нажалост, Мун још није повезан на интернет. Нема везе! Поставимо његов први телекомуникациони сателит.","Vi måste noga övervaka den mystiska signalen. Tyvärr är Mun ännu inte uppkopplad mot internet. Det gör inget! Låt oss placera ut dess första telekommunikationssatellit.","Trebuie să monitorizăm îndeaproape acel semnal misterios. Din păcate, Mun nu este încă conectat la internet. Nu-i nimic! Să-i plasăm primul satelit de telecomunicații."
Missions/Secondary/MTES05/Objective,Text,,"Orbit the Mun with a periapsis of at least 1900km, a RA-2 antenna dish and no crew.","Placer en orbite autour de la Mune un engin sans équipage avec un périastre d'au moins 1 900 km et une antenne parabolique RA-2.","Orbita intorno a Mun con una periapside di almeno 1900 km, un'antenna parabolica RA-2 e senza equipaggio.","Umkreise den Mun mit einer Periapsis von mindestens 1900 km, einer RA-2-Parabolantenne und ohne Besatzung.","Orbita la Muna con una periápside de al menos 1900 km, una antena parabólica RA-2 y sin tripulación.","近点1900km以上、RA-2パラボラアンテナ搭載、乗員なしでムンを周回する。","궤도 최근점 1900km 이상, RA-2 접시 안테나 장착, 무인 상태로 문 궤도를 도세요.","Wejdź na orbitę Muna z peryapsis co najmniej 1900 km, anteną talerzową RA-2 i bez załogi.","Выйдите на орбиту Муны с перицентром не менее 1900 км, с параболической антенной RA-2 и без экипажа.","无人驾驶环绕Mun运行，近点至少1900km，并配备一副RA-2碟形天线。","Orbite a Mun com um periastro de pelo menos 1900 km, uma antena parabólica RA-2 e sem tripulação.","在無人狀態下環繞穆恩星運行，近心點至少1900km，並配備一具RA-2碟型天線。","Orbit the Mun with a periapsis o' at least 1900km, a RA-2 antenna dish an' no crew aboard.","Кружите око Муна са периапсисом од најмање 1900 km, параболичном антеном RA-2 и без посаде.","Gå i omloppsbana runt Mun med en periapsis på minst 1900 km, en RA-2-parabolantenn och ingen besättning.","Orbitați în jurul lui Mun cu un periapsis de cel puțin 1900 km, o antenă parabolică RA-2 și fără echipaj."
Missions/Secondary/MTES05/Brief01,Text,,"Director! I’m still shaken up by the discovery of that monument on the <style=""OBJ-Mun"">Mun</style>… it’s unlike anything we’ve ever encountered!","Directeur ! Je suis encore toute retournée par la découverte de ce monument sur la <style=""OBJ-Mun"">Mune</style>… ça ne ressemble à rien de ce que nous avons connu !","Direttore! Sono ancora scossa per la scoperta di quel monumento su <style=""OBJ-Mun"">Mun</style>… non assomiglia a niente che abbiamo mai incontrato!","Direktor! Ich bin immer noch ganz erschüttert von der Entdeckung dieses Monuments auf dem <style=""OBJ-Mun"">Mun</style>… es ist anders als alles, was wir je gesehen haben!","¡Dire! Todavía estoy conmocionada por el descubrimiento de ese monumento en la <style=""OBJ-Mun"">Muna</style>… ¡no se parece a nada que hayamos visto antes!","所長！ <style=""OBJ-Mun"">ムン</style>のあのモニュメントの発見に、まだ動揺しているんです…今まで見たことのあるどんなものとも違います！","국장님! <style=""OBJ-Mun"">문</style>에서 발견된 그 유적 때문에 아직도 마음이 진정되지 않아요… 지금까지 우리가 봤던 그 무엇과도 달라요!","Dyrektorze! Wciąż jestem wstrząśnięta odkryciem tego monumentu na <style=""OBJ-Mun"">Munie</style>… to nie przypomina niczego, z czym kiedykolwiek się zetknęliśmy!","Директор! Я до сих пор под впечатлением от открытия того монумента на <style=""OBJ-Mun"">Муне</style>… это не похоже ни на что из того, с чем мы когда-либо сталкивались!","局长！<style=""OBJ-Mun"">Mun</style>上那座纪念碑的发现至今仍让我心有余悸……它和我们以往遇到过的任何东西都不一样！","Diretor! Ainda estou abalada com a descoberta daquele monumento na <style=""OBJ-Mun"">Mun</style>… não se parece com nada que já tenhamos encontrado!","總監！<style=""OBJ-Mun"">穆恩星</style>上那座紀念雕像的發現，到現在還讓我心神不寧……它跟我們以前遇過的任何東西都不一樣！","Cap'n! I be still shaken by the discovery o' that monument on the <style=""OBJ-Mun"">Mun</style>… it be unlike anythin' we've ever come across!","Директоре! Још увек сам потресена открићем оног споменика на <style=""OBJ-Mun"">Муну</style>… не личи ни на шта са чим смо се икада сусрели!","Chefen! Jag är fortfarande skakad av upptäckten av det där monumentet på <style=""OBJ-Mun"">Mun</style>… det liknar inget vi någonsin har stött på!","Director! Încă sunt zguduită de descoperirea acelui monument de pe <style=""OBJ-Mun"">Mun</style>… nu seamănă cu nimic din ce am întâlnit vreodată!"
Missions/Secondary/MTES05/Brief02,Text,,"We’ve analyzed the signal as best we can, but it’s weak and intermittent. We need a more consistent way to monitor it, to try and decipher its meaning. That’s why we’re launching a communication satellite.","Nous avons analysé le signal du mieux possible, mais il est faible et intermittent. Il nous faut un moyen plus fiable de le surveiller, pour essayer de déchiffrer sa signification. C'est pourquoi nous lançons un satellite de communication.","Abbiamo analizzato il segnale come meglio potevamo, ma è debole e intermittente. Ci serve un modo più affidabile per monitorarlo e cercare di decifrarne il significato. Ecco perché lanciamo un satellite per le comunicazioni.","Wir haben das Signal so gut wie möglich analysiert, aber es ist schwach und lückenhaft. Wir brauchen eine zuverlässigere Methode, es zu überwachen, um seine Bedeutung zu entschlüsseln. Deshalb starten wir einen Kommunikationssatelliten.","Hemos analizado la señal lo mejor que hemos podido, pero es débil e intermitente. Necesitamos una forma más fiable de vigilarla, para intentar descifrar su significado. Por eso vamos a lanzar un satélite de comunicaciones.","できる限り信号を分析しましたが、弱くて途切れ途切れなんです。その意味を解読するために、もっと安定して監視できる方法が必要です。だから通信衛星を打ち上げるんです。","최선을 다해 신호를 분석했지만, 신호가 약하고 끊겼다 이어졌다 해요. 그 의미를 해독하려면 더 꾸준하게 감시할 방법이 필요해요. 그래서 통신 위성을 발사하려는 거예요.","Przeanalizowaliśmy sygnał najlepiej, jak potrafiliśmy, ale jest słaby i przerywany. Potrzebujemy bardziej niezawodnego sposobu, żeby go monitorować i spróbować odszyfrować jego znaczenie. Dlatego wysyłamy satelitę komunikacyjnego.","Мы проанализировали сигнал, насколько смогли, но он слабый и прерывистый. Нам нужен более надежный способ наблюдения за ним, чтобы попытаться расшифровать его смысл. Поэтому мы запускаем спутник связи.","我们已经尽力分析了那个信号，但它很微弱，而且断断续续。我们需要一种更稳定的方式来监测它，以便尝试破译它的含义。所以我们要发射一颗通信卫星。","Analisamos o sinal da melhor forma possível, mas ele é fraco e intermitente. Precisamos de um jeito mais consistente de monitorá-lo, para tentar decifrar o significado dele. É por isso que vamos lançar um satélite de comunicação.","我們已經盡力分析那個訊號了，但它很微弱，而且時有時無。我們需要更穩定的方式來監測它，才能試著破解它的意義。所以我們要發射一顆通訊衛星。","We've studied the signal as best we can, but it be weak an' comes an' goes. We need a steadier way to watch it, to try an' decipher its meanin'. That be why we're launchin' a communication satellite.","Анализирали смо сигнал најбоље што смо могли, али је слаб и испрекидан. Потребан нам је поузданији начин да га пратимо, да бисмо покушали да дешифрујемо његово значење. Зато лансирамо комуникациони сателит.","Vi har analyserat signalen så gott vi kan, men den är svag och intermittent. Vi behöver ett mer stabilt sätt att övervaka den, för att försöka tyda dess betydelse. Därför skickar vi upp en kommunikationssatellit.","Am analizat semnalul cât de bine am putut, dar e slab și intermitent. Avem nevoie de o modalitate mai constantă de a-l monitoriza, ca să încercăm să-i descifrăm sensul. De aceea lansăm un satelit de comunicații."
Missions/Secondary/MTES05/Brief03,Text,,"We need to maintain a constant datafeed with <style=""OBJ-Kerbin"">Kerbin</style> to capture every blip of that signal. That means minimizing signal occlusion by the <style=""OBJ-Mun"">Mun</style> itself. A periapsis of 1  900 kilometers will ensure that the <style=""OBJ-Mun"">Mun</style> doesn’t block the satellite’s line of sight to <style=""OBJ-Kerbin"">Kerbin</style> for extended periods. Also, we are going to need a powerful relay antenna. Be sure to check with R&D that they have what we need. I know they were working on developing an antenna that can cover the entire <style=""OBJ-Kerbin"">Kerbin</style> system.

<style=""TXT-Objective"">Establish a stable orbit around the <style=""OBJ-Mun"">Mun</style> with a periapsis of at least 1900km with an unmanned craft carrying a RA-2 antenna dish.</style>","Nous devons maintenir un flux de données constant avec <style=""OBJ-Kerbin"">Kerbin</style> pour capter le moindre bip de ce signal. Cela implique de réduire au minimum l'occultation du signal par la <style=""OBJ-Mun"">Mune</style> elle-même. Un périastre de 1 900 kilomètres garantira que la <style=""OBJ-Mun"">Mune</style> ne bloque pas la ligne de visée du satellite vers <style=""OBJ-Kerbin"">Kerbin</style> pendant de longues périodes. Il nous faudra aussi une antenne relais puissante. Vérifiez bien auprès du service R&D qu'ils ont ce qu'il nous faut. Je sais qu'ils travaillaient sur une antenne capable de couvrir tout le système de <style=""OBJ-Kerbin"">Kerbin</style>.

<style=""TXT-Objective"">Établissez une orbite stable autour de la <style=""OBJ-Mun"">Mune</style> avec un périastre d'au moins 1 900 km, à l'aide d'un engin sans équipage équipé d'une antenne parabolique RA-2.</style>","Dobbiamo mantenere un flusso di dati costante con <style=""OBJ-Kerbin"">Kerbin</style> per catturare ogni minimo segnale. Questo significa ridurre al minimo l'occultamento del segnale da parte di <style=""OBJ-Mun"">Mun</style> stesso. Una periapside di 1900 chilometri garantirà che <style=""OBJ-Mun"">Mun</style> non blocchi la linea di vista del satellite verso <style=""OBJ-Kerbin"">Kerbin</style> per periodi prolungati. Inoltre, ci servirà una potente antenna ripetitrice. Assicurati con il reparto R&S che abbiano quello che ci serve. So che stavano lavorando a un'antenna in grado di coprire l'intero sistema di <style=""OBJ-Kerbin"">Kerbin</style>.

<style=""TXT-Objective"">Stabilisci un'orbita stabile intorno a <style=""OBJ-Mun"">Mun</style> con una periapside di almeno 1900 km, usando un veicolo senza equipaggio dotato di un'antenna parabolica RA-2.</style>","Wir müssen einen ständigen Datenstrom mit <style=""OBJ-Kerbin"">Kerbin</style> aufrechterhalten, um jedes Piepen dieses Signals einzufangen. Das bedeutet, dass wir die Abschattung des Signals durch den <style=""OBJ-Mun"">Mun</style> selbst minimieren müssen. Eine Periapsis von 1900 Kilometern stellt sicher, dass der <style=""OBJ-Mun"">Mun</style> die Sichtlinie des Satelliten zu <style=""OBJ-Kerbin"">Kerbin</style> nicht über längere Zeit blockiert. Außerdem brauchen wir eine leistungsstarke Relaisantenne. Frag unbedingt bei der F&E nach, ob sie haben, was wir brauchen. Ich weiß, dass sie an einer Antenne gearbeitet haben, die das gesamte <style=""OBJ-Kerbin"">Kerbin</style>-System abdecken kann.

<style=""TXT-Objective"">Bring ein unbemanntes Fahrzeug mit einer RA-2-Parabolantenne in eine stabile Umlaufbahn um den <style=""OBJ-Mun"">Mun</style> mit einer Periapsis von mindestens 1900 km.</style>","Tenemos que mantener un flujo de datos constante con <style=""OBJ-Kerbin"">Kerbin</style> para captar cada pitido de esa señal. Eso significa reducir al mínimo la ocultación de la señal por la propia <style=""OBJ-Mun"">Muna</style>. Una periápside de 1900 kilómetros garantizará que la <style=""OBJ-Mun"">Muna</style> no bloquee la línea de visión del satélite con <style=""OBJ-Kerbin"">Kerbin</style> durante periodos prolongados. Además, vamos a necesitar una potente antena repetidora. Asegúrate de consultar con I+D si tienen lo que necesitamos. Sé que estaban desarrollando una antena capaz de cubrir todo el sistema de <style=""OBJ-Kerbin"">Kerbin</style>.

<style=""TXT-Objective"">Establece una órbita estable alrededor de la <style=""OBJ-Mun"">Muna</style> con una periápside de al menos 1900 km, con una nave no tripulada que lleve una antena parabólica RA-2.</style>","信号のわずかな反応も逃さないように、<style=""OBJ-Kerbin"">カービン</style>との間で途切れないデータ通信を維持する必要があります。つまり、<style=""OBJ-Mun"">ムン</style>自体による信号の遮蔽を最小限に抑えるということです。近点を1900キロメートルにすれば、<style=""OBJ-Mun"">ムン</style>が衛星から<style=""OBJ-Kerbin"">カービン</style>への見通し線を長時間さえぎることはありません。それと、強力な中継アンテナが必要になります。必要なものがあるか、研究開発部門に確認しておいてください。<style=""OBJ-Kerbin"">カービン</style>系全体をカバーできるアンテナを開発していたはずです。

<style=""TXT-Objective"">RA-2パラボラアンテナを搭載した無人機で、近点1900km以上の安定した<style=""OBJ-Mun"">ムン</style>周回軌道を確立してください。</style>","그 신호의 아주 작은 반응까지 잡아내려면 <style=""OBJ-Kerbin"">커빈</style>과 끊김 없는 데이터 연결을 유지해야 해요. 즉, <style=""OBJ-Mun"">문</style> 자체에 의한 신호 차폐를 최소화해야 한다는 뜻이에요. 궤도 최근점이 1900킬로미터라면 <style=""OBJ-Mun"">문</style>이 위성에서 <style=""OBJ-Kerbin"">커빈</style>까지의 시선을 오랫동안 가리지 않을 거예요. 그리고 강력한 중계 안테나도 필요해요. 필요한 게 있는지 연구개발팀에 꼭 확인해 보세요. <style=""OBJ-Kerbin"">커빈</style> 계 전체를 커버할 수 있는 안테나를 개발하고 있었던 걸로 알아요.

<style=""TXT-Objective"">RA-2 접시 안테나를 장착한 무인 기체로 궤도 최근점 1900km 이상의 안정적인 <style=""OBJ-Mun"">문</style> 궤도를 확보하세요.</style>","Musimy utrzymywać stały przepływ danych z <style=""OBJ-Kerbin"">Kerbinem</style>, żeby wychwycić każdy impuls tego sygnału. To oznacza zminimalizowanie zasłaniania sygnału przez samego <style=""OBJ-Mun"">Muna</style>. Peryapsis na wysokości 1900 kilometrów sprawi, że <style=""OBJ-Mun"">Mun</style> nie będzie przez dłuższy czas zasłaniał satelicie linii widzenia na <style=""OBJ-Kerbin"">Kerbina</style>. Potrzebujemy też mocnej anteny przekaźnikowej. Sprawdź w Dziale Badań i Rozwoju, czy mają to, czego potrzebujemy. Wiem, że pracowali nad anteną, która obejmie zasięgiem cały układ <style=""OBJ-Kerbin"">Kerbina</style>.

<style=""TXT-Objective"">Wejdź bezzałogowym statkiem z anteną talerzową RA-2 na stabilną orbitę wokół <style=""OBJ-Mun"">Muna</style> z peryapsis co najmniej 1900 km.</style>","Нам нужно поддерживать постоянный поток данных с <style=""OBJ-Kerbin"">Кербином</style>, чтобы улавливать каждый всплеск этого сигнала. Это значит, что затенение сигнала самой <style=""OBJ-Mun"">Муной</style> нужно свести к минимуму. Перицентр на высоте 1900 километров гарантирует, что <style=""OBJ-Mun"">Муна</style> не будет надолго перекрывать спутнику прямую видимость <style=""OBJ-Kerbin"">Кербина</style>. Кроме того, нам понадобится мощная ретрансляционная антенна. Обязательно уточните в Н.И. Центре, есть ли у них то, что нам нужно. Я знаю, что они работали над антенной, способной охватить всю систему <style=""OBJ-Kerbin"">Кербина</style>.

<style=""TXT-Objective"">Выведите на стабильную орбиту вокруг <style=""OBJ-Mun"">Муны</style> с перицентром не менее 1900 км беспилотный аппарат с параболической антенной RA-2.</style>","我们需要与<style=""OBJ-Kerbin"">Kerbin</style>保持不间断的数据传输，才能捕捉到那个信号的每一个脉冲。这意味着要尽量减少<style=""OBJ-Mun"">Mun</style>本身对信号的遮挡。1900公里的近点可以确保<style=""OBJ-Mun"">Mun</style>不会长时间挡住卫星与<style=""OBJ-Kerbin"">Kerbin</style>之间的视线。另外，我们还需要一副强力的中继天线。一定要跟研发部门确认他们有没有我们需要的东西。我知道他们一直在研发一种能覆盖整个<style=""OBJ-Kerbin"">Kerbin</style>星系的天线。

<style=""TXT-Objective"">用一架配备RA-2碟形天线的无人飞行器，在环绕<style=""OBJ-Mun"">Mun</style>的稳定轨道上运行，近点至少1900km。</style>","Precisamos manter um fluxo de dados constante com <style=""OBJ-Kerbin"">Kerbin</style> para captar cada bipe daquele sinal. Isso significa minimizar a ocultação do sinal pela própria <style=""OBJ-Mun"">Mun</style>. Um periastro de 1900 quilômetros vai garantir que a <style=""OBJ-Mun"">Mun</style> não bloqueie a linha de visada do satélite até <style=""OBJ-Kerbin"">Kerbin</style> por longos períodos. Além disso, vamos precisar de uma antena retransmissora potente. Confirme com o P&D se eles têm o que precisamos. Sei que estavam desenvolvendo uma antena capaz de cobrir todo o sistema de <style=""OBJ-Kerbin"">Kerbin</style>.

<style=""TXT-Objective"">Estabeleça uma órbita estável ao redor da <style=""OBJ-Mun"">Mun</style> com periastro de pelo menos 1900 km, usando uma nave não tripulada com uma antena parabólica RA-2.</style>","我們需要和<style=""OBJ-Kerbin"">坎巴拉星</style>保持不間斷的資料傳輸，才能捕捉到那個訊號的每一次閃動。這表示要盡量減少<style=""OBJ-Mun"">穆恩星</style>本身對訊號的遮蔽。1900公里的近心點能確保<style=""OBJ-Mun"">穆恩星</style>不會長時間擋住衛星看向<style=""OBJ-Kerbin"">坎巴拉星</style>的視線。另外，我們還需要一具強力的中繼天線。記得跟研發部門確認他們有沒有我們需要的東西。我知道他們一直在開發一款能涵蓋整個<style=""OBJ-Kerbin"">坎巴拉星</style>系的天線。

<style=""TXT-Objective"">用一架配備RA-2碟型天線的無人飛行器，在環繞<style=""OBJ-Mun"">穆恩星</style>的穩定軌道上運行，近心點至少1900km。</style>","We need to keep a constant stream o' data with <style=""OBJ-Kerbin"">Kerbin</style> to catch every blip o' that signal. That means keepin' the <style=""OBJ-Mun"">Mun</style> itself from blockin' the signal as much as we can. A periapsis o' 1 900 kilometers will make sure the <style=""OBJ-Mun"">Mun</style> don't block the satellite's line o' sight to <style=""OBJ-Kerbin"">Kerbin</style> fer long. Also, we be needin' a mighty relay antenna. Be sure to check with R&D that they have what we need. I know they were workin' on an antenna that can cover the whole <style=""OBJ-Kerbin"">Kerbin</style> system.

<style=""TXT-Objective"">Set up a stable orbit 'round the <style=""OBJ-Mun"">Mun</style> with a periapsis o' at least 1900km, with an unmanned craft carryin' a RA-2 antenna dish.</style>","Морамо да одржавамо сталан ток података са <style=""OBJ-Kerbin"">Кербином</style> да бисмо ухватили сваки импулс тог сигнала. То значи да заклањање сигнала од стране самог <style=""OBJ-Mun"">Муна</style> мора бити сведено на минимум. Периапсис од 1900 километара обезбедиће да <style=""OBJ-Mun"">Мун</style> не заклања сателиту линију вида ка <style=""OBJ-Kerbin"">Кербину</style> током дужих периода. Такође, биће нам потребна снажна релејна антена. Обавезно проверите са истраживањем и развојем да ли имају оно што нам треба. Знам да су радили на антени која може да покрије цео систем <style=""OBJ-Kerbin"">Кербина</style>.

<style=""TXT-Objective"">Успоставите стабилну орбиту око <style=""OBJ-Mun"">Муна</style> са периапсисом од најмање 1900 km, беспилотном летелицом која носи параболичну антену RA-2.</style>","Vi måste upprätthålla ett konstant dataflöde med <style=""OBJ-Kerbin"">Kerbin</style> för att fånga varje blipp från signalen. Det innebär att vi måste minimera att signalen skyms av <style=""OBJ-Mun"">Mun</style> själv. En periapsis på 1 900 kilometer garanterar att <style=""OBJ-Mun"">Mun</style> inte blockerar satellitens siktlinje till <style=""OBJ-Kerbin"">Kerbin</style> under längre perioder. Vi behöver också en kraftfull reläantenn. Kontrollera med FoU att de har det vi behöver. Jag vet att de jobbade på en antenn som kan täcka hela <style=""OBJ-Kerbin"">Kerbin</style>-systemet.

<style=""TXT-Objective"">Etablera en stabil omloppsbana runt <style=""OBJ-Mun"">Mun</style> med en periapsis på minst 1900 km, med en obemannad farkost som bär en RA-2-parabolantenn.</style>","Trebuie să menținem un flux constant de date cu <style=""OBJ-Kerbin"">Kerbin</style> pentru a capta fiecare impuls al acelui semnal. Asta înseamnă să reducem la minimum ocultarea semnalului de către <style=""OBJ-Mun"">Mun</style> însuși. Un periapsis de 1 900 de kilometri va garanta că <style=""OBJ-Mun"">Mun</style> nu va bloca linia de vizibilitate a satelitului către <style=""OBJ-Kerbin"">Kerbin</style> pe perioade lungi. De asemenea, vom avea nevoie de o antenă de releu puternică. Verificați neapărat cu C&D dacă au ce ne trebuie. Știu că lucrau la o antenă care poate acoperi întregul sistem <style=""OBJ-Kerbin"">Kerbin</style>.

<style=""TXT-Objective"">Stabiliți o orbită stabilă în jurul lui <style=""OBJ-Mun"">Mun</style> cu un periapsis de cel puțin 1900 km, cu o navă fără echipaj care transportă o antenă parabolică RA-2.</style>"
Missions/Secondary/MTES05/Brief04,Text,,"This mission could be the key to unlocking a wealth of knowledge about the universe. This isn’t just about science anymore; this is about understanding our place in the cosmos.","Cette mission pourrait être la clé d'une mine de connaissances sur l'univers. Il ne s'agit plus seulement de science : il s'agit de comprendre notre place dans le cosmos.","Questa missione potrebbe essere la chiave per svelare un patrimonio di conoscenze sull'universo. Non si tratta più solo di scienza: si tratta di capire il nostro posto nel cosmo.","Diese Mission könnte der Schlüssel zu einem Schatz an Wissen über das Universum sein. Es geht nicht mehr nur um Wissenschaft, es geht darum, unseren Platz im Kosmos zu verstehen.","Esta misión podría ser la clave para descubrir un tesoro de conocimientos sobre el universo. Esto ya no va solo de ciencia: va de comprender nuestro lugar en el cosmos.","このミッションは、宇宙に関する豊富な知識を解き明かす鍵になるかもしれません。もう科学だけの話ではありません。宇宙における私たちの居場所を理解することなんです。","이 임무는 우주에 대한 풍부한 지식을 밝혀낼 열쇠가 될 수도 있어요. 이건 더 이상 과학만의 문제가 아니에요. 우주 속 우리의 자리를 이해하는 일이에요.","Ta misja może być kluczem do odkrycia ogromnej wiedzy o wszechświecie. Tu nie chodzi już tylko o naukę, chodzi o zrozumienie naszego miejsca w kosmosie.","Эта миссия может стать ключом к огромному запасу знаний о Вселенной. Речь уже не только о науке, а о понимании нашего места в космосе.","这项任务可能是揭开大量宇宙知识的钥匙。这已经不仅仅是科学问题了，而是关乎理解我们在宇宙中的位置。","Esta missão pode ser a chave para desvendar uma riqueza de conhecimentos sobre o universo. Isso já não é só sobre ciência; é sobre entender o nosso lugar no cosmos.","這項任務可能是揭開大量宇宙知識的關鍵。這已經不只是科學了，而是要了解我們在宇宙中的位置。","This voyage could be the key to a treasure trove o' knowledge about the universe. This ain't just about science anymore: this be about understandin' our place in the cosmos.","Ова мисија би могла бити кључ за откривање обиља знања о свемиру. Ово више није само наука, већ разумевање нашег места у космосу.","Det här uppdraget kan vara nyckeln till en rikedom av kunskap om universum. Det handlar inte längre bara om vetenskap, det handlar om att förstå vår plats i kosmos.","Această misiune ar putea fi cheia către o bogăție de cunoștințe despre univers. Nu mai e vorba doar de știință: e vorba de a înțelege locul nostru în cosmos."
Missions/Secondary/MTES05/Debrief01,Text,,"I’m happy to report that communications with our new satellite are crystal clear! The high periapsis is doing exactly what we hoped – minimal occlusion.","J'ai le plaisir de vous annoncer que les communications avec notre nouveau satellite sont limpides ! Le périastre élevé fait exactement ce que nous espérions : une occultation minimale.","Sono felice di annunciarti che le comunicazioni con il nostro nuovo satellite sono cristalline! L'alta periapside sta facendo esattamente ciò che speravamo: occultamento minimo.","Ich freue mich, dir mitteilen zu können, dass die Verbindung zu unserem neuen Satelliten glasklar ist! Die hohe Periapsis tut genau das, was wir uns erhofft haben: minimale Abschattung.","¡Me alegra informarte de que las comunicaciones con nuestro nuevo satélite son nítidas! La periápside alta está haciendo justo lo que esperábamos: ocultación mínima.","新しい衛星との通信が非常にクリアだとご報告できてうれしいです！ 高い近点がまさに期待どおりの働きをしています。遮蔽は最小限です。","새 위성과의 통신이 아주 깨끗하다는 소식을 전하게 되어 기뻐요! 높은 궤도 최근점이 우리가 바랐던 대로 작동하고 있어요. 차폐가 최소화되었어요.","Z radością informuję, że łączność z naszym nowym satelitą jest krystalicznie czysta! Wysoka peryapsis działa dokładnie tak, jak mieliśmy nadzieję: zasłanianie jest minimalne.","Рада сообщить, что связь с нашим новым спутником кристально чистая! Высокий перицентр делает именно то, на что мы надеялись: затенение минимально.","很高兴向你报告，与新卫星的通信非常清晰！高近点的效果完全符合我们的预期：遮挡降到了最低。","Fico feliz em informar que as comunicações com nosso novo satélite estão cristalinas! O periastro alto está fazendo exatamente o que esperávamos: ocultação mínima.","很高興向你報告，和新衛星的通訊清晰得不得了！高近心點完全發揮了我們期待的效果：遮蔽降到最低。","I be happy to report that talkin' with our new satellite be crystal clear! The high periapsis be doin' exactly what we hoped: hardly any blockin'.","Са задовољством Вам јављам да је веза са нашим новим сателитом кристално јасна! Високи периапсис ради тачно оно чему смо се надали: заклањање је минимално.","Jag är glad att kunna rapportera att kommunikationen med vår nya satellit är kristallklar! Den höga periapsisen gör precis det vi hoppades: minimal skymning.","Mă bucur să vă anunț că legătura cu noul nostru satelit este cristalină! Periapsisul înalt face exact ce speram: ocultare minimă."
Missions/Secondary/MTES05/Debrief02,Text,,"We’re receiving a steady stream of data now. Our analysts are already pouring over it, trying to decipher the patterns, the meaning behind the signal. It’s still a mystery, but with this continuous feed, I’m sure we’ll be making progress.","Nous recevons désormais un flux de données régulier. Nos analystes l'épluchent déjà, en essayant de déchiffrer les motifs et la signification du signal. C'est toujours un mystère, mais avec ce flux continu, je suis sûre que nous allons progresser.","Ora riceviamo un flusso di dati costante. I nostri analisti lo stanno già esaminando, cercando di decifrare gli schemi e il significato del segnale. È ancora un mistero, ma con questo flusso continuo sono sicura che faremo progressi.","Wir empfangen jetzt einen stetigen Datenstrom. Unsere Analysten brüten bereits darüber und versuchen, die Muster und die Bedeutung hinter dem Signal zu entschlüsseln. Es ist immer noch ein Rätsel, aber mit diesem kontinuierlichen Datenstrom werden wir sicher Fortschritte machen.","Ahora recibimos un flujo constante de datos. Nuestros analistas ya lo están examinando, intentando descifrar los patrones y el significado de la señal. Sigue siendo un misterio, pero con este flujo continuo, estoy segura de que avanzaremos.","今は安定したデータの流れを受信しています。分析担当者たちがもう熱心に調べていて、パターンや信号の意味を解読しようとしています。まだ謎のままですが、この途切れないデータがあれば、きっと進展があるはずです。","이제 꾸준한 데이터 흐름을 수신하고 있어요. 분석가들이 벌써 데이터를 샅샅이 살피면서 신호의 패턴과 그 뒤에 숨은 의미를 해독하려 하고 있어요. 아직 수수께끼지만, 이렇게 끊김 없는 데이터가 있으니 분명 진전이 있을 거예요.","Odbieramy teraz stały strumień danych. Nasi analitycy już się nad nim pochylają, próbując rozszyfrować wzorce i znaczenie sygnału. To wciąż zagadka, ale dzięki temu ciągłemu przekazowi jestem pewna, że zrobimy postępy.","Теперь мы получаем устойчивый поток данных. Наши аналитики уже корпят над ними, пытаясь расшифровать закономерности и смысл сигнала. Это все еще загадка, но с этим непрерывным потоком я уверена, что мы продвинемся.","我们现在接收到的是稳定的数据流。分析师们已经在仔细研究了，试图破译信号背后的规律和含义。它仍然是个谜，但有了这股不间断的数据流，我相信我们一定会取得进展。","Agora estamos recebendo um fluxo constante de dados. Nossos analistas já estão debruçados sobre eles, tentando decifrar os padrões e o significado por trás do sinal. Ainda é um mistério, mas com esse fluxo contínuo, tenho certeza de que vamos avançar.","我們現在接收到的是穩定的資料流。分析師們已經在仔細研究了，試著破解訊號背後的模式和意義。它仍然是個謎，但有了這股不間斷的資料流，我相信我們一定會有進展。","We be receivin' a steady stream o' data now. Our analysts be already pourin' over it, tryin' to decipher the patterns an' the meanin' behind the signal. It still be a mystery, but with this steady feed, I be sure we'll make headway.","Сада примамо сталан ток података. Наши аналитичари их већ проучавају, покушавајући да дешифрују обрасце и значење сигнала. То је још увек мистерија, али са овим непрекидним током сигурна сам да ћемо напредовати.","Nu tar vi emot ett stadigt dataflöde. Våra analytiker går redan igenom det och försöker tyda mönstren och betydelsen bakom signalen. Det är fortfarande ett mysterium, men med det här kontinuerliga flödet är jag säker på att vi kommer att göra framsteg.","Acum primim un flux constant de date. Analiștii noștri îl studiază deja, încercând să descifreze tiparele și sensul din spatele semnalului. E încă un mister, dar cu acest flux continuu sunt sigură că vom face progrese."
Missions/Secondary/MTES05/Debrief03,Text,,"Oh- if you’ll excuse me, I need to get back to the analysis room. We’re picking up some interesting fluctuations in the signal, and I don’t want to miss a thing.","Oh, si vous voulez bien m'excuser, je dois retourner à la salle d'analyse. Nous captons des fluctuations intéressantes dans le signal, et je ne veux rien manquer.","Oh, se vuoi scusarmi, devo tornare nella sala di analisi. Stiamo captando delle fluttuazioni interessanti nel segnale e non voglio perdermi niente.","Oh, entschuldige mich, ich muss zurück in den Analyseraum. Wir empfangen einige interessante Schwankungen im Signal, und ich will nichts verpassen.","Ah, si me disculpas, tengo que volver a la sala de análisis. Estamos captando unas fluctuaciones interesantes en la señal y no quiero perderme nada.","あっ、失礼して分析室に戻らないと。信号に興味深い変動が見られていて、何ひとつ見逃したくないんです。","아, 실례지만 분석실로 돌아가야겠어요. 신호에서 흥미로운 변동이 포착되고 있어서 하나도 놓치고 싶지 않거든요.","Och, wybacz, muszę wracać do pokoju analiz. Wychwytujemy ciekawe wahania sygnału i nie chcę niczego przegapić.","Ой, прошу прощения, мне нужно вернуться в аналитический отдел. Мы улавливаем интересные колебания сигнала, и я не хочу ничего пропустить.","哦，请恕我失陪，我得回分析室了。我们在信号中捕捉到了一些有趣的波动，我可不想错过任何细节。","Ah, se me der licença, preciso voltar para a sala de análise. Estamos captando umas flutuações interessantes no sinal e não quero perder nada.","喔，請容我先離開，我得回分析室了。我們在訊號中捕捉到一些有趣的波動，我可不想錯過任何細節。","Oh, if ye'll excuse me, I need to get back to the analysis room. We be pickin' up some interestin' wobbles in the signal, an' I don't want to miss a thing.","О, извините, морам да се вратим у собу за анализу. Хватамо занимљива колебања у сигналу и не желим ништа да пропустим.","Åh, om du ursäktar mig måste jag tillbaka till analysrummet. Vi fångar upp några intressanta fluktuationer i signalen, och jag vill inte missa något.","Oh, dacă mă scuzați, trebuie să mă întorc în sala de analiză. Captăm niște fluctuații interesante în semnal și nu vreau să ratez nimic."

Missions/Secondary/MTES06/Name,Text,,"Dunmar's Joyride","La virée de Dunmar","La scorribanda di Dunmar","Dunmars Spritztour","La escapada de Dunmar","ダンマーのドライブ","던마의 드라이브","Przejażdżka Dunmara","Прогулка Данмара","Dunmar的兜风之旅","O passeio do Dunmar","鄧瑪的兜風之旅","Dunmar's Joyride","Данмарова вожња","Dunmars nöjestur","Plimbarea lui Dunmar"
Missions/Secondary/MTES06/Description,Text,,"The team at the North Pole Research Station lack comfort and mobility to performe their experiment. They need more wheels.","L'équipe de la station de recherche du pôle Nord manque de confort et de mobilité pour mener ses expériences. Il lui faut plus de roues.","Il team della stazione di ricerca del Polo Nord non ha la comodità e la mobilità necessarie per svolgere i suoi esperimenti. Servono più ruote.","Dem Team der Nordpol-Forschungsstation fehlt es an Komfort und Mobilität, um seine Experimente durchzuführen. Sie brauchen mehr Räder.","Al equipo de la estación de investigación del polo norte le faltan comodidad y movilidad para realizar sus experimentos. Necesitan más ruedas.","北極研究ステーションのチームは、実験を行うための快適さと移動手段が足りていません。もっと車輪が必要です。","북극 연구 기지의 팀은 실험을 수행하기 위한 편의와 이동 수단이 부족해요. 바퀴가 더 필요해요.","Zespołowi stacji badawczej na biegunie północnym brakuje wygody i mobilności, aby prowadzić eksperymenty. Potrzebują więcej kół.","Команде полярной исследовательской станции не хватает комфорта и мобильности для проведения экспериментов. Им нужно больше колес.","北极科研站的团队缺乏开展实验所需的舒适度和机动性。他们需要更多轮子。","A equipe da Estação de Pesquisa do Polo Norte não tem conforto nem mobilidade para realizar seus experimentos. Eles precisam de mais rodas.","北極研究站的團隊缺乏進行實驗所需的舒適度和機動性。他們需要更多輪子。","The crew at the North Pole Research Station lack the comfort an' mobility to carry out their experiments. They need more wheels.","Тиму истраживачке станице на Северном полу недостају удобност и покретљивост за извођење експеримената. Потребно им је више точкова.","Teamet på Nordpolens forskningsstation saknar komfort och rörlighet för att utföra sina experiment. De behöver fler hjul.","Echipei de la stația de cercetare de la Polul Nord îi lipsesc confortul și mobilitatea necesare pentru a-și efectua experimentele. Au nevoie de mai multe roți."
Missions/Secondary/MTES06/Objective,Text,,"Send a rover to the North Pole with four wheels, an antenna, a solar panel and the Mk2 copckit.","Envoyer au pôle Nord un rover à quatre roues avec une antenne, un panneau solaire et le cockpit Mk2.","Invia al Polo Nord un rover a quattro ruote con un'antenna, un pannello solare e l'abitacolo Mk2.","Schicke einen Rover mit vier Rädern, einer Antenne, einem Solarmodul und dem Mk2-Cockpit zum Nordpol.","Envía al polo norte un rover de cuatro ruedas con una antena, un panel solar y la cabina Mk2.","車輪4つ、アンテナ、ソーラーパネル、Mk2コックピットを備えたローバーを北極に送る。","바퀴 4개, 안테나, 태양 전지판, Mk2 조종석을 갖춘 로버를 북극에 보내세요.","Wyślij na biegun północny łazik z czterema kołami, anteną, panelem słonecznym i kokpitem Mk2.","Отправьте на Северный полюс вездеход с четырьмя колесами, антенной, солнечной панелью и кабиной Mk2.","向北极送去一辆探测车，配备四个轮子、一副天线、一块太阳能板和Mk2驾驶舱。","Envie ao Polo Norte um rover com quatro rodas, uma antena, um painel solar e a cabine Mk2.","將一輛配備四個輪子、一具天線、一片太陽能板和Mk2駕駛艙的探測車送到北極。","Send a rover to the North Pole with four wheels, an antenna, a solar panel an' the Mk2 cockpit.","Пошаљите на Северни пол ровер са четири точка, антеном, соларним панелом и Mk2 кокпитом.","Skicka en rover till Nordpolen med fyra hjul, en antenn, en solpanel och Mk2-cockpiten.","Trimiteți la Polul Nord un rover cu patru roți, o antenă, un panou solar și cockpitul Mk2."
Missions/Secondary/MTES06/Brief01,Text,,"Director, we’ve received a <i>chilly</i> message from the team at the North Pole Research Station. Apparently, exploring the vast icy steppes of <style=""OBJ-Kerbin"">Kerbin</style>’s arctic by foot is proving a challenge.","Directeur, nous avons reçu un message <i>glacial</i> de l'équipe de la station de recherche du pôle Nord. Apparemment, explorer à pied les vastes steppes glacées de l'Arctique de <style=""OBJ-Kerbin"">Kerbin</style> s'avère compliqué.","Direttore, abbiamo ricevuto un messaggio <i>gelido</i> dal team della stazione di ricerca del Polo Nord. A quanto pare, esplorare a piedi le vaste steppe ghiacciate dell'Artico di <style=""OBJ-Kerbin"">Kerbin</style> si sta rivelando un'impresa.","Direktor, wir haben eine <i>frostige</i> Nachricht vom Team der Nordpol-Forschungsstation erhalten. Anscheinend erweist es sich als Herausforderung, die weiten eisigen Steppen der Arktis von <style=""OBJ-Kerbin"">Kerbin</style> zu Fuß zu erkunden.","Dire, hemos recibido un mensaje <i>gélido</i> del equipo de la estación de investigación del polo norte. Al parecer, explorar a pie las vastas estepas heladas del Ártico de <style=""OBJ-Kerbin"">Kerbin</style> está resultando todo un reto.","所長、北極研究ステーションのチームから<i>冷え冷えとした</i>メッセージが届きました。どうやら、<style=""OBJ-Kerbin"">カービン</style>の北極圏に広がる凍てつく大地を徒歩で探検するのは、なかなか大変なようです。","국장님, 북극 연구 기지 팀에서 <i>싸늘한</i> 메시지가 왔어요. 아무래도 <style=""OBJ-Kerbin"">커빈</style> 북극권의 광활한 얼음 대지를 걸어서 탐험하는 게 쉽지 않은가 봐요.","Dyrektorze, otrzymaliśmy <i>mroźną</i> wiadomość od zespołu stacji badawczej na biegunie północnym. Najwyraźniej eksploracja rozległych lodowych stepów Arktyki <style=""OBJ-Kerbin"">Kerbina</style> na piechotę okazuje się wyzwaniem.","Директор, мы получили <i>леденящее</i> сообщение от команды полярной исследовательской станции. Судя по всему, исследовать бескрайние ледяные степи арктики <style=""OBJ-Kerbin"">Кербина</style> пешком оказалось непросто.","局长，我们收到了北极科研站团队发来的一条<i>冷冰冰的</i>消息。看样子，徒步探索<style=""OBJ-Kerbin"">Kerbin</style>北极圈那广袤的冰原相当困难。","Diretor, recebemos uma mensagem <i>gélida</i> da equipe da Estação de Pesquisa do Polo Norte. Pelo jeito, explorar a pé as vastas estepes geladas do Ártico de <style=""OBJ-Kerbin"">Kerbin</style> está sendo um desafio.","總監，我們收到北極研究站團隊傳來一則<i>冷冰冰</i>的訊息。看樣子，用走的探索<style=""OBJ-Kerbin"">坎巴拉星</style>北極圈那片遼闊的冰原，實在不太容易。","Cap'n, we've received a <i>chilly</i> message from the crew at the North Pole Research Station. It seems explorin' the vast icy steppes o' <style=""OBJ-Kerbin"">Kerbin</style>'s arctic on foot be provin' a challenge.","Директоре, добили смо <i>ледену</i> поруку од тима истраживачке станице на Северном полу. Изгледа да је истраживање пространих ледених степа арктика <style=""OBJ-Kerbin"">Кербина</style> пешке прави изазов.","Chefen, vi har fått ett <i>kyligt</i> meddelande från teamet på Nordpolens forskningsstation. Det verkar som att det är en utmaning att utforska de vidsträckta isiga stäpperna i <style=""OBJ-Kerbin"">Kerbins</style> arktis till fots.","Director, am primit un mesaj <i>glacial</i> de la echipa stației de cercetare de la Polul Nord. Se pare că explorarea pe jos a vastelor stepe înghețate din Arctica lui <style=""OBJ-Kerbin"">Kerbin</style> se dovedește o provocare."
Missions/Secondary/MTES06/Brief02,Text,,"Dunmar reports that small stones keep getting into his thermal boots, and that his toes are starting to resemble… well, let’s just say he also mentioned something about a pedicure being required upon his return.","Dunmar signale que des petits cailloux n'arrêtent pas de se glisser dans ses bottes thermiques, et que ses orteils commencent à ressembler à… disons simplement qu'il a aussi évoqué la nécessité d'une pédicure à son retour.","Dunmar riferisce che i sassolini continuano a infilarsi nei suoi stivali termici e che le sue dita dei piedi cominciano ad assomigliare a… beh, diciamo solo che ha anche accennato alla necessità di una pedicure al suo ritorno.","Dunmar berichtet, dass ständig kleine Steinchen in seine Thermostiefel geraten und dass seine Zehen langsam aussehen wie… na ja, sagen wir einfach, er hat auch erwähnt, dass er nach seiner Rückkehr eine Pediküre braucht.","Dunmar informa de que se le cuelan piedrecitas en las botas térmicas una y otra vez, y que los dedos de los pies empiezan a parecerse a… bueno, digamos que también mencionó que necesitará una pedicura a su regreso.","ダンマーの報告によると、小石がしょっちゅう保温ブーツに入り込んで、足の指が…まあ、帰ったらペディキュアが必要だとも言っていた、とだけ言っておきます。","던마의 보고에 따르면 작은 돌멩이가 계속 보온 부츠 안으로 들어오고, 발가락이 점점… 음, 돌아오면 페디큐어가 필요하다는 얘기도 했다고만 해 둘게요.","Dunmar donosi, że do jego termicznych butów ciągle dostają się kamyki, a jego palce u stóp zaczynają przypominać… cóż, powiedzmy, że wspomniał też o konieczności pedicure po powrocie.","Данмар сообщает, что в его термоботинки постоянно попадают мелкие камешки, а пальцы на ногах начинают напоминать… скажем так, он также упомянул, что по возвращении ему понадобится педикюр.","Dunmar报告说，小石子总是钻进他的保暖靴里，他的脚趾开始变得像……嗯，就说他还提到回来以后得去做个足疗吧。","O Dunmar relata que pedrinhas não param de entrar nas botas térmicas dele e que os dedos dos pés estão começando a parecer… bem, digamos que ele também mencionou que vai precisar de uma pedicure quando voltar.","鄧瑪回報說，小石子一直跑進他的保暖靴裡，他的腳趾開始變得像……嗯，就說他還提到回來以後得去做個足部保養吧。","Dunmar reports that wee stones keep gettin' into his thermal boots, an' that his toes be startin' to look like… well, let's just say he also mentioned a pedicure bein' needed when he returns.","Данмар јавља да му каменчићи стално улазе у термо чизме и да његови ножни прсти почињу да личе на… па, рецимо да је поменуо и да ће му по повратку бити потребан педикир.","Dunmar rapporterar att småstenar hela tiden kommer in i hans termokängor och att hans tår börjar se ut som… tja, låt oss bara säga att han också nämnde att han kommer att behöva en pedikyr när han kommer tillbaka.","Dunmar raportează că i se tot strecoară pietricele în cizmele termice și că degetele de la picioare încep să semene cu… mă rog, să zicem doar că a pomenit și că va avea nevoie de o pedichiură când se întoarce."
Missions/Secondary/MTES06/Brief03,Text,,"Clearly, this situation calls for a solution. And that solution, Director, is wheels! We need to deliver a rover to the North Pole Research Station. It needs to have an antenna to stay in contact with the Station and solar panels to produce the necessary power to heat the cabin. We wouldn’t want Dunmar to catch a cold. Or, you know, become any colder than he already is.","De toute évidence, cette situation appelle une solution. Et cette solution, directeur, ce sont des roues ! Nous devons livrer un rover à la station de recherche du pôle Nord. Il doit avoir une antenne pour rester en contact avec la station et des panneaux solaires pour produire l'énergie nécessaire au chauffage de la cabine. Il ne faudrait pas que Dunmar attrape froid. Ou, enfin, qu'il devienne encore plus froid qu'il ne l'est déjà.","Chiaramente, questa situazione richiede una soluzione. E quella soluzione, direttore, sono le ruote! Dobbiamo consegnare un rover alla stazione di ricerca del Polo Nord. Deve avere un'antenna per restare in contatto con la stazione e pannelli solari per produrre l'energia necessaria a riscaldare la cabina. Non vorremmo che Dunmar si prendesse un raffreddore. O, insomma, che diventasse ancora più freddo di quanto già non sia.","Diese Situation verlangt eindeutig nach einer Lösung. Und diese Lösung, Direktor, sind Räder! Wir müssen einen Rover zur Nordpol-Forschungsstation liefern. Er braucht eine Antenne, um mit der Station in Kontakt zu bleiben, und Solarmodule, um den nötigen Strom zum Heizen der Kabine zu erzeugen. Wir wollen ja nicht, dass sich Dunmar erkältet. Oder, na ja, noch kälter wird, als er ohnehin schon ist.","Está claro que esta situación pide una solución. ¡Y esa solución, dire, son ruedas! Tenemos que llevar un rover a la estación de investigación del polo norte. Tiene que tener una antena para mantenerse en contacto con la estación y paneles solares para producir la energía necesaria para calentar la cabina. No queremos que Dunmar se resfríe. O, bueno, que se enfríe aún más de lo que ya está.","明らかに、この状況には解決策が必要です。そしてその解決策は、所長、車輪です！ 北極研究ステーションにローバーを届ける必要があります。ステーションと連絡を取り合うためのアンテナと、キャビンを暖めるのに必要な電力を生み出すソーラーパネルが必要です。ダンマーに風邪をひかせるわけにはいきませんからね。というか、今よりさらに冷たくなられても困ります。","분명히 이 상황에는 해결책이 필요해요. 그리고 그 해결책은, 국장님, 바로 바퀴예요! 북극 연구 기지에 로버를 보내야 해요. 기지와 연락을 유지할 안테나와 객실 난방에 필요한 전력을 만들 태양 전지판이 있어야 해요. 던마가 감기에 걸리면 안 되잖아요. 아니면, 그러니까, 지금보다 더 차가워지면 안 되잖아요.","Ta sytuacja wyraźnie wymaga rozwiązania. A tym rozwiązaniem, dyrektorze, są koła! Musimy dostarczyć łazik do stacji badawczej na biegunie północnym. Musi mieć antenę, aby utrzymywać kontakt ze stacją, i panele słoneczne do wytwarzania energii potrzebnej do ogrzewania kabiny. Nie chcielibyśmy, żeby Dunmar się przeziębił. Albo, no wiesz, żeby zrobił się jeszcze zimniejszy, niż już jest.","Очевидно, эта ситуация требует решения. И это решение, директор, — колеса! Нам нужно доставить вездеход на полярную исследовательскую станцию. У него должна быть антенна для связи со станцией и солнечные панели для выработки энергии, необходимой для обогрева кабины. Не хотелось бы, чтобы Данмар простудился. Или, ну, стал еще холоднее, чем он уже есть.","显然，这种情况需要一个解决方案。而这个解决方案，局长，就是轮子！我们需要给北极科研站送去一辆探测车。它需要配备一副天线来和科研站保持联系，还需要太阳能板来产生给驾驶室供暖所需的电力。我们可不想让Dunmar着凉。或者说，让他变得比现在更冷。","Claramente, essa situação pede uma solução. E essa solução, Diretor, são rodas! Precisamos entregar um rover à Estação de Pesquisa do Polo Norte. Ele precisa ter uma antena para manter contato com a estação e painéis solares para produzir a energia necessária para aquecer a cabine. Não queremos que o Dunmar pegue um resfriado. Ou, sabe, que fique ainda mais frio do que já é.","顯然，這種情況需要解決方案。而這個解決方案，總監，就是輪子！我們需要送一輛探測車到北極研究站。它需要一具天線來和研究站保持聯繫，還要有太陽能板來產生給駕駛室暖氣用的電力。我們可不想讓鄧瑪感冒。或者說，讓他變得比現在更冷。","Clearly, this situation calls fer a solution. An' that solution, Cap'n, be wheels! We need to deliver a rover to the North Pole Research Station. It needs an antenna to stay in touch with the Station an' solar panels to make the power needed to heat the cabin. We wouldn't want Dunmar to catch a cold. Or, ye know, get any colder than he already be.","Јасно је да ова ситуација захтева решење. А то решење, директоре, јесу точкови! Морамо да доставимо ровер истраживачкој станици на Северном полу. Мора да има антену да би одржавао контакт са станицом и соларне панеле за производњу енергије потребне за грејање кабине. Не бисмо желели да се Данмар прехлади. Или, знате, да постане још хладнији него што већ јесте.","Den här situationen kräver uppenbarligen en lösning. Och den lösningen, chefen, är hjul! Vi måste leverera en rover till Nordpolens forskningsstation. Den måste ha en antenn för att hålla kontakten med stationen och solpaneler för att producera den ström som behövs för att värma upp hytten. Vi vill ju inte att Dunmar ska bli förkyld. Eller, du vet, bli ännu kallare än han redan är.","Evident, situația aceasta cere o soluție. Iar soluția, director, sunt roțile! Trebuie să livrăm un rover la stația de cercetare de la Polul Nord. Trebuie să aibă o antenă ca să păstreze legătura cu stația și panouri solare care să producă energia necesară încălzirii cabinei. N-am vrea ca Dunmar să răcească. Sau, știți, să devină și mai rece decât este deja."
Missions/Secondary/MTES06/Brief04,Text,,"And while we’re at it, why don’t we design it with style and use the Mk2 cockpit? Some folks at Construction & Assembly needs to log a few more flight hours, that would be an excellent opportunity!

<style=""TXT-Objective"">Your objective is to deliver a four-wheel rover to the North Pole. It must have an antenna, a solar panel and the mk2 “Phoenix“ cockpit.</style>","Et tant qu'on y est, pourquoi ne pas le concevoir avec style et utiliser le cockpit Mk2 ? Certains collègues de Construction & Assemblage doivent accumuler quelques heures de vol de plus, ce serait une excellente occasion !

<style=""TXT-Objective"">Votre objectif est de livrer un rover à quatre roues au pôle Nord. Il doit être équipé d'une antenne, d'un panneau solaire et du cockpit Mk2 « Phénix ».</style>","E già che ci siamo, perché non progettarlo con stile e usare l'abitacolo Mk2? Alcuni colleghi di Costruzione e Assemblaggio devono accumulare qualche ora di volo in più, sarebbe un'ottima occasione!

<style=""TXT-Objective"">Il tuo obiettivo è consegnare un rover a quattro ruote al Polo Nord. Deve avere un'antenna, un pannello solare e l'abitacolo Mk2 ""Fenice"".</style>","Und wenn wir schon dabei sind: Warum entwerfen wir ihn nicht mit Stil und verwenden das Mk2-Cockpit? Ein paar Leute aus Bau & Montage müssen noch ein paar Flugstunden sammeln, das wäre eine hervorragende Gelegenheit!

<style=""TXT-Objective"">Dein Ziel ist es, einen vierrädrigen Rover zum Nordpol zu liefern. Er muss eine Antenne, ein Solarmodul und das Mk2-Cockpit „Phönix“ haben.</style>","Y, ya puestos, ¿por qué no diseñarlo con estilo y usar la cabina Mk2? A algunos de Construcción y Ensamblaje les faltan horas de vuelo, ¡sería una oportunidad excelente!

<style=""TXT-Objective"">Tu objetivo es llevar un rover de cuatro ruedas al polo norte. Debe tener una antena, un panel solar y la cabina Mk2 ""Fénix"".</style>","それと、せっかくだからおしゃれに設計して、Mk2コックピットを使ってみてはどうでしょう？ 建設・組立部門の何人かが飛行時間をもう少し積む必要があるので、絶好の機会になります！

<style=""TXT-Objective"">所長の目標は、4輪ローバーを北極に届けることです。アンテナ、ソーラーパネル、Mk2「フェニックス」コックピットを備えている必要があります。</style>","그리고 하는 김에, 멋지게 디자인해서 Mk2 조종석을 쓰는 건 어때요? 건설 및 조립 부서의 몇몇 사람들이 비행 시간을 좀 더 쌓아야 하거든요. 아주 좋은 기회가 될 거예요!

<style=""TXT-Objective"">국장님의 목표는 4륜 로버를 북극으로 보내는 것입니다. 안테나, 태양 전지판, Mk2 ""피닉스"" 조종석을 갖추어야 합니다.</style>","A skoro już przy tym jesteśmy, może zaprojektujemy go stylowo i użyjemy kokpitu Mk2? Kilka osób z działu konstrukcji i montażu musi wylatać jeszcze trochę godzin, to byłaby doskonała okazja!

<style=""TXT-Objective"">Twoim celem jest dostarczenie czterokołowego łazika na biegun północny. Musi mieć antenę, panel słoneczny i kokpit Mk2 „Feniks”.</style>","И раз уж мы за это взялись, почему бы не сделать его стильным и не использовать кабину Mk2? Кое-кому из отдела строительства и сборки нужно налетать еще несколько часов, это будет отличная возможность!

<style=""TXT-Objective"">Ваша цель — доставить на Северный полюс четырехколесный вездеход. У него должны быть антенна, солнечная панель и кабина Mk2 «Феникс».</style>","既然要做，何不设计得时髦一点，用上Mk2驾驶舱呢？建造与组装部门的几个人还需要再积累点飞行时间，这会是个绝佳的机会！

<style=""TXT-Objective"">你的目标是将一辆四轮探测车送到北极。它必须配备一副天线、一块太阳能板和Mk2“凤凰”驾驶舱。</style>","E, já que estamos nessa, por que não projetá-lo com estilo e usar a cabine Mk2? Algumas pessoas da Construção e Montagem precisam acumular mais algumas horas de voo, seria uma ótima oportunidade!

<style=""TXT-Objective"">Seu objetivo é entregar um rover de quatro rodas no Polo Norte. Ele deve ter uma antena, um painel solar e a cabine Mk2 ""Fênix"".</style>","既然都要做了，何不設計得時髦一點，用上Mk2駕駛艙呢？建造與組裝部門有些人還需要再累積一點飛行時數，這會是個超棒的機會！

<style=""TXT-Objective"">你的目標是把一輛四輪探測車送到北極。它必須配備一具天線、一片太陽能板和Mk2「鳳凰」駕駛艙。</style>","An' while we be at it, why not build it with style an' use the Mk2 cockpit? Some hands at Construction & Assembly need to log a few more flight hours, so that'd be a fine opportunity!

<style=""TXT-Objective"">Yer orders be to deliver a four-wheel rover to the North Pole. It must have an antenna, a solar panel an' the Mk2 ""Phoenix"" cockpit.</style>","И кад смо већ код тога, зашто га не бисмо дизајнирали са стилом и користили Mk2 кокпит? Неки људи из одељења за изградњу и монтажу морају да скупе још мало сати лета, ово би била одлична прилика!

<style=""TXT-Objective"">Ваш циљ је да доставите ровер са четири точка на Северни пол. Мора да има антену, соларни панел и Mk2 кокпит „Феникс”.</style>","Och när vi ändå håller på, varför inte designa den med stil och använda Mk2-cockpiten? Några på Konstruktion & Montering behöver logga lite fler flygtimmar, så det vore ett utmärkt tillfälle!

<style=""TXT-Objective"">Ditt mål är att leverera en fyrhjulig rover till Nordpolen. Den måste ha en antenn, en solpanel och Mk2-cockpiten ”Phoenix”.</style>","Și, dacă tot ne apucăm, de ce să nu-l proiectăm cu stil și să folosim cockpitul Mk2? Câțiva oameni de la Construcție și Asamblare trebuie să mai strângă niște ore de zbor, ar fi o ocazie excelentă!

<style=""TXT-Objective"">Obiectivul dumneavoastră este să livrați un rover cu patru roți la Polul Nord. Trebuie să aibă o antenă, un panou solar și cockpitul Mk2 „Phoenix”.</style>"
Missions/Secondary/MTES06/Brief05,Text,,"This rover will greatly expand the team’s operational area, allowing them to traverse the icy plains with greater ease and comfort. So, get that rover ready, Director! And maybe include a few pairs of extra-thick socks. Just in case.

Good luck, and may your journey be… <i>ice</i> and easy!","Ce rover élargira considérablement la zone d'opération de l'équipe, ce qui lui permettra de parcourir les plaines glacées avec plus de facilité et de confort. Alors, préparez ce rover, directeur ! Et ajoutez peut-être quelques paires de chaussettes extra-épaisses. On ne sait jamais.

Bonne chance, et que votre voyage soit… <i>givré</i> et sans encombre !","Questo rover amplierà notevolmente l'area operativa del team, permettendogli di attraversare le pianure ghiacciate con più facilità e comodità. Quindi, prepara quel rover, direttore! E magari aggiungi qualche paio di calzini extra spessi. Non si sa mai.

Buona fortuna, e che il tuo viaggio sia… <i>gelido</i> e sereno!","Dieser Rover wird das Einsatzgebiet des Teams erheblich vergrößern und es ihm ermöglichen, die eisigen Ebenen leichter und bequemer zu durchqueren. Also, mach den Rover startklar, Direktor! Und pack vielleicht ein paar Paar extradicke Socken ein. Nur für alle Fälle.

Viel Glück, und möge deine Reise… <i>eisig</i> und entspannt verlaufen!","Este rover ampliará muchísimo la zona de operaciones del equipo y les permitirá recorrer las llanuras heladas con más facilidad y comodidad. ¡Así que prepara ese rover, dire! Y quizá mete unos cuantos pares de calcetines extragruesos. Por si acaso.

¡Buena suerte, y que tu viaje sea… <i>helado</i> y tranquilo!","このローバーでチームの活動範囲は大きく広がり、凍てつく平原をもっと楽に快適に移動できるようになります。さあ、ローバーの準備をお願いします、所長！ 念のため、極厚の靴下も何足か入れておいてくださいね。

幸運を祈ります。旅が…<i>アイス</i>で快適なものになりますように！","이 로버로 팀의 활동 범위가 크게 넓어지고, 얼어붙은 평원을 더 쉽고 편하게 누빌 수 있게 될 거예요. 자, 로버를 준비해 주세요, 국장님! 그리고 혹시 모르니 아주 두꺼운 양말도 몇 켤레 넣어 주세요.

행운을 빌어요. 여정이… <i>얼음</i>처럼 매끄럽기를!","Ten łazik znacznie poszerzy obszar działań zespołu, pozwalając mu przemierzać lodowe równiny łatwiej i wygodniej. Więc szykuj ten łazik, dyrektorze! I może dorzuć kilka par ekstragrubych skarpet. Tak na wszelki wypadek.

Powodzenia i niech twoja podróż będzie… <i>lodowo</i> gładka!","Этот вездеход значительно расширит рабочую зону команды и позволит пересекать ледяные равнины легче и комфортнее. Так что готовьте вездеход, директор! И, может, положите несколько пар особо толстых носков. На всякий случай.

Удачи, и пусть ваше путешествие будет… <i>ледяным</i> и легким!","这辆探测车将大大扩展团队的作业范围，让他们能更轻松、更舒适地穿越冰封平原。所以，把探测车准备好吧，局长！或许再塞几双特厚的袜子进去。以防万一嘛。

祝你好运，愿你的旅途……<i>冰</i>爽顺利！","Esse rover vai ampliar muito a área de operação da equipe, permitindo que atravessem as planícies geladas com mais facilidade e conforto. Então, prepare esse rover, Diretor! E talvez inclua alguns pares de meias extragrossas. Só por precaução.

Boa sorte, e que sua viagem seja… <i>gelada</i> e tranquila!","這輛探測車會大幅擴展團隊的作業範圍，讓他們能更輕鬆、更舒適地穿越冰封平原。所以，把探測車準備好吧，總監！或許再塞幾雙超厚的襪子進去。以防萬一嘛。

祝你好運，願你的旅程……<i>冰</i>爽順利！","This rover will greatly widen the crew's huntin' grounds, lettin' them cross the icy plains with more ease an' comfort. So, get that rover ready, Cap'n! An' maybe throw in a few pairs o' extra-thick socks. Just in case.

Fair winds, an' may yer voyage be… <i>ice</i> an' easy!","Овај ровер ће знатно проширити радни простор тима и омогућити им да лакше и удобније прелазе ледене равнице. Зато спремите тај ровер, директоре! И можда убаците неколико пари екстра дебелих чарапа. За сваки случај.

Срећно, и нека Вам путовање буде… <i>ледено</i> лако!","Den här rovern kommer att utöka teamets verksamhetsområde avsevärt, så att de kan ta sig över de isiga slätterna med större lätthet och bekvämlighet. Så gör rovern redo, chefen! Och packa kanske ner några par extra tjocka sockor. För säkerhets skull.

Lycka till, och må din resa bli… <i>is</i>-lätt och bekväm!","Acest rover va extinde mult zona de operare a echipei, permițându-le să traverseze câmpiile înghețate mai ușor și mai confortabil. Așadar, pregătiți roverul, director! Și poate puneți și câteva perechi de șosete extra groase. Pentru orice eventualitate.

Mult noroc și fie ca drumul să vă fie… <i>înghețat</i> de ușor!"
Missions/Secondary/MTES06/Debrief01,Text,,"Good job, Director! I just received a transmission from Dunmar. He’s been taking the rover for test drives around the station and doing donuts in the snow. He even sent a photo of himself wearing a pair of oversized earmuffs while driving. It's… quite a sight.","Beau travail, directeur ! Je viens de recevoir une transmission de Dunmar. Il fait des essais avec le rover autour de la station et des dérapages dans la neige. Il nous a même envoyé une photo de lui au volant, avec une paire de cache-oreilles surdimensionnés. C'est… tout un spectacle.","Ottimo lavoro, direttore! Ho appena ricevuto una trasmissione da Dunmar. Sta facendo giri di prova con il rover intorno alla stazione e testacoda sulla neve. Ci ha persino mandato una foto di sé al volante con un paio di paraorecchie enormi. È… uno spettacolo.","Gute Arbeit, Direktor! Ich habe gerade eine Übertragung von Dunmar erhalten. Er macht mit dem Rover Probefahrten rund um die Station und dreht Donuts im Schnee. Er hat sogar ein Foto von sich geschickt, auf dem er beim Fahren riesige Ohrenschützer trägt. Das ist… ein ganz schöner Anblick.","¡Buen trabajo, dire! Acabo de recibir una transmisión de Dunmar. Ha estado haciendo pruebas de conducción con el rover alrededor de la estación y trompos en la nieve. Hasta ha enviado una foto suya conduciendo con unas orejeras enormes. Es… todo un espectáculo.","よくやりました、所長！ ちょうどダンマーから通信が届いたところです。ステーションの周りでローバーの試運転をして、雪の上でドーナツターンをしているそうです。特大の耳当てをつけて運転している自分の写真まで送ってきました。これが…なかなかの見ものなんです。","잘하셨어요, 국장님! 방금 던마에게서 통신이 왔어요. 기지 주변에서 로버를 시운전하면서 눈 위에서 도넛을 그리고 있대요. 운전하면서 엄청나게 큰 귀마개를 쓴 자기 사진까지 보내왔어요. 그게… 꽤 볼만해요.","Dobra robota, dyrektorze! Właśnie otrzymałam transmisję od Dunmara. Robi łazikiem jazdy próbne wokół stacji i kręci bączki na śniegu. Przysłał nawet swoje zdjęcie w ogromnych nausznikach za kierownicą. To… niezły widok.","Отличная работа, директор! Я только что получила передачу от Данмара. Он устраивает на вездеходе тест-драйвы вокруг станции и крутит пончики на снегу. Он даже прислал фото, где сидит за рулем в огромных наушниках-грелках. Это… то еще зрелище.","干得好，局长！我刚刚收到Dunmar发来的通讯。他一直开着探测车在科研站周围试驾，还在雪地上甩尾漂移。他甚至发来一张自己戴着超大号耳罩开车的照片。那画面……真是相当壮观。","Bom trabalho, Diretor! Acabei de receber uma transmissão do Dunmar. Ele tem feito test-drives com o rover ao redor da estação e dado cavalos de pau na neve. Ele até mandou uma foto dele dirigindo com um par de protetores de orelha gigantes. É… uma cena e tanto.","做得好，總監！我剛收到鄧瑪傳來的通訊。他一直開著探測車在研究站周圍試駕，還在雪地上甩尾轉圈。他甚至傳了一張自己戴著超大耳罩開車的照片。那畫面……真是相當壯觀。","Good job, Cap'n! I just received a transmission from Dunmar. He's been takin' the rover fer test drives 'round the station an' doin' donuts in the snow. He even sent a picture o' himself wearin' a pair o' oversized earmuffs while drivin'. It be… quite a sight.","Одличан посао, директоре! Управо сам примила поруку од Данмара. Вози ровер на пробним вожњама око станице и прави кругове по снегу. Чак је послао своју слику док вози са огромним штитницима за уши. То је… прави призор.","Bra jobbat, chefen! Jag har precis fått en sändning från Dunmar. Han har provkört rovern runt stationen och kört runt i cirklar i snön. Han skickade till och med en bild på sig själv med ett par enorma öronskydd medan han körde. Det är… en riktig syn.","Bună treabă, director! Tocmai am primit o transmisiune de la Dunmar. A făcut ture de probă cu roverul în jurul stației și a făcut cercuri în zăpadă. Ne-a trimis chiar și o poză cu el la volan, purtând o pereche de apărători de urechi uriașe. E… o priveliște, nu glumă."
Missions/Secondary/MTES06/Debrief02,Text,,"He says his toes haven’t felt this warm since… well, since he left the Kerbal Space Center.","Il dit que ses orteils n'avaient pas été aussi au chaud depuis… eh bien, depuis qu'il a quitté le Centre Spatial Kerbal.","Dice che le sue dita dei piedi non erano così al caldo da… beh, da quando ha lasciato il Centro Spaziale Kerbal.","Er sagt, seine Zehen waren nicht mehr so warm seit… na ja, seit er das Kerbal-Weltraumzentrum verlassen hat.","Dice que no tenía los dedos de los pies tan calentitos desde… bueno, desde que se fue del Centro Espacial Kerbal.","足の指がこんなに温かいのは…ええと、カーバル宇宙センターを出て以来だそうです。","발가락이 이렇게 따뜻했던 건… 음, 커벌 우주 센터를 떠난 이후로 처음이래요.","Mówi, że jego palce u stóp nie były tak ciepłe od… cóż, odkąd opuścił Kerbiński Ośrodek Kosmiczny.","Он говорит, что его пальцам на ногах не было так тепло с тех пор… ну, с тех пор, как он покинул Кербальский космический центр.","他说自从……嗯，自从离开坎巴拉航天中心以来，他的脚趾头就没这么暖和过。","Ele diz que os dedos dos pés dele não ficavam tão quentinhos desde… bem, desde que saiu do Centro Espacial Kerbal.","他說自從……嗯，自從離開坎巴拉太空中心以後，他的腳趾頭就沒這麼暖和過。","He says his toes ain't felt this warm since… well, since he left the Kerbal Space Center.","Каже да му ножни прсти нису били овако топли од… па, откако је напустио Кербалски свемирски центар.","Han säger att hans tår inte har varit så här varma sedan… tja, sedan han lämnade Kerbal Space Center.","Spune că degetele de la picioare nu i-au mai fost atât de calde de când… mă rog, de când a plecat de la Kerbal Space Center."
Missions/Secondary/MTES06/Debrief03,Text,,"The team is already planning expeditions to explore the surrounding area to gather more data. I imagine they’ll also use it to get to the mess hall faster. I heard the hot cocoa there is top-notch.","L'équipe planifie déjà des expéditions pour explorer les environs et recueillir davantage de données. J'imagine qu'ils s'en serviront aussi pour aller plus vite à la cantine. Il paraît que le chocolat chaud y est excellent.","Il team sta già pianificando spedizioni per esplorare i dintorni e raccogliere altri dati. Immagino che lo useranno anche per arrivare prima in mensa. Ho sentito dire che la cioccolata calda lì è eccezionale.","Das Team plant bereits Expeditionen, um die Umgebung zu erkunden und weitere Daten zu sammeln. Ich schätze, sie werden ihn auch nutzen, um schneller in die Kantine zu kommen. Ich habe gehört, der heiße Kakao dort ist erstklassig.","El equipo ya está planeando expediciones para explorar los alrededores y recopilar más datos. Me imagino que también lo usarán para llegar antes al comedor. He oído que allí el chocolate caliente es de primera.","チームはもう周辺地域を探検してさらにデータを集める遠征を計画しています。食堂に早く行くのにも使うんでしょうね。あそこのホットココアは最高だと聞きました。","팀은 벌써 주변 지역을 탐험하고 더 많은 데이터를 모으기 위한 원정을 계획하고 있어요. 식당에 더 빨리 가는 데도 쓰겠죠. 거기 핫초코가 최고라고 들었어요.","Zespół już planuje wyprawy, aby zbadać okolicę i zebrać więcej danych. Wyobrażam sobie, że będą go też używać, żeby szybciej dojechać do stołówki. Słyszałam, że kakao jest tam pierwszorzędne.","Команда уже планирует экспедиции, чтобы исследовать окрестности и собрать больше данных. Подозреваю, что они будут ездить на нем и в столовую, чтобы быстрее добраться. Говорят, горячее какао там просто первоклассное.","团队已经在计划探险，去探索周边地区并收集更多数据了。我猜他们也会用它更快地赶到食堂。我听说那里的热可可是一流的。","A equipe já está planejando expedições para explorar a área ao redor e coletar mais dados. Imagino que também vão usá-lo para chegar mais rápido ao refeitório. Ouvi dizer que o chocolate quente de lá é de primeira.","團隊已經在規劃探險，要去探索周邊地區、收集更多資料。我猜他們也會用它更快趕到餐廳。聽說那裡的熱可可是一流的。","The crew be already plannin' expeditions to explore the surroundin' area an' gather more data. I reckon they'll also use it to reach the mess hall faster. I hear the hot cocoa there be top-notch.","Тим већ планира експедиције да истражи околину и прикупи још података. Претпостављам да ће га користити и да брже стигну до мензе. Чула сам да је топли какао тамо врхунски.","Teamet planerar redan expeditioner för att utforska omgivningarna och samla in mer data. Jag antar att de också kommer att använda den för att snabbare ta sig till matsalen. Jag har hört att den varma chokladen där är förstklassig.","Echipa plănuiește deja expediții pentru a explora împrejurimile și a strânge mai multe date. Îmi imaginez că îl vor folosi și ca să ajungă mai repede la cantină. Am auzit că ciocolata caldă de acolo e de top."
Missions/Secondary/MTES06/Debrief04,Text,,"I need to go check on the supply manifest. I have a feeling we’re going to need to send up a lot more fuel for that rover. Dunmar seems to have developed a fondness for driving in circles. It’s for important scientific research, of course.","Je dois aller vérifier le manifeste de ravitaillement. J'ai le sentiment que nous allons devoir envoyer beaucoup plus de carburant pour ce rover. Dunmar semble s'être pris d'affection pour la conduite en rond. C'est pour d'importantes recherches scientifiques, bien entendu.","Devo andare a controllare il manifesto dei rifornimenti. Ho la sensazione che dovremo mandare molto più carburante per quel rover. Dunmar sembra essersi affezionato alla guida in tondo. Per importanti ricerche scientifiche, ovviamente.","Ich muss das Versorgungsmanifest überprüfen. Ich habe das Gefühl, wir werden für diesen Rover viel mehr Treibstoff hochschicken müssen. Dunmar scheint eine Vorliebe dafür entwickelt zu haben, im Kreis zu fahren. Natürlich für wichtige wissenschaftliche Forschung.","Tengo que revisar el manifiesto de suministros. Tengo la sensación de que vamos a tener que enviar mucho más combustible para ese rover. Parece que a Dunmar le ha cogido el gusto a conducir en círculos. Es por una importante investigación científica, claro.","補給品のリストを確認しに行かないと。あのローバーのために、もっとたくさんの燃料を送る必要がある気がします。ダンマーはぐるぐる回って走るのがすっかり気に入ったようなんです。もちろん、重要な科学研究のためですけどね。","보급품 목록을 확인하러 가야겠어요. 그 로버를 위해 연료를 훨씬 더 많이 보내야 할 것 같은 느낌이 들어요. 던마가 빙글빙글 돌며 운전하는 데 재미를 붙인 것 같거든요. 물론 중요한 과학 연구를 위해서죠.","Muszę sprawdzić listę zaopatrzenia. Mam przeczucie, że będziemy musieli wysyłać znacznie więcej paliwa do tego łazika. Dunmar chyba polubił jeżdżenie w kółko. Oczywiście w ramach ważnych badań naukowych.","Мне нужно проверить список снабжения. Чувствую, что для этого вездехода придется отправлять гораздо больше топлива. Данмар, похоже, пристрастился ездить по кругу. Разумеется, ради важных научных исследований.","我得去核对一下补给清单。我有种感觉，我们得给那辆探测车送去多得多的燃料。Dunmar好像迷上了绕圈开车。当然，这都是为了重要的科学研究。","Preciso conferir o manifesto de suprimentos. Tenho a sensação de que vamos ter que mandar muito mais combustível para esse rover. O Dunmar parece ter pegado gosto por dirigir em círculos. Para importantes pesquisas científicas, é claro.","我得去核對一下補給清單。我有種預感，我們得幫那輛探測車送去多得多的燃料。鄧瑪好像愛上了繞圈圈開車。當然，這都是為了重要的科學研究。","I need to go check the supply manifest. I have a feelin' we'll need to send up a lot more fuel fer that rover. Dunmar seems to have grown fond o' drivin' in circles. It be fer important scientific research, o' course.","Морам да проверим списак залиха. Имам осећај да ћемо морати да шаљемо много више горива за тај ровер. Чини се да је Данмар заволео вожњу у круг. Наравно, за важна научна истраживања.","Jag måste gå och kontrollera förrådslistan. Jag har en känsla av att vi kommer att behöva skicka upp mycket mer bränsle till den där rovern. Dunmar verkar ha fått smak för att köra i cirklar. Det är för viktig vetenskaplig forskning, förstås.","Trebuie să verific lista de aprovizionare. Am senzația că va trebui să trimitem mult mai mult combustibil pentru roverul acela. Dunmar pare să fi prins gustul condusului în cerc. Pentru cercetări științifice importante, desigur."

Missions/Secondary/MTES07/Name,Text,,"Whispers from the Mun","Murmures de la Mune","Sussurri da Mun","Flüstern vom Mun","Susurros de la Muna","ムンからのささやき","문에서 온 속삭임","Szepty z Muna","Шепот Муны","来自Mun的低语","Sussurros da Mun","來自穆恩星的低語","Whispers from the Mun","Шапутања са Муна","Viskningar från Mun","Șoapte de pe Mun"
Missions/Secondary/MTES07/Description,Text,,"We’ve discovered what could be a new Mun signal. We need to go there and investigate.","Nous avons découvert ce qui pourrait être un nouveau signal sur la Mune. Nous devons nous y rendre pour enquêter.","Abbiamo scoperto quello che potrebbe essere un nuovo segnale su Mun. Dobbiamo andare a indagare.","Wir haben etwas entdeckt, das ein neues Signal auf dem Mun sein könnte. Wir müssen hin und der Sache nachgehen.","Hemos descubierto lo que podría ser una nueva señal en la Muna. Tenemos que ir allí a investigar.","ムンで新たな信号かもしれないものを発見しました。現地に行って調査する必要があります。","문에서 새로운 신호일지도 모르는 것을 발견했어요. 현장에 가서 조사해야 해요.","Odkryliśmy coś, co może być nowym sygnałem na Munie. Musimy tam polecieć i to zbadać.","Мы обнаружили то, что может оказаться новым сигналом на Муне. Нужно отправиться туда и разобраться.","我们发现了一个可能是Mun上新信号的东西。我们需要去那里调查。","Descobrimos o que pode ser um novo sinal na Mun. Precisamos ir até lá investigar.","我們發現了一個可能是穆恩星新訊號的東西。我們需要去那裡調查。","We've discovered what could be a new Mun signal. We need to sail there an' investigate.","Открили смо нешто што би могао бити нови сигнал на Муну. Морамо да одемо тамо и истражимо.","Vi har upptäckt vad som kan vara en ny signal på Mun. Vi måste åka dit och undersöka saken.","Am descoperit ceea ce ar putea fi un nou semnal pe Mun. Trebuie să mergem acolo să investigăm."
Missions/Secondary/MTES07/Objective,Text,,"Land on the Mun near the new location with three Kerbals.","Se poser sur la Mune près du nouvel emplacement avec trois Kerbals.","Atterra su Mun vicino alla nuova posizione con tre Kerbal.","Lande mit drei Kerbals nahe dem neuen Standort auf dem Mun.","Aterriza en la Muna cerca de la nueva ubicación con tres kerbals.","3人のカーバルを乗せて、ムンの新たな地点の近くに着陸する。","커벌 3명을 태우고 문의 새로운 위치 근처에 착륙하세요.","Wyląduj na Munie w pobliżu nowej lokalizacji z trzema Kerbalami.","Совершите посадку на Муну рядом с новым местом с тремя кербалами.","搭载三名坎巴拉人，在Mun上的新地点附近着陆。","Pouse na Mun perto do novo local com três Kerbals.","搭載三名坎巴拉人，在穆恩星的新地點附近降落。","Land on the Mun near the new location with three Kerbals.","Слетите на Мун близу нове локације са три кербала.","Landa på Mun nära den nya platsen med tre kerbaler.","Aterizați pe Mun lângă noua locație, cu trei kerbali."
Missions/Secondary/MTES07/Brief01,Text,,"Director… <i>[Dr. Kerman takes a deep breath and sighs]</i> Oh boy. I’ve done it again. All that excitement about the <style=""OBJ-Mun"">Mun</style>ar monument… I went a little overboard with the caffeine. I was up all night analyzing data, drawing diagrams on the whiteboard, and… well, let’s just say things got a little… <i>energetic</i>.","Directeur… <i>[Le Dr Kerman inspire profondément et soupire]</i> Oh là là. J'ai recommencé. Toute cette excitation autour du monument de la <style=""OBJ-Mun"">Mune</style>… J'ai un peu forcé sur la caféine. J'ai passé la nuit à analyser des données, à dessiner des schémas sur le tableau blanc, et… disons que les choses sont devenues un peu… <i>énergiques</i>.","Direttore… <i>[La dottoressa Kerman fa un respiro profondo e sospira]</i> Oh, cielo. L'ho fatto di nuovo. Tutto quell'entusiasmo per il monumento di <style=""OBJ-Mun"">Mun</style>… ho un po' esagerato con la caffeina. Sono rimasta sveglia tutta la notte ad analizzare dati, a disegnare diagrammi sulla lavagna e… beh, diciamo solo che le cose si sono fatte un po'… <i>movimentate</i>.","Direktor… <i>[Dr. Kerman holt tief Luft und seufzt]</i> Oh je. Ich habe es schon wieder getan. All die Aufregung um das Monument auf dem <style=""OBJ-Mun"">Mun</style>… Ich habe es mit dem Koffein ein bisschen übertrieben. Ich war die ganze Nacht wach, habe Daten analysiert, Diagramme an das Whiteboard gezeichnet und… na ja, sagen wir einfach, es wurde etwas… <i>energiegeladen</i>.","Dire… <i>[La doctora Kerman respira hondo y suspira]</i> Ay, madre. Lo he vuelto a hacer. Con toda la emoción por el monumento de la <style=""OBJ-Mun"">Muna</style>… me pasé un poco con la cafeína. Estuve toda la noche analizando datos, dibujando diagramas en la pizarra y… bueno, digamos que la cosa se puso un poco… <i>enérgica</i>.","所長…<i>［カーマン博士は深呼吸してため息をつく］</i> ああ、もう。またやっちゃいました。<style=""OBJ-Mun"">ムン</style>のモニュメントのことで興奮しすぎて…カフェインを少し摂りすぎたんです。一晩中起きてデータを分析して、ホワイトボードに図を描いて、それで…まあ、ちょっと…<i>エネルギッシュ</i>になりすぎたとだけ言っておきます。","국장님… <i>[케르맨 박사가 심호흡을 하고 한숨을 쉰다]</i> 아이고. 또 그래 버렸어요. <style=""OBJ-Mun"">문</style>의 유적 때문에 너무 흥분해서… 카페인을 좀 과하게 마셨어요. 밤새 깨어서 데이터를 분석하고, 화이트보드에 도표를 그리고… 뭐, 상황이 좀… <i>활기차게</i> 됐다고만 해 둘게요.","Dyrektorze… <i>[Doktor Kerman bierze głęboki oddech i wzdycha]</i> Ojej. Znowu to zrobiłam. Całe to podekscytowanie monumentem na <style=""OBJ-Mun"">Munie</style>… trochę przesadziłam z kofeiną. Całą noc analizowałam dane, rysowałam diagramy na tablicy i… cóż, powiedzmy, że zrobiło się trochę… <i>energicznie</i>.","Директор… <i>[Доктор Керман делает глубокий вдох и вздыхает]</i> Ох. Я опять это сделала. Весь этот ажиотаж вокруг монумента на <style=""OBJ-Mun"">Муне</style>… Я немного перебрала с кофеином. Всю ночь анализировала данные, рисовала схемы на доске и… скажем так, все стало немного… <i>энергичным</i>.","局长……<i>[Kerman博士深吸一口气，叹了口气]</i> 哎呀。我又犯老毛病了。关于<style=""OBJ-Mun"">Mun</style>纪念碑的事让我太兴奋了……咖啡因喝得有点过头。我熬了一整夜分析数据，在白板上画图表，然后……嗯，就说事情变得有点……<i>精力过剩</i>吧。","Diretor… <i>[A Dra. Kerman respira fundo e suspira]</i> Ai, ai. Fiz de novo. Toda aquela empolgação com o monumento da <style=""OBJ-Mun"">Mun</style>… exagerei um pouco na cafeína. Passei a noite toda acordada analisando dados, desenhando diagramas no quadro branco e… bem, digamos que as coisas ficaram um pouco… <i>agitadas</i>.","總監……<i>[科曼博士深吸一口氣，嘆了一口氣]</i> 唉呀。我又來了。<style=""OBJ-Mun"">穆恩星</style>紀念雕像的事讓我太興奮了……咖啡因喝得有點過頭。我整晚沒睡，一直分析資料、在白板上畫圖表，然後……嗯，就說事情變得有點……<i>精力過剩</i>吧。","Cap'n… <i>[Dr. Kerman takes a deep breath an' sighs]</i> Blow me down. I've done it again. All that excitement about the <style=""OBJ-Mun"">Mun</style>ar monument… I went a mite overboard with the bean juice. I was up all night studyin' data, drawin' diagrams on the whiteboard, an'… well, let's just say things got a wee bit… <i>energetic</i>.","Директоре… <i>[Др Керман дубоко удахне и уздахне]</i> Јој. Опет сам то урадила. Сво то узбуђење око споменика на <style=""OBJ-Mun"">Муну</style>… мало сам претерала са кофеином. Целу ноћ сам била будна, анализирала податке, цртала дијаграме на табли и… па, рецимо да су ствари постале мало… <i>енергичне</i>.","Chefen… <i>[Dr Kerman tar ett djupt andetag och suckar]</i> Oj då. Jag har gjort det igen. All uppståndelse kring monumentet på <style=""OBJ-Mun"">Mun</style>… jag gick lite för långt med koffeinet. Jag var uppe hela natten och analyserade data, ritade diagram på whiteboarden och… tja, låt oss bara säga att det blev lite… <i>energiskt</i>.","Director… <i>[Dr. Kerman trage adânc aer în piept și oftează]</i> Vai. Am făcut-o din nou. Toată agitația aceea legată de monumentul de pe <style=""OBJ-Mun"">Mun</style>… am exagerat puțin cu cofeina. Am stat trează toată noaptea analizând date, desenând diagrame pe tablă și… mă rog, să zicem doar că lucrurile au devenit puțin… <i>energice</i>."
Missions/Secondary/MTES07/Brief02,Text,,"So, I’ve decided to try something new. <i>[Dr. Kerman picks up a trombone and gives a short, slightly wobbly toot]</i> The trombone. Apparently, it’s supposed to be very calming. It’s… working, I think. Much better than bouncing off the walls.","Alors, j'ai décidé d'essayer quelque chose de nouveau. <i>[Le Dr Kerman saisit un trombone et en tire une note brève et légèrement chevrotante]</i> Le trombone. Apparemment, c'est censé être très apaisant. Ça… marche, je crois. C'est bien mieux que de rebondir partout.","Così ho deciso di provare qualcosa di nuovo. <i>[La dottoressa Kerman prende un trombone ed emette una breve nota leggermente traballante]</i> Il trombone. A quanto pare, dovrebbe essere molto rilassante. Sta… funzionando, credo. Molto meglio che rimbalzare da una parete all'altra.","Also habe ich beschlossen, etwas Neues auszuprobieren. <i>[Dr. Kerman nimmt eine Posaune und bläst einen kurzen, etwas wackeligen Ton]</i> Die Posaune. Angeblich soll sie sehr beruhigend sein. Es… funktioniert, glaube ich. Viel besser, als von den Wänden abzuprallen.","Así que he decidido probar algo nuevo. <i>[La doctora Kerman coge un trombón y toca una nota breve y algo temblorosa]</i> El trombón. Al parecer, se supone que es muy relajante. Está… funcionando, creo. Mucho mejor que rebotar por las paredes.","それで、新しいことを試してみることにしました。<i>［カーマン博士はトロンボーンを手に取り、短く少し震えた音を鳴らす］</i> トロンボーンです。とても心が落ち着くらしいんです。効いて…いると思います。壁から壁へ跳ね回るよりずっとましです。","그래서 새로운 걸 시도해 보기로 했어요. <i>[케르맨 박사가 트롬본을 집어 들고 짧고 약간 떨리는 소리를 낸다]</i> 트롬본이에요. 마음을 아주 차분하게 해 준대요. 효과가… 있는 것 같아요. 벽에 튕겨 다니는 것보다 훨씬 나아요.","Postanowiłam więc spróbować czegoś nowego. <i>[Doktor Kerman bierze do ręki puzon i wydobywa krótki, lekko drżący dźwięk]</i> Puzon. Podobno ma bardzo uspokajające działanie. To… działa, chyba. Dużo lepsze niż odbijanie się od ścian.","Поэтому я решила попробовать кое-что новое. <i>[Доктор Керман берет тромбон и издает короткий, слегка дрожащий звук]</i> Тромбон. Говорят, он очень успокаивает. Это… работает, кажется. Гораздо лучше, чем скакать от стенки к стенке.","所以我决定尝试点新东西。<i>[Kerman博士拿起一把长号，吹出一个短促、略带颤抖的音符]</i> 长号。据说它能让人非常平静。这……好像有用。比在墙壁之间弹来弹去好多了。","Então decidi tentar algo novo. <i>[A Dra. Kerman pega um trombone e toca uma nota curta e um pouco trêmula]</i> O trombone. Pelo jeito, é para ser muito calmante. Está… funcionando, acho. Bem melhor do que ficar quicando pelas paredes.","所以我決定試試新東西。<i>[科曼博士拿起一把長號，吹出一個短促、有點發抖的音]</i> 長號。聽說它能讓人非常平靜。這……好像有用。比在牆壁之間彈來彈去好多了。","So, I've decided to try somethin' new. <i>[Dr. Kerman picks up a trombone an' gives a short, slightly wobbly toot]</i> The trombone. Apparently, it be supposed to be very calmin'. It be… workin', I think. Much better than bouncin' off the bulkheads.","Зато сам одлучила да пробам нешто ново. <i>[Др Керман узима тромбон и одсвира кратак, помало дрхтав тон]</i> Тромбон. Наводно би требало да буде веома умирујући. Делује… мислим. Много боље него одбијање од зидова.","Så jag har bestämt mig för att prova något nytt. <i>[Dr Kerman tar upp en trombon och blåser en kort, lite darrig ton]</i> Trombonen. Den ska tydligen vara väldigt lugnande. Den… fungerar, tror jag. Mycket bättre än att studsa mellan väggarna.","Așa că am decis să încerc ceva nou. <i>[Dr. Kerman ia un trombon și scoate un sunet scurt, ușor tremurat]</i> Trombonul. Se pare că ar trebui să fie foarte liniștitor. Funcționează… cred. Mult mai bine decât să sar de pe un perete pe altul."
Missions/Secondary/MTES07/Brief03,Text,,"Anyway… <i>[She sets the trombone down carefully]</i> The comms satellite you deployed is doing a fantastic job. And… we’ve picked up something new. A very faint signal. It's so weak, it could be an echo of the original transmission. Or maybe someone from the previous crew forgot its phone there. You know how it is.","Bref… <i>[Elle repose délicatement le trombone]</i> Le satellite de communication que vous avez déployé fait un travail fantastique. Et… nous avons capté quelque chose de nouveau. Un signal très faible. Il est si faible que ce pourrait être un écho de la transmission d'origine. Ou alors quelqu'un de l'équipage précédent y a oublié son téléphone. Vous savez ce que c'est.","Comunque… <i>[Posa con cura il trombone]</i> Il satellite per le comunicazioni che hai messo in orbita sta facendo un lavoro fantastico. E… abbiamo captato qualcosa di nuovo. Un segnale debolissimo. È così debole che potrebbe essere un'eco della trasmissione originale. O forse qualcuno del precedente equipaggio ha dimenticato lì il telefono. Sai com'è.","Wie auch immer… <i>[Sie legt die Posaune vorsichtig ab]</i> Der Kommunikationssatellit, den du stationiert hast, leistet fantastische Arbeit. Und… wir haben etwas Neues aufgefangen. Ein sehr schwaches Signal. Es ist so schwach, dass es ein Echo der ursprünglichen Übertragung sein könnte. Oder vielleicht hat jemand von der vorherigen Besatzung dort sein Handy vergessen. Du weißt ja, wie das ist.","En fin… <i>[Deja el trombón con cuidado]</i> El satélite de comunicaciones que pusiste en órbita está haciendo un trabajo fantástico. Y… hemos captado algo nuevo. Una señal muy débil. Es tan débil que podría ser un eco de la transmisión original. O a lo mejor alguien de la tripulación anterior se dejó allí el móvil. Ya sabes cómo va esto.","とにかく…<i>［彼女はトロンボーンを慎重に置く］</i> 所長が配備した通信衛星は素晴らしい働きをしています。そして…新しいものを受信したんです。とても微弱な信号です。あまりに弱いので、元の通信のこだまかもしれません。あるいは、前のクルーの誰かが携帯電話を置き忘れたのかも。よくある話ですよね。","아무튼… <i>[그녀가 트롬본을 조심스럽게 내려놓는다]</i> 국장님이 배치하신 통신 위성이 훌륭하게 일하고 있어요. 그리고… 새로운 걸 포착했어요. 아주 희미한 신호예요. 너무 약해서 원래 통신의 메아리일 수도 있어요. 아니면 이전 승무원 중 누군가가 거기에 휴대폰을 두고 왔을지도 모르고요. 다들 그러잖아요.","W każdym razie… <i>[Ostrożnie odkłada puzon]</i> Satelita komunikacyjny, którego umieściłeś na orbicie, spisuje się fantastycznie. I… wychwyciliśmy coś nowego. Bardzo słaby sygnał. Jest tak słaby, że może być echem pierwotnej transmisji. A może ktoś z poprzedniej załogi zapomniał tam telefonu. Wiesz, jak to jest.","Так вот… <i>[Она осторожно откладывает тромбон]</i> Спутник связи, который вы разместили, работает просто фантастически. И… мы уловили кое-что новое. Очень слабый сигнал. Он настолько слабый, что может оказаться эхом исходной передачи. Или кто-то из предыдущего экипажа забыл там свой телефон. Сами знаете, как это бывает.","总之……<i>[她小心翼翼地放下长号]</i> 你部署的通信卫星工作得非常出色。而且……我们接收到了一些新东西。一个非常微弱的信号。它弱到可能只是原始信号的回声。也可能是上一批乘组里有人把手机落在那儿了。你懂的。","Enfim… <i>[Ela pousa o trombone com cuidado]</i> O satélite de comunicação que você implantou está fazendo um trabalho fantástico. E… captamos algo novo. Um sinal bem fraquinho. É tão fraco que pode ser um eco da transmissão original. Ou talvez alguém da tripulação anterior tenha esquecido o celular lá. Sabe como é.","總之……<i>[她小心翼翼地放下長號]</i> 你部署的通訊衛星表現得非常出色。而且……我們收到了新東西。一個非常微弱的訊號。它弱到可能只是原始訊號的回音。也可能是上一批組員有人把手機忘在那裡了。你懂的。","Anyhow… <i>[She sets the trombone down carefully]</i> The comms satellite ye deployed be doin' a fantastic job. An'… we've picked up somethin' new. A very faint signal. It be so weak, it could be an echo o' the original transmission. Or maybe someone from the last crew forgot their phone there. Ye know how it be.","Елем… <i>[Пажљиво спушта тромбон]</i> Комуникациони сателит који сте поставили одлично ради свој посао. И… ухватили смо нешто ново. Веома слаб сигнал. Толико је слаб да би могао бити ехо првобитног преноса. Или је можда неко из претходне посаде тамо заборавио телефон. Знате како то иде.","Hur som helst… <i>[Hon lägger försiktigt ner trombonen]</i> Kommunikationssatelliten du placerade ut gör ett fantastiskt jobb. Och… vi har fångat upp något nytt. En väldigt svag signal. Den är så svag att den skulle kunna vara ett eko av den ursprungliga sändningen. Eller så glömde någon från den förra besättningen sin telefon där. Du vet hur det är.","În fine… <i>[Lasă trombonul jos cu grijă]</i> Satelitul de comunicații pe care l-ați plasat face o treabă fantastică. Și… am captat ceva nou. Un semnal foarte slab. E atât de slab încât ar putea fi un ecou al transmisiei inițiale. Sau poate cineva din echipajul anterior și-a uitat telefonul acolo. Știți cum e."
Missions/Secondary/MTES07/Brief04,Text,,"Whatever it is, we need to investigate. We can't rely on the satellite alone. We need Kerbals on the ground to get a closer look.

<style=""TXT-Objective"">Your objective is to land a crew of three at the new signal location.</style>","Quoi qu'il en soit, nous devons enquêter. Nous ne pouvons pas compter uniquement sur le satellite. Il nous faut des Kerbals sur le terrain pour y regarder de plus près.

<style=""TXT-Objective"">Votre objectif est de faire atterrir un équipage de trois Kerbals à l'emplacement du nouveau signal.</style>","Qualunque cosa sia, dobbiamo indagare. Non possiamo affidarci solo al satellite. Ci servono Kerbal sul posto per dare un'occhiata più da vicino.

<style=""TXT-Objective"">Il tuo obiettivo è far atterrare un equipaggio di tre Kerbal nel punto del nuovo segnale.</style>","Was auch immer es ist, wir müssen der Sache nachgehen. Auf den Satelliten allein können wir uns nicht verlassen. Wir brauchen Kerbals vor Ort, um genauer hinzusehen.

<style=""TXT-Objective"">Dein Ziel ist es, eine dreiköpfige Besatzung am Ort des neuen Signals zu landen.</style>","Sea lo que sea, tenemos que investigarlo. No podemos depender solo del satélite. Necesitamos kerbals sobre el terreno para verlo más de cerca.

<style=""TXT-Objective"">Tu objetivo es hacer aterrizar una tripulación de tres kerbals en la ubicación de la nueva señal.</style>","それが何であれ、調査する必要があります。衛星だけには頼れません。もっと近くで見るために、現地にカーバルが必要です。

<style=""TXT-Objective"">所長の目標は、3人のクルーを新しい信号の地点に着陸させることです。</style>","그게 뭐든 조사해야 해요. 위성에만 의존할 수는 없어요. 더 가까이서 살펴보려면 현장에 커벌이 있어야 해요.

<style=""TXT-Objective"">국장님의 목표는 새로운 신호가 있는 위치에 3명의 승무원을 착륙시키는 것입니다.</style>","Cokolwiek to jest, musimy to zbadać. Nie możemy polegać wyłącznie na satelicie. Potrzebujemy Kerbali na miejscu, żeby przyjrzeli się temu z bliska.

<style=""TXT-Objective"">Twoim celem jest wylądowanie trzyosobową załogą w miejscu nowego sygnału.</style>","Что бы это ни было, нужно разобраться. Мы не можем полагаться только на спутник. Нам нужны кербалы на месте, чтобы рассмотреть все поближе.

<style=""TXT-Objective"">Ваша цель — посадить экипаж из трех кербалов в месте нового сигнала.</style>","不管它是什么，我们都需要调查。我们不能只依赖卫星。我们需要坎巴拉人到实地去近距离看看。

<style=""TXT-Objective"">你的目标是让一个三人乘组降落在新信号所在的位置。</style>","Seja o que for, precisamos investigar. Não podemos depender só do satélite. Precisamos de Kerbals em solo para dar uma olhada mais de perto.

<style=""TXT-Objective"">Seu objetivo é pousar uma tripulação de três Kerbals no local do novo sinal.</style>","不管那是什麼，我們都需要調查。我們不能只依賴衛星。我們需要坎巴拉人到現場去近距離看看。

<style=""TXT-Objective"">你的目標是讓三人組員降落在新訊號所在的位置。</style>","Whatever it be, we need to investigate. We can't rely on the satellite alone. We need Kerbals on the ground to get a closer look.

<style=""TXT-Objective"">Yer orders be to land a crew o' three at the new signal location.</style>","Шта год да је, морамо да истражимо. Не можемо да се ослонимо само на сателит. Потребни су нам кербали на терену да погледају изблиза.

<style=""TXT-Objective"">Ваш циљ је да спустите посаду од три кербала на локацију новог сигнала.</style>","Vad det än är måste vi undersöka det. Vi kan inte förlita oss enbart på satelliten. Vi behöver kerbaler på marken för att ta en närmare titt.

<style=""TXT-Objective"">Ditt mål är att landa en besättning på tre vid platsen för den nya signalen.</style>","Orice ar fi, trebuie să investigăm. Nu ne putem baza doar pe satelit. Avem nevoie de kerbali la fața locului ca să privească mai de aproape.

<style=""TXT-Objective"">Obiectivul dumneavoastră este să aterizați un echipaj de trei kerbali la locația noului semnal.</style>"
Missions/Secondary/MTES07/Brief05,Text,,"So, assemble a capable crew, equip them with the necessary scientific instruments, and prepare for a journey to the <style=""OBJ-Mun"">Mun</style>. As for me, this time, I’ll stick to the trombone.","Alors, réunissez un équipage compétent, équipez-le des instruments scientifiques nécessaires et préparez-vous pour un voyage vers la <style=""OBJ-Mun"">Mune</style>. Quant à moi, cette fois, je m'en tiendrai au trombone.","Quindi, metti insieme un equipaggio capace, dotalo degli strumenti scientifici necessari e preparati a un viaggio verso <style=""OBJ-Mun"">Mun</style>. Quanto a me, stavolta mi limiterò al trombone.","Also, stell eine fähige Besatzung zusammen, rüste sie mit den nötigen wissenschaftlichen Instrumenten aus und bereite dich auf eine Reise zum <style=""OBJ-Mun"">Mun</style> vor. Was mich betrifft: Diesmal bleibe ich bei der Posaune.","Así que reúne una tripulación capaz, equípala con los instrumentos científicos necesarios y prepárate para un viaje a la <style=""OBJ-Mun"">Muna</style>. Yo, por mi parte, esta vez me quedo con el trombón.","というわけで、有能なクルーを集めて、必要な科学機器を持たせ、<style=""OBJ-Mun"">ムン</style>への旅の準備をしてください。私はというと、今回はトロンボーンだけにしておきます。","그러니 유능한 승무원을 모으고, 필요한 과학 장비를 갖춰서, <style=""OBJ-Mun"">문</style>으로 떠날 준비를 하세요. 저는 이번엔 트롬본만 불게요.","Więc zbierz kompetentną załogę, wyposaż ją w niezbędne instrumenty naukowe i przygotuj się do podróży na <style=""OBJ-Mun"">Muna</style>. Co do mnie, tym razem zostanę przy puzonie.","Так что соберите толковый экипаж, снабдите его необходимыми научными приборами и готовьтесь к путешествию на <style=""OBJ-Mun"">Муну</style>. А я на этот раз ограничусь тромбоном.","所以，召集一支能干的乘组，给他们配备必要的科学仪器，准备出发前往<style=""OBJ-Mun"">Mun</style>吧。至于我，这次我只吹长号。","Então, monte uma tripulação competente, equipe-a com os instrumentos científicos necessários e prepare-se para uma viagem à <style=""OBJ-Mun"">Mun</style>. Quanto a mim, desta vez vou ficar só no trombone.","所以，召集一支能幹的組員，幫他們配備必要的科學儀器，準備出發前往<style=""OBJ-Mun"">穆恩星</style>吧。至於我，這次我就只吹長號就好。","So, muster a capable crew, kit them out with the scientific instruments they need, an' prepare fer a voyage to the <style=""OBJ-Mun"">Mun</style>. As fer me, this time, I'll stick to the trombone.","Зато окупите способну посаду, опремите је потребним научним инструментима и припремите се за путовање на <style=""OBJ-Mun"">Мун</style>. Што се мене тиче, овог пута остаћу при тромбону.","Så sätt ihop en kompetent besättning, utrusta dem med de vetenskapliga instrument som behövs och förbered dig för en resa till <style=""OBJ-Mun"">Mun</style>. Själv håller jag mig till trombonen den här gången.","Așadar, adunați un echipaj capabil, echipați-l cu instrumentele științifice necesare și pregătiți-vă pentru o călătorie spre <style=""OBJ-Mun"">Mun</style>. Cât despre mine, de data asta mă limitez la trombon."
Missions/Secondary/MTES07/Debrief01,Text,,"You’re back. Well… that’s that, then.","Vous êtes de retour. Eh bien… c'est terminé, alors.","Sei tornato. Beh… è finita, allora.","Du bist zurück. Nun… das war's dann wohl.","Has vuelto. Bueno… pues ya está.","おかえりなさい。そうですか…それなら、これで終わりですね。","돌아오셨군요. 음… 그럼 이걸로 끝이네요.","Wróciłeś. Cóż… to by było na tyle.","Вы вернулись. Что ж… на этом всё.","你回来了。嗯……那就这样吧。","Você voltou. Bem… então é isso.","你回來了。嗯……那就這樣吧。","Ye be back. Well… that be that, then.","Вратили сте се. Па… то је то, онда.","Du är tillbaka. Tja… då var det med det.","V-ați întors. Ei bine… asta a fost, atunci."
Missions/Secondary/MTES07/Debrief02,Text,,"At least the mission was conclusive. The new signal… was just an echo. A simple reverberation bouncing off a pile of rocks. Nothing more. I was… hoping for something more. Something… <i>meaningful</i>.","Au moins, la mission a été concluante. Le nouveau signal… n'était qu'un écho. Une simple réverbération qui rebondissait sur un tas de rochers. Rien de plus. J'espérais… quelque chose de plus. Quelque chose de… <i>significatif</i>.","Almeno la missione è stata conclusiva. Il nuovo segnale… era solo un'eco. Un semplice riverbero che rimbalzava su un mucchio di rocce. Niente di più. Speravo… in qualcosa di più. Qualcosa di… <i>significativo</i>.","Immerhin war die Mission aufschlussreich. Das neue Signal… war nur ein Echo. Ein einfacher Widerhall, der von einem Haufen Felsen abprallte. Nichts weiter. Ich hatte… auf mehr gehofft. Auf etwas… <i>Bedeutsames</i>.","Al menos la misión ha sido concluyente. La nueva señal… era solo un eco. Una simple reverberación que rebotaba en un montón de rocas. Nada más. Esperaba… algo más. Algo… <i>significativo</i>.","少なくとも、ミッションで結論は出ました。新しい信号は…ただのこだまでした。岩の山に当たって跳ね返っただけの、単なる反響です。それ以上のものではありません。私は…もっと何かを期待していたんです。何か…<i>意味のある</i>ものを。","그래도 임무로 결론은 났어요. 새로운 신호는… 그냥 메아리였어요. 바위 더미에 부딪혀 튕겨 나온 단순한 반향이요. 그 이상은 아니었어요. 저는… 뭔가 더 있기를 바랐어요. 뭔가… <i>의미 있는</i> 것을요.","Przynajmniej misja przyniosła rozstrzygnięcie. Nowy sygnał… był tylko echem. Zwykłym pogłosem odbijającym się od sterty skał. Niczym więcej. Miałam nadzieję… na coś więcej. Na coś… <i>znaczącego</i>.","По крайней мере, миссия дала однозначный результат. Новый сигнал… оказался лишь эхом. Простым отражением, отскочившим от груды камней. Ничего больше. Я надеялась… на большее. На что-то… <i>значимое</i>.","至少这次任务有了明确的结论。那个新信号……只是一个回声。一个从一堆岩石上反弹回来的简单回响。仅此而已。我本来……期待着更多。期待着某种……<i>有意义</i>的东西。","Pelo menos a missão foi conclusiva. O novo sinal… era só um eco. Uma simples reverberação ricocheteando num monte de rochas. Nada mais. Eu estava… esperando algo mais. Algo… <i>significativo</i>.","至少這次任務有了明確的結論。那個新訊號……只是回音。一個從一堆岩石上反彈回來的簡單回響。就只是這樣。我原本……期待更多。期待某種……<i>有意義</i>的東西。","At least the voyage was conclusive. The new signal… was just an echo. A simple reverberation bouncin' off a pile o' rocks. Nothin' more. I was… hopin' fer somethin' more. Somethin'… <i>meaningful</i>.","Бар је мисија била одлучујућа. Нови сигнал… био је само ехо. Обичан одјек који се одбијао од гомиле стена. Ништа више. Надала сам се… нечем више. Нечем… <i>значајном</i>.","Uppdraget gav i alla fall ett tydligt svar. Den nya signalen… var bara ett eko. Ett enkelt genljud som studsade mot en hög med stenar. Inget mer. Jag hade… hoppats på något mer. Något… <i>meningsfullt</i>.","Măcar misiunea a fost concludentă. Noul semnal… era doar un ecou. O simplă reverberație care ricoșa dintr-o grămadă de roci. Nimic mai mult. Speram… la ceva mai mult. La ceva… <i>semnificativ</i>."
Missions/Secondary/MTES07/Debrief03,Text,,"It seems we got a little carried away. This is a reminder, I suppose, that science is a process of trial and error. Sometimes, you follow a lead that turns out to be a dead end. It’s frustrating, but it’s part of the job.","Il semble que nous nous soyons un peu emballés. C'est un rappel, je suppose, que la science procède par essais et erreurs. Parfois, on suit une piste qui se révèle être une impasse. C'est frustrant, mais ça fait partie du métier.","A quanto pare ci siamo fatti un po' prendere la mano. È un promemoria, suppongo, che la scienza procede per tentativi ed errori. A volte si segue una pista che si rivela un vicolo cieco. È frustrante, ma fa parte del mestiere.","Da haben wir uns wohl etwas hinreißen lassen. Es ist eine Erinnerung daran, schätze ich, dass Wissenschaft ein Prozess von Versuch und Irrtum ist. Manchmal folgt man einer Spur, die sich als Sackgasse herausstellt. Das ist frustrierend, aber es gehört zum Job.","Parece que nos dejamos llevar un poco. Supongo que es un recordatorio de que la ciencia es un proceso de ensayo y error. A veces sigues una pista que resulta ser un callejón sin salida. Es frustrante, pero forma parte del trabajo.","どうやら少し舞い上がってしまったみたいです。科学は試行錯誤の積み重ねだということを思い出させてくれたんでしょうね。手がかりを追っても、それが行き止まりだとわかることもあります。もどかしいですが、それも仕事のうちです。","우리가 좀 들떴던 것 같아요. 과학은 시행착오의 과정이라는 걸 다시 일깨워 주는 일이겠죠. 때로는 단서를 따라갔는데 막다른 길로 밝혀지기도 해요. 답답하지만, 그것도 일의 일부예요.","Wygląda na to, że trochę nas poniosło. To chyba przypomnienie, że nauka to proces prób i błędów. Czasem podąża się tropem, który okazuje się ślepym zaułkiem. To frustrujące, ale taka praca.","Похоже, мы немного увлеклись. Наверное, это напоминание о том, что наука — это процесс проб и ошибок. Иногда идешь по следу, а он оказывается тупиком. Это досадно, но такова работа.","看来我们有点得意忘形了。我想，这提醒了我们，科学是一个不断试错的过程。有时候你顺着一条线索追下去，结果却是一条死胡同。这让人沮丧，但这也是工作的一部分。","Parece que nos empolgamos um pouco. Acho que é um lembrete de que a ciência é um processo de tentativa e erro. Às vezes você segue uma pista que acaba num beco sem saída. É frustrante, mas faz parte do trabalho.","看來我們有點太興奮了。我想，這提醒了我們，科學就是不斷嘗試與犯錯的過程。有時候你順著一條線索追下去，結果卻是死胡同。這很讓人沮喪，但這也是工作的一部分。","Seems we got a wee bit carried away. This be a reminder, I suppose, that science be a voyage o' trial an' error. Sometimes ye follow a heading that turns out to be a dead end. It be frustratin', but it be part o' the job.","Изгледа да смо се мало занели. Ово је подсетник, претпостављам, да је наука процес покушаја и грешака. Понекад пратите траг који се испостави као ћорсокак. То је фрустрирајуће, али је део посла.","Det verkar som att vi lät oss ryckas med lite. Det är väl en påminnelse om att vetenskap är en process av försök och misstag. Ibland följer man ett spår som visar sig vara en återvändsgränd. Det är frustrerande, men det hör till jobbet.","Se pare că ne-am lăsat puțin purtați de val. Este un memento, presupun, că știința e un proces de încercare și eroare. Uneori urmezi o pistă care se dovedește a fi o fundătură. E frustrant, dar face parte din meserie."
Missions/Secondary/MTES07/Debrief04,Text,,"You executed the mission flawlessly, of course. You followed up on every lead, no matter how faint. And for that, I thank you.","Vous avez exécuté la mission à la perfection, bien sûr. Vous avez suivi chaque piste, aussi ténue soit-elle. Et pour cela, je vous remercie.","Hai eseguito la missione in modo impeccabile, ovviamente. Hai seguito ogni pista, per quanto debole. E per questo ti ringrazio.","Du hast die Mission natürlich makellos ausgeführt. Du bist jeder Spur nachgegangen, egal wie schwach sie war. Und dafür danke ich dir.","Has ejecutado la misión de forma impecable, por supuesto. Has seguido cada pista, por débil que fuera. Y por eso te doy las gracias.","もちろん、所長はミッションを完璧にこなしてくれました。どんなにかすかな手がかりも、すべて追ってくれました。そのことに感謝します。","물론 국장님은 임무를 완벽하게 수행하셨어요. 아무리 희미한 단서라도 모두 따라가 주셨죠. 그 점에 감사드려요.","Oczywiście wykonałeś misję bezbłędnie. Podążyłeś za każdym tropem, nawet najsłabszym. I za to ci dziękuję.","Вы, конечно же, выполнили миссию безупречно. Вы проверили каждую зацепку, какой бы слабой она ни была. И за это я вам благодарна.","当然，你完美地执行了任务。无论线索多么微弱，你都追查到底。为此，我要谢谢你。","Você executou a missão com perfeição, é claro. Seguiu cada pista, por mais tênue que fosse. E por isso, eu te agradeço.","當然，你完美地完成了任務。不管線索多麼微弱，你都追查到底。為此，我要謝謝你。","Ye carried out the voyage flawlessly, o' course. Ye followed up on every lead, no matter how faint. An' fer that, I thank ye.","Наравно, мисију сте извели беспрекорно. Пратили сте сваки траг, ма колико слаб био. И на томе Вам захваљујем.","Du genomförde uppdraget felfritt, förstås. Du följde upp varje ledtråd, hur svag den än var. Och för det tackar jag dig.","Ați executat misiunea fără cusur, desigur. Ați urmat fiecare pistă, oricât de slabă. Și pentru asta vă mulțumesc."
Missions/Secondary/MTES07/Debrief05,Text,,"Even though this particular investigation didn’t yield the results we were hoping for, it doesn’t diminish the importance of the initial discovery. The monument is still there. We may not understand it yet, but we will continue to study it. We will continue to search for answers.

And who knows? Maybe, one day, we’ll find what we’re looking for. But for now we’ll just have to keep listening.","Même si cette enquête n'a pas donné les résultats que nous espérions, elle n'enlève rien à l'importance de la découverte initiale. Le monument est toujours là. Nous ne le comprenons peut-être pas encore, mais nous continuerons à l'étudier. Nous continuerons à chercher des réponses.

Et qui sait ? Peut-être qu'un jour, nous trouverons ce que nous cherchons. Mais pour l'instant, nous n'avons plus qu'à continuer d'écouter.","Anche se questa indagine non ha dato i risultati che speravamo, non sminuisce l'importanza della scoperta iniziale. Il monumento è ancora lì. Forse non lo capiamo ancora, ma continueremo a studiarlo. Continueremo a cercare risposte.

E chissà? Forse, un giorno, troveremo ciò che stiamo cercando. Ma per ora non ci resta che continuare ad ascoltare.","Auch wenn diese Untersuchung nicht die erhofften Ergebnisse gebracht hat, schmälert das nicht die Bedeutung der ursprünglichen Entdeckung. Das Monument ist immer noch da. Wir verstehen es vielleicht noch nicht, aber wir werden es weiter erforschen. Wir werden weiter nach Antworten suchen.

Und wer weiß? Vielleicht finden wir eines Tages, wonach wir suchen. Aber vorerst müssen wir einfach weiter lauschen.","Aunque esta investigación en concreto no haya dado los resultados que esperábamos, no resta importancia al descubrimiento inicial. El monumento sigue ahí. Puede que aún no lo entendamos, pero seguiremos estudiándolo. Seguiremos buscando respuestas.

¿Y quién sabe? Quizá algún día encontremos lo que buscamos. Pero, por ahora, solo nos queda seguir escuchando.","今回の調査では期待していた結果は得られませんでしたが、最初の発見の重要性が損なわれるわけではありません。モニュメントはまだそこにあります。今はまだ理解できなくても、研究を続けます。答えを探し続けます。

それに、わかりませんよ？ いつか、探しているものが見つかるかもしれません。でも今は、耳を傾け続けるしかありませんね。","이번 조사가 우리가 바라던 결과를 내지는 못했지만, 그렇다고 처음 발견의 중요성이 줄어드는 건 아니에요. 유적은 여전히 그곳에 있어요. 아직은 이해하지 못할지 몰라도, 우리는 계속 연구할 거예요. 계속 답을 찾을 거예요.

그리고 누가 알겠어요? 언젠가는 우리가 찾는 것을 찾게 될지도 몰라요. 하지만 지금은 계속 귀를 기울이는 수밖에 없어요.","Choć to konkretne śledztwo nie przyniosło oczekiwanych rezultatów, nie umniejsza to znaczenia pierwotnego odkrycia. Monument wciąż tam jest. Może jeszcze go nie rozumiemy, ale będziemy go dalej badać. Będziemy dalej szukać odpowiedzi.

I kto wie? Może pewnego dnia znajdziemy to, czego szukamy. Ale na razie musimy po prostu nadal nasłuchiwać.","Пусть это расследование и не принесло результатов, на которые мы надеялись, оно не умаляет важности первоначального открытия. Монумент по-прежнему там. Возможно, мы его пока не понимаем, но продолжим его изучать. Мы продолжим искать ответы.

И кто знает? Может быть, однажды мы найдем то, что ищем. А пока нам остается только слушать дальше.","虽然这次调查没有得到我们期待的结果，但这并不会削弱最初发现的重要性。纪念碑依然在那里。我们也许还无法理解它，但我们会继续研究它。我们会继续寻找答案。

谁知道呢？也许有一天，我们会找到我们在寻找的东西。但现在，我们只能继续聆听。","Mesmo que esta investigação não tenha trazido os resultados que esperávamos, ela não diminui a importância da descoberta inicial. O monumento ainda está lá. Talvez ainda não o entendamos, mas vamos continuar estudando-o. Vamos continuar buscando respostas.

E quem sabe? Talvez um dia encontremos o que estamos procurando. Mas, por enquanto, só nos resta continuar ouvindo.","雖然這次調查沒有得到我們期待的結果，但這並不會減損最初那個發現的重要性。紀念雕像依然在那裡。我們也許還無法理解它，但我們會繼續研究它。我們會繼續尋找答案。

誰知道呢？也許有一天，我們會找到我們在尋找的東西。但現在，我們只能繼續聆聽。","Even though this particular investigation didn't turn up the treasure we were hopin' fer, it don't lessen the importance o' the first discovery. The monument be still there. We may not understand it yet, but we'll keep studyin' it. We'll keep searchin' fer answers.

An' who knows? Maybe, one day, we'll find what we be lookin' fer. But fer now we'll just have to keep listenin'.","Иако ова истрага није донела резултате којима смо се надали, она не умањује значај првобитног открића. Споменик је још увек тамо. Можда га још не разумемо, али наставићемо да га проучавамо. Наставићемо да тражимо одговоре.

И ко зна? Можда ћемо једног дана пронаћи оно што тражимо. Али засад нам не преостаје ништа друго него да наставимо да слушамо.","Även om just den här undersökningen inte gav de resultat vi hoppades på, minskar det inte betydelsen av den ursprungliga upptäckten. Monumentet finns kvar. Vi kanske inte förstår det än, men vi kommer att fortsätta studera det. Vi kommer att fortsätta söka svar.

Och vem vet? Kanske hittar vi en dag det vi letar efter. Men för tillfället får vi helt enkelt fortsätta lyssna.","Chiar dacă această investigație nu a dat rezultatele pe care le speram, ea nu diminuează importanța descoperirii inițiale. Monumentul este încă acolo. Poate că nu-l înțelegem încă, dar vom continua să-l studiem. Vom continua să căutăm răspunsuri.

Și cine știe? Poate că, într-o zi, vom găsi ceea ce căutăm. Dar deocamdată nu ne rămâne decât să ascultăm în continuare."

Missions/Secondary/MTES09/Name,Text,,"Picnic At Teetering Rock","Pique-nique au Rocher Branlant","Picnic alla Roccia Traballante","Picknick am Wackelfelsen","Pícnic en la Roca Tambaleante","グラグラ岩でピクニック","흔들바위에서 소풍을","Piknik przy Chwiejnej Skale","Пикник у Шаткой скалы","在摇摇石野餐","Piquenique na Pedra Bamba","在搖晃石野餐","Picnic at Teeterin' Rock","Пикник код Климаве стене","Picknick vid Vingelstenen","Picnic la Stânca Clătinătoare"
Missions/Secondary/MTES09/Description,Text,,"Satellite imagery has revealed an unusual rock formation on Minmus. Curiosity is strong among Kerbals, let’s not miss this opportunity to go out into the field!","Les images satellites ont révélé une formation rocheuse inhabituelle sur Minmus. La curiosité est forte chez les Kerbals, ne manquons pas cette occasion d'aller sur le terrain !","Le immagini satellitari hanno rivelato un'insolita formazione rocciosa su Minmus. La curiosità dei Kerbal è forte, non perdiamo questa occasione di andare sul campo!","Satellitenbilder haben eine ungewöhnliche Felsformation auf Minmus enthüllt. Die Neugier unter den Kerbals ist groß, also lassen wir uns diese Gelegenheit für einen Ausflug ins Gelände nicht entgehen!","Las imágenes por satélite han revelado una formación rocosa inusual en Minmus. La curiosidad de los kerbals es grande, ¡no dejemos pasar esta oportunidad de salir al campo!","衛星画像で、ミンマスに珍しい岩石層が見つかりました。カーバルたちの好奇心は旺盛です。現地に出かけるこの機会を逃さないようにしましょう！","위성 사진에서 민무스의 특이한 암석 지형이 발견됐어요. 커벌들의 호기심이 대단하니, 현장에 나갈 이 기회를 놓치지 말아요!","Zdjęcia satelitarne ujawniły nietypową formację skalną na Minmusie. Ciekawość Kerbali jest wielka, nie przegapmy więc okazji, by wybrać się w teren!","Спутниковые снимки обнаружили необычное скальное образование на Минмусе. Любопытство кербалов велико — не упустим же возможность выбраться на природу!","卫星图像揭示了Minmus上一处不寻常的岩层。坎巴拉人的好奇心很强，我们可不能错过这次实地考察的机会！","Imagens de satélite revelaram uma formação rochosa incomum em Minmus. A curiosidade dos Kerbals é grande, não vamos perder essa oportunidade de ir a campo!","衛星影像揭露了明穆斯星上一處不尋常的岩層。坎巴拉人的好奇心很強烈，我們可別錯過這次實地考察的機會！","Satellite pictures have revealed an unusual rock formation on Minmus. Curiosity runs strong among Kerbals, so let's not miss this chance to go ashore!","Сателитски снимци открили су необичну стенску формацију на Минмусу. Радозналост међу кербалима је велика, зато не пропустимо ову прилику да изађемо на терен!","Satellitbilder har avslöjat en ovanlig klippformation på Minmus. Nyfikenheten är stor bland kerbalerna, så låt oss inte missa chansen att ge oss ut i fält!","Imaginile din satelit au dezvăluit o formațiune stâncoasă neobișnuită pe Minmus. Curiozitatea kerbalilor e mare, așa că să nu ratăm ocazia de a ieși pe teren!"
Missions/Secondary/MTES09/Objective,Text,,"Land near the rock formation on Minmus.","Se poser près de la formation rocheuse sur Minmus.","Atterra vicino alla formazione rocciosa su Minmus.","Lande in der Nähe der Felsformation auf Minmus.","Aterriza cerca de la formación rocosa en Minmus.","ミンマスの岩石層の近くに着陸する。","민무스의 암석 지형 근처에 착륙하세요.","Wyląduj w pobliżu formacji skalnej na Minmusie.","Совершите посадку рядом со скальным образованием на Минмусе.","在Minmus上的岩层附近着陆。","Pouse perto da formação rochosa em Minmus.","在明穆斯星的岩層附近降落。","Land near the rock formation on Minmus.","Слетите близу стенске формације на Минмусу.","Landa nära klippformationen på Minmus.","Aterizați lângă formațiunea stâncoasă de pe Minmus."
Missions/Secondary/MTES09/Brief01,Text,,"Director! We’ve been reviewing some recent satellite imagery of <style=""OBJ-Minmus"">Minmus</style>, and we’ve spotted something intriguing. It’s a rock formation. It might look like a stack of pancakes, but made of rock. Or perhaps… you know what? Just go see for yourself.

<style=""TXT-Objective"">Land at the designated coordinates on <style=""OBJ-Minmus"">Minmus</style> to investigate the unusual rock formation.</style>","Directeur ! Nous avons examiné des images satellites récentes de <style=""OBJ-Minmus"">Minmus</style>, et nous avons repéré quelque chose d'intrigant. C'est une formation rocheuse. On dirait une pile de crêpes, mais en pierre. Ou peut-être… vous savez quoi ? Allez donc voir par vous-même.

<style=""TXT-Objective"">Posez-vous aux coordonnées indiquées sur <style=""OBJ-Minmus"">Minmus</style> pour étudier cette formation rocheuse inhabituelle.</style>","Direttore! Abbiamo esaminato alcune immagini satellitari recenti di <style=""OBJ-Minmus"">Minmus</style> e abbiamo notato qualcosa di intrigante. È una formazione rocciosa. Sembra una pila di pancake, ma di roccia. O forse… sai una cosa? Vai a vedere di persona.

<style=""TXT-Objective"">Atterra alle coordinate indicate su <style=""OBJ-Minmus"">Minmus</style> per studiare l'insolita formazione rocciosa.</style>","Direktor! Wir haben einige aktuelle Satellitenbilder von <style=""OBJ-Minmus"">Minmus</style> ausgewertet und etwas Faszinierendes entdeckt. Es ist eine Felsformation. Sie sieht aus wie ein Stapel Pfannkuchen, nur aus Stein. Oder vielleicht… weißt du was? Sieh es dir einfach selbst an.

<style=""TXT-Objective"">Lande an den angegebenen Koordinaten auf <style=""OBJ-Minmus"">Minmus</style>, um die ungewöhnliche Felsformation zu untersuchen.</style>","¡Dire! Hemos estado revisando unas imágenes por satélite recientes de <style=""OBJ-Minmus"">Minmus</style> y hemos visto algo intrigante. Es una formación rocosa. Parece una pila de tortitas, pero de roca. O quizá… ¿sabes qué? Mejor ve a verlo por ti mismo.

<style=""TXT-Objective"">Aterriza en las coordenadas indicadas en <style=""OBJ-Minmus"">Minmus</style> para investigar la inusual formación rocosa.</style>","所長！ <style=""OBJ-Minmus"">ミンマス</style>の最近の衛星画像を確認していたら、興味深いものを見つけたんです。岩石層です。パンケーキを積み重ねたように見えるんですが、岩でできているんです。それとも…そうだ、自分の目で確かめてきてください。

<style=""TXT-Objective"">珍しい岩石層を調査するため、<style=""OBJ-Minmus"">ミンマス</style>の指定された座標に着陸してください。</style>","국장님! <style=""OBJ-Minmus"">민무스</style>의 최근 위성 사진을 검토하다가 흥미로운 걸 발견했어요. 암석 지형이에요. 팬케이크를 쌓아 놓은 것처럼 보이는데, 바위로 되어 있어요. 아니면… 있잖아요, 그냥 직접 가서 보세요.

<style=""TXT-Objective"">특이한 암석 지형을 조사하기 위해 <style=""OBJ-Minmus"">민무스</style>의 지정된 좌표에 착륙하세요.</style>","Dyrektorze! Przeglądaliśmy najnowsze zdjęcia satelitarne <style=""OBJ-Minmus"">Minmusa</style> i zauważyliśmy coś intrygującego. To formacja skalna. Wygląda jak stos naleśników, tylko z kamienia. A może… wiesz co? Po prostu sam zobacz.

<style=""TXT-Objective"">Wyląduj we wskazanych współrzędnych na <style=""OBJ-Minmus"">Minmusie</style>, aby zbadać nietypową formację skalną.</style>","Директор! Мы изучали свежие спутниковые снимки <style=""OBJ-Minmus"">Минмуса</style> и заметили кое-что интересное. Это скальное образование. Оно похоже на стопку блинов, только каменных. А может… знаете что? Просто слетайте и посмотрите сами.

<style=""TXT-Objective"">Совершите посадку в указанных координатах на <style=""OBJ-Minmus"">Минмусе</style>, чтобы изучить необычное скальное образование.</style>","局长！我们一直在查看<style=""OBJ-Minmus"">Minmus</style>的最新卫星图像，发现了一个很有意思的东西。是一处岩层。它看起来像一摞煎饼，只不过是石头做的。或者也许……你知道吗？你还是亲自去看看吧。

<style=""TXT-Objective"">降落在<style=""OBJ-Minmus"">Minmus</style>上的指定坐标，调查这处不寻常的岩层。</style>","Diretor! Estivemos analisando algumas imagens de satélite recentes de <style=""OBJ-Minmus"">Minmus</style> e vimos algo intrigante. É uma formação rochosa. Parece uma pilha de panquecas, mas de pedra. Ou talvez… quer saber? Vá ver com seus próprios olhos.

<style=""TXT-Objective"">Pouse nas coordenadas indicadas em <style=""OBJ-Minmus"">Minmus</style> para investigar a formação rochosa incomum.</style>","總監！我們一直在檢視<style=""OBJ-Minmus"">明穆斯星</style>最近的衛星影像，發現了一個很有意思的東西。是一處岩層。它看起來像一疊鬆餅，只不過是石頭做的。或者也許……你知道嗎？你還是親自去看看吧。

<style=""TXT-Objective"">降落在<style=""OBJ-Minmus"">明穆斯星</style>上的指定座標，調查這處不尋常的岩層。</style>","Cap'n! We've been lookin' over some recent satellite pictures o' <style=""OBJ-Minmus"">Minmus</style>, an' we've spotted somethin' intriguin'. It be a rock formation. It might look like a stack o' pancakes, but made o' rock. Or perhaps… ye know what? Just go see fer yerself.

<style=""TXT-Objective"">Land at the marked coordinates on <style=""OBJ-Minmus"">Minmus</style> to investigate the unusual rock formation.</style>","Директоре! Прегледали смо недавне сателитске снимке <style=""OBJ-Minmus"">Минмуса</style> и приметили нешто интригантно. То је стенска формација. Изгледа као гомила палачинки, али од камена. Или можда… знате шта? Само идите и погледајте сами.

<style=""TXT-Objective"">Слетите на задате координате на <style=""OBJ-Minmus"">Минмусу</style> да бисте истражили необичну стенску формацију.</style>","Chefen! Vi har gått igenom några nya satellitbilder av <style=""OBJ-Minmus"">Minmus</style> och upptäckt något spännande. Det är en klippformation. Den ser ut som en trave pannkakor, fast av sten. Eller kanske… vet du vad? Åk dit och se själv.

<style=""TXT-Objective"">Landa vid de angivna koordinaterna på <style=""OBJ-Minmus"">Minmus</style> för att undersöka den ovanliga klippformationen.</style>","Director! Am analizat niște imagini recente din satelit cu <style=""OBJ-Minmus"">Minmus</style> și am observat ceva intrigant. E o formațiune stâncoasă. Seamănă cu un teanc de clătite, dar din piatră. Sau poate… știți ce? Mergeți să vedeți cu ochii dumneavoastră.

<style=""TXT-Objective"">Aterizați la coordonatele indicate pe <style=""OBJ-Minmus"">Minmus</style> pentru a investiga formațiunea stâncoasă neobișnuită.</style>"
Missions/Secondary/MTES09/Brief02,Text,,"We’re not sure what it is. It could be a unique geological formation, a result of some ancient <style=""OBJ-Minmus"">Minmus</style>ian tectonic activity. Try not to get too distracted by the minty-fresh ambiance. <style=""OBJ-Minmus"">Minmus</style> is lovely this time of year, or so I’ve heard. I’ve never actually been. I’m more of a… <style=""KSC-Mission-Control"">Mission Control</style> kind of Kerbal.","Nous ne savons pas ce que c'est. Ce pourrait être une formation géologique unique, résultat d'une ancienne activité tectonique de <style=""OBJ-Minmus"">Minmus</style>. Essayez de ne pas trop vous laisser distraire par l'ambiance fraîcheur menthe. <style=""OBJ-Minmus"">Minmus</style> est charmante en cette saison, à ce qu'on m'a dit. Je n'y suis jamais allée. Je suis plutôt du genre Kerbal du <style=""KSC-Mission-Control"">Contrôle mission</style>.","Non sappiamo cosa sia. Potrebbe essere una formazione geologica unica, frutto di un'antica attività tettonica di <style=""OBJ-Minmus"">Minmus</style>. Cerca di non farti distrarre troppo dall'atmosfera fresca alla menta. <style=""OBJ-Minmus"">Minmus</style> è incantevole in questo periodo dell'anno, o almeno così ho sentito. Non ci sono mai stata. Sono più una Kerbal da <style=""KSC-Mission-Control"">Controllo Missioni</style>.","Wir wissen nicht, was es ist. Es könnte eine einzigartige geologische Formation sein, das Ergebnis uralter tektonischer Aktivität auf <style=""OBJ-Minmus"">Minmus</style>. Lass dich nicht zu sehr von der minzfrischen Atmosphäre ablenken. <style=""OBJ-Minmus"">Minmus</style> soll um diese Jahreszeit wunderschön sein, habe ich gehört. Ich war selbst noch nie dort. Ich bin eher so ein Kerbal fürs <style=""KSC-Mission-Control"">Missionszentrum</style>.","No sabemos qué es. Podría ser una formación geológica única, resultado de alguna antigua actividad tectónica de <style=""OBJ-Minmus"">Minmus</style>. Intenta no distraerte demasiado con el ambiente fresquito a menta. <style=""OBJ-Minmus"">Minmus</style> es preciosa en esta época del año, o eso me han dicho. Yo nunca he estado. Soy más bien una kerbal de <style=""KSC-Mission-Control"">Control de misión</style>.","それが何なのかはわかりません。<style=""OBJ-Minmus"">ミンマス</style>の古代の地殻活動によってできた、独特な地質構造かもしれません。ミントのようなさわやかな雰囲気に気を取られすぎないようにしてくださいね。<style=""OBJ-Minmus"">ミンマス</style>はこの時期とても素敵らしいですよ、聞いた話ですけど。私は実際に行ったことはないんです。私はどちらかというと…<style=""KSC-Mission-Control"">ミッションコントロールセンター</style>派のカーバルなので。","그게 뭔지는 몰라요. 고대 <style=""OBJ-Minmus"">민무스</style>의 지각 활동으로 생긴 독특한 지질 구조일 수도 있어요. 민트처럼 상쾌한 분위기에 너무 정신이 팔리지 않도록 하세요. <style=""OBJ-Minmus"">민무스</style>는 이맘때가 정말 아름답대요, 들은 얘기지만요. 저는 실제로 가 본 적이 없어요. 저는 그냥… <style=""KSC-Mission-Control"">우주 비행 관제소</style>가 더 잘 맞는 커벌이거든요.","Nie wiemy, co to jest. Może to unikalna formacja geologiczna, efekt jakiejś dawnej aktywności tektonicznej <style=""OBJ-Minmus"">Minmusa</style>. Postaraj się nie rozpraszać zbytnio miętowo-świeżą atmosferą. Podobno <style=""OBJ-Minmus"">Minmus</style> jest uroczy o tej porze roku. Nigdy tam nie byłam. Jestem raczej Kerbalem z <style=""KSC-Mission-Control"">kontroli misji</style>.","Мы не знаем, что это такое. Это может быть уникальное геологическое образование, результат древней тектонической активности <style=""OBJ-Minmus"">Минмуса</style>. Постарайтесь не слишком отвлекаться на мятную свежесть атмосферы. Говорят, <style=""OBJ-Minmus"">Минмус</style> в это время года прекрасен. Сама я там никогда не была. Я скорее кербал из <style=""KSC-Mission-Control"">Центра аэрокосмических программ</style>.","我们不知道那是什么。它可能是一种独特的地质构造，是<style=""OBJ-Minmus"">Minmus</style>古代某种构造活动的产物。尽量别被那股薄荷般清新的氛围分散太多注意力。听说<style=""OBJ-Minmus"">Minmus</style>每年这个时候都很美。我自己从没去过。我更像是那种待在<style=""KSC-Mission-Control"">任务控制中心</style>的坎巴拉人。","Não sabemos o que é. Pode ser uma formação geológica única, resultado de alguma atividade tectônica antiga de <style=""OBJ-Minmus"">Minmus</style>. Tente não se distrair demais com o clima de frescor mentolado. Dizem que <style=""OBJ-Minmus"">Minmus</style> é linda nesta época do ano. Eu nunca fui. Sou mais uma Kerbal de <style=""KSC-Mission-Control"">Controle de Missão</style>.","我們不知道那是什麼。它可能是一種獨特的地質構造，是<style=""OBJ-Minmus"">明穆斯星</style>某種古老構造活動的產物。盡量別被那股薄荷般清新的氛圍分心太多。聽說<style=""OBJ-Minmus"">明穆斯星</style>每年這個時候都很美。我自己從沒去過。我比較像是待在<style=""KSC-Mission-Control"">任務控制中心</style>的那種坎巴拉人。","We ain't sure what it be. It could be a unique rock formation, the result o' some ancient <style=""OBJ-Minmus"">Minmus</style>ian tectonic shakin'. Try not to get too distracted by the minty-fresh air. <style=""OBJ-Minmus"">Minmus</style> be lovely this time o' year, or so I've heard. I've never actually been. I be more of a… <style=""KSC-Mission-Control"">Mission Control</style> kind o' Kerbal.","Не знамо шта је то. Могла би бити јединствена геолошка формација, резултат неке древне тектонске активности <style=""OBJ-Minmus"">Минмуса</style>. Покушајте да Вас освежавајућа атмосфера нане превише не омете. Кажу да је <style=""OBJ-Minmus"">Минмус</style> диван у ово доба године. Никад нисам била тамо. Ја сам више кербал из <style=""KSC-Mission-Control"">Контроле мисије</style>.","Vi vet inte vad det är. Det kan vara en unik geologisk formation, resultatet av någon uråldrig tektonisk aktivitet på <style=""OBJ-Minmus"">Minmus</style>. Försök att inte bli alltför distraherad av den mintfräscha atmosfären. <style=""OBJ-Minmus"">Minmus</style> ska vara underbar så här års, har jag hört. Själv har jag aldrig varit där. Jag är mer en <style=""KSC-Mission-Control"">Uppdragskontrollen</style>-typ av kerbal.","Nu știm ce este. Ar putea fi o formațiune geologică unică, rezultatul unei străvechi activități tectonice de pe <style=""OBJ-Minmus"">Minmus</style>. Încercați să nu vă lăsați prea distras de atmosfera proaspătă cu aromă de mentă. <style=""OBJ-Minmus"">Minmus</style> e minunat în perioada asta a anului, sau cel puțin așa am auzit. N-am fost niciodată acolo. Sunt mai degrabă un kerbal de <style=""KSC-Mission-Control"">Controlul Misiunii</style>."
Missions/Secondary/MTES09/Brief03,Text,,"Good luck, and try not to eat the rocks. They’re not actually pancakes. I think.","Bonne chance, et essayez de ne pas manger les rochers. Ce ne sont pas vraiment des crêpes. Je crois.","Buona fortuna, e cerca di non mangiare le rocce. Non sono davvero pancake. Credo.","Viel Glück, und versuch, die Felsen nicht zu essen. Das sind keine echten Pfannkuchen. Glaube ich.","Buena suerte, y procura no comerte las rocas. No son tortitas de verdad. Creo.","幸運を祈ります。岩は食べないようにしてくださいね。本物のパンケーキじゃありませんから。たぶん。","행운을 빌어요. 그리고 바위는 먹지 마세요. 진짜 팬케이크가 아니니까요. 아마도요.","Powodzenia i postaraj się nie jeść skał. To nie są prawdziwe naleśniki. Chyba.","Удачи, и постарайтесь не есть камни. Это не настоящие блины. Наверное.","祝你好运，尽量别吃那些石头。它们可不是真的煎饼。我想是吧。","Boa sorte, e tente não comer as pedras. Elas não são panquecas de verdade. Eu acho.","祝你好運，盡量別吃那些石頭喔。它們不是真的鬆餅。我想應該不是啦。","Fair winds, an' try not to eat the rocks. They ain't actually pancakes. I think.","Срећно, и покушајте да не једете стене. То нису праве палачинке. Мислим.","Lycka till, och försök att inte äta stenarna. De är inte riktiga pannkakor. Tror jag.","Mult noroc și încercați să nu mâncați rocile. Nu sunt clătite adevărate. Cred."
Missions/Secondary/MTES09/Debrief01,Text,,"Welcome back! The geological analysis you made confirms the rock is a natural formation, likely caused by some unusual layering and erosion patterns. Nothing sentient, no alien device, no cosmic beings, just… rocks. Very interesting rocks, though!","Bon retour parmi nous ! L'analyse géologique que vous avez faite confirme que le rocher est une formation naturelle, probablement due à une stratification et à une érosion inhabituelles. Rien de conscient, aucun dispositif extraterrestre, aucun être cosmique, juste… des rochers. Des rochers très intéressants, cela dit !","Bentornato! L'analisi geologica che hai fatto conferma che la roccia è una formazione naturale, probabilmente dovuta a una stratificazione ed erosione insolite. Niente di senziente, nessun dispositivo alieno, nessun essere cosmico, solo… rocce. Rocce molto interessanti, però!","Willkommen zurück! Deine geologische Analyse bestätigt, dass der Felsen eine natürliche Formation ist, wahrscheinlich entstanden durch ungewöhnliche Schichtungs- und Erosionsmuster. Nichts mit Bewusstsein, kein außerirdisches Gerät, keine kosmischen Wesen, nur… Felsen. Allerdings sehr interessante Felsen!","¡Bienvenido de vuelta! El análisis geológico que hiciste confirma que la roca es una formación natural, probablemente causada por patrones inusuales de estratificación y erosión. Nada consciente, ningún dispositivo alienígena, ningún ser cósmico, solo… rocas. ¡Rocas muy interesantes, eso sí!","おかえりなさい！ 所長が行った地質分析で、その岩は自然にできたもので、おそらく珍しい地層の重なりと浸食のパターンによるものだと確認されました。意識を持つものでも、異星の装置でも、宇宙的存在でもありません。ただの…岩です。でも、とても興味深い岩ですよ！","돌아오신 걸 환영해요! 국장님이 하신 지질 분석으로 그 바위가 자연적으로 형성된 것이며, 아마 특이한 지층 구조와 침식 패턴 때문에 생겼다는 게 확인됐어요. 지각이 있는 존재도, 외계 장치도, 우주적 존재도 아닌, 그냥… 바위예요. 그래도 아주 흥미로운 바위죠!","Witaj z powrotem! Twoja analiza geologiczna potwierdza, że skała jest formacją naturalną, prawdopodobnie powstałą w wyniku nietypowego uwarstwienia i erozji. Nic świadomego, żadne obce urządzenie, żadne kosmiczne istoty, tylko… skały. Za to bardzo ciekawe skały!","С возвращением! Ваш геологический анализ подтверждает, что скала — природное образование, вероятно, появившееся из-за необычного напластования и эрозии. Ничего разумного, никаких инопланетных устройств, никаких космических существ, просто… камни. Зато очень интересные камни!","欢迎回来！你做的地质分析证实这块岩石是天然形成的，很可能是由不寻常的分层和侵蚀模式造成的。没有意识，没有外星装置，没有宇宙生命，只是……石头。不过是非常有意思的石头！","Bem-vindo de volta! A análise geológica que você fez confirma que a pedra é uma formação natural, provavelmente causada por padrões incomuns de estratificação e erosão. Nada senciente, nenhum dispositivo alienígena, nenhum ser cósmico, só… pedras. Pedras muito interessantes, isso sim!","歡迎回來！你做的地質分析證實那塊岩石是自然形成的，很可能是不尋常的分層和侵蝕模式造成的。沒有意識、沒有外星裝置、沒有宇宙生命，就只是……石頭。不過是非常有意思的石頭！","Welcome back to port! The rock studyin' ye did confirms the formation be natural, likely caused by some unusual layerin' an' erosion. Nothin' sentient, no alien device, no cosmic beings, just… rocks. Very interestin' rocks, though!","Добродошли назад! Геолошка анализа коју сте обавили потврђује да је стена природна формација, вероватно настала услед необичног слојевања и ерозије. Ништа разумно, никакав ванземаљски уређај, никаква космичка бића, само… стене. Ипак, веома занимљиве стене!","Välkommen tillbaka! Den geologiska analysen du gjorde bekräftar att klippan är en naturlig formation, troligen orsakad av ovanliga lagringar och erosionsmönster. Inget medvetet, ingen utomjordisk anordning, inga kosmiska varelser, bara… stenar. Väldigt intressanta stenar, dock!","Bine ați revenit! Analiza geologică pe care ați făcut-o confirmă că stânca este o formațiune naturală, cel mai probabil cauzată de o stratificare și o eroziune neobișnuite. Nimic conștient, niciun dispozitiv extraterestru, nicio ființă cosmică, doar… roci. Roci foarte interesante, totuși!"
Missions/Secondary/MTES09/Debrief02,Text,,"We now have a much better understanding of <style=""OBJ-Minmus"">Minmus</style>’s geological history. And we also have some excellent new desktop backgrounds for <style=""KSC-Mission-Control"">Mission Control</style>.","Nous comprenons maintenant beaucoup mieux l'histoire géologique de <style=""OBJ-Minmus"">Minmus</style>. Et nous avons aussi d'excellents nouveaux fonds d'écran pour le <style=""KSC-Mission-Control"">Contrôle mission</style>.","Ora abbiamo una comprensione molto migliore della storia geologica di <style=""OBJ-Minmus"">Minmus</style>. E abbiamo anche degli ottimi nuovi sfondi per i computer del <style=""KSC-Mission-Control"">Controllo Missioni</style>.","Wir verstehen die geologische Geschichte von <style=""OBJ-Minmus"">Minmus</style> jetzt viel besser. Und wir haben außerdem ein paar ausgezeichnete neue Desktop-Hintergründe fürs <style=""KSC-Mission-Control"">Missionszentrum</style>.","Ahora entendemos mucho mejor la historia geológica de <style=""OBJ-Minmus"">Minmus</style>. Y además tenemos unos fondos de escritorio estupendos para <style=""KSC-Mission-Control"">Control de misión</style>.","これで<style=""OBJ-Minmus"">ミンマス</style>の地質学的な歴史がずっとよくわかりました。それに、<style=""KSC-Mission-Control"">ミッションコントロールセンター</style>用の素晴らしい新しいデスクトップ壁紙も手に入りました。","이제 <style=""OBJ-Minmus"">민무스</style>의 지질학적 역사를 훨씬 더 잘 이해하게 됐어요. 그리고 <style=""KSC-Mission-Control"">우주 비행 관제소</style>용 멋진 새 바탕화면도 생겼고요.","Teraz znacznie lepiej rozumiemy historię geologiczną <style=""OBJ-Minmus"">Minmusa</style>. Mamy też świetne nowe tapety na pulpity w <style=""KSC-Mission-Control"">kontroli misji</style>.","Теперь мы гораздо лучше понимаем геологическую историю <style=""OBJ-Minmus"">Минмуса</style>. А еще у нас появились отличные новые обои для рабочих столов <style=""KSC-Mission-Control"">Центра аэрокосмических программ</style>.","现在我们对<style=""OBJ-Minmus"">Minmus</style>的地质历史有了更深入的了解。我们还为<style=""KSC-Mission-Control"">任务控制中心</style>弄到了一些很棒的新桌面壁纸。","Agora entendemos muito melhor a história geológica de <style=""OBJ-Minmus"">Minmus</style>. E também ganhamos ótimos novos papéis de parede para o <style=""KSC-Mission-Control"">Controle de Missão</style>.","現在我們對<style=""OBJ-Minmus"">明穆斯星</style>的地質歷史有了更深入的了解。我們還幫<style=""KSC-Mission-Control"">任務控制中心</style>弄到了一些超棒的新桌布。","We now have a much better understandin' o' <style=""OBJ-Minmus"">Minmus</style>'s rocky history. An' we also have some excellent new desktop backgrounds fer <style=""KSC-Mission-Control"">Mission Control</style>.","Сада много боље разумемо геолошку историју <style=""OBJ-Minmus"">Минмуса</style>. А имамо и одличне нове позадине за радне површине у <style=""KSC-Mission-Control"">Контроли мисије</style>.","Nu har vi en mycket bättre förståelse för <style=""OBJ-Minmus"">Minmus</style> geologiska historia. Och vi har dessutom fått några utmärkta nya skrivbordsbakgrunder till <style=""KSC-Mission-Control"">Uppdragskontrollen</style>.","Acum înțelegem mult mai bine istoria geologică a lui <style=""OBJ-Minmus"">Minmus</style>. Și mai avem și niște imagini de fundal excelente pentru calculatoarele din <style=""KSC-Mission-Control"">Controlul Misiunii</style>."
Missions/Secondary/MTES09/Debrief03,Text,,"This would make an excellent picnic spot, I must say. I’m starting to think I missed out on a good opportunity there. Maybe we should organize a <style=""KSC-Mission-Control"">Mission Control</style> field trip to <style=""OBJ-Minmus"">Minmus</style> sometime.","Je dois dire que ce serait un excellent coin pour pique-niquer. Je commence à penser que j'ai raté une belle occasion. Nous devrions peut-être organiser une sortie du <style=""KSC-Mission-Control"">Contrôle mission</style> sur <style=""OBJ-Minmus"">Minmus</style> un de ces jours.","Devo dire che sarebbe un posto perfetto per un picnic. Comincio a pensare di essermi persa una bella occasione. Forse dovremmo organizzare una gita del <style=""KSC-Mission-Control"">Controllo Missioni</style> su <style=""OBJ-Minmus"">Minmus</style> prima o poi.","Das wäre ein ausgezeichneter Picknickplatz, muss ich sagen. Langsam glaube ich, dass ich da eine gute Gelegenheit verpasst habe. Vielleicht sollten wir irgendwann einen Betriebsausflug des <style=""KSC-Mission-Control"">Missionszentrums</style> nach <style=""OBJ-Minmus"">Minmus</style> organisieren.","Tengo que decir que sería un sitio excelente para un pícnic. Empiezo a pensar que me perdí una buena oportunidad. Quizá deberíamos organizar alguna excursión de <style=""KSC-Mission-Control"">Control de misión</style> a <style=""OBJ-Minmus"">Minmus</style>.","ピクニックにはうってつけの場所になりそうですね。せっかくの機会を逃してしまった気がしてきました。いつか<style=""KSC-Mission-Control"">ミッションコントロールセンター</style>の遠足を<style=""OBJ-Minmus"">ミンマス</style>で企画するべきかもしれません。","정말 소풍 가기 좋은 곳이 될 것 같아요. 좋은 기회를 놓친 게 아닌가 싶어지네요. 언젠가 <style=""KSC-Mission-Control"">우주 비행 관제소</style> 직원들끼리 <style=""OBJ-Minmus"">민무스</style>로 현장 학습을 가야겠어요.","Muszę przyznać, że to byłoby świetne miejsce na piknik. Zaczynam myśleć, że przegapiłam dobrą okazję. Może powinniśmy kiedyś zorganizować wycieczkę <style=""KSC-Mission-Control"">kontroli misji</style> na <style=""OBJ-Minmus"">Minmusa</style>.","Должна сказать, это было бы отличное место для пикника. Начинаю думать, что упустила хорошую возможность. Может, стоит как-нибудь организовать для <style=""KSC-Mission-Control"">Центра аэрокосмических программ</style> выездную экскурсию на <style=""OBJ-Minmus"">Минмус</style>.","我得说，那里真是个野餐的好地方。我开始觉得自己错过了一个好机会。也许我们找个时间组织一次<style=""KSC-Mission-Control"">任务控制中心</style>的<style=""OBJ-Minmus"">Minmus</style>实地考察之旅吧。","Devo dizer que seria um ótimo lugar para um piquenique. Estou começando a achar que perdi uma boa oportunidade. Talvez devêssemos organizar um passeio do <style=""KSC-Mission-Control"">Controle de Missão</style> a <style=""OBJ-Minmus"">Minmus</style> qualquer dia desses.","我得說，那裡真是野餐的好地方。我開始覺得自己錯過了一個好機會。也許我們找個時間，辦一趟<style=""KSC-Mission-Control"">任務控制中心</style>的<style=""OBJ-Minmus"">明穆斯星</style>校外教學吧。","This would make a fine picnic spot, I must say. I be startin' to think I missed a good opportunity there. Maybe we should organize a <style=""KSC-Mission-Control"">Mission Control</style> shore leave to <style=""OBJ-Minmus"">Minmus</style> sometime.","Морам рећи да би то било одлично место за пикник. Почињем да мислим да сам пропустила добру прилику. Можда би требало једном да организујемо излет <style=""KSC-Mission-Control"">Контроле мисије</style> на <style=""OBJ-Minmus"">Минмус</style>.","Det skulle bli ett utmärkt picknickställe, måste jag säga. Jag börjar tro att jag missade ett bra tillfälle där. Vi kanske borde ordna en utflykt för <style=""KSC-Mission-Control"">Uppdragskontrollen</style> till <style=""OBJ-Minmus"">Minmus</style> någon gång.","Trebuie să spun că ar fi un loc excelent de picnic. Încep să cred că am ratat o ocazie bună. Poate ar trebui să organizăm cândva o excursie a <style=""KSC-Mission-Control"">Controlului Misiunii</style> pe <style=""OBJ-Minmus"">Minmus</style>."

Missions/Secondary/MTES11/Name,Text,,"Logistics","Logistique","Logistica","Logistik","Logística","物流","물류","Logistyka","Логистика","后勤补给","Logística","後勤補給","Logistics","Логистика","Logistik","Logistică"
Missions/Secondary/MTES11/Description,Text,,"The North Pole station’s rover will soon be out of fuel! Is there a brave Director here to render them aid?","Le rover de la station du pôle Nord va bientôt tomber en panne sèche ! Y a-t-il un directeur courageux pour leur venir en aide ?","Il rover della stazione del Polo Nord resterà presto senza carburante! C'è un direttore coraggioso che possa prestare loro soccorso?","Dem Rover der Nordpolstation geht bald der Treibstoff aus! Gibt es hier einen mutigen Direktor, der ihnen zu Hilfe kommt?","¡El rover de la estación del polo norte se va a quedar pronto sin combustible! ¿Hay algún director valiente que les eche una mano?","北極ステーションのローバーがもうすぐ燃料切れになります！ 救いの手を差し伸べてくれる勇敢な所長はいませんか？","북극 기지의 로버가 곧 연료가 떨어질 거예요! 그들을 도와줄 용감한 국장님 어디 없나요?","Łazikowi ze stacji na biegunie północnym wkrótce skończy się paliwo! Czy jest tu jakiś dzielny dyrektor, który pospieszy im z pomocą?","У вездехода полярной станции скоро закончится топливо! Найдется ли отважный директор, который придет им на помощь?","北极科研站的探测车很快就要没燃料了！有没有哪位勇敢的局长愿意伸出援手？","O rover da estação do Polo Norte vai ficar sem combustível em breve! Há algum Diretor corajoso por aqui para socorrê-los?","北極研究站的探測車快要沒燃料了！有沒有哪位勇敢的總監願意伸出援手？","The North Pole station's rover will soon run dry o' fuel! Be there a brave Cap'n here to lend them aid?","Роверу станице на Северном полу ускоро ће нестати горива! Има ли овде неки храбар директор да им притекне у помоћ?","Rovern på Nordpolens station kommer snart att få slut på bränsle! Finns det en modig chef här som kan komma till undsättning?","Roverul stației de la Polul Nord va rămâne în curând fără combustibil! Există vreun director curajos care să le vină în ajutor?"
Missions/Secondary/MTES11/Objective,Text,,"Land an unmanned probe carrying a FL-R1 monopropellant tank at the designated coordinates in the North Pole.","Faire atterrir une sonde non habitée transportant un réservoir de monergol FL-R1 aux coordonnées indiquées au pôle Nord.","Fai atterrare una sonda senza equipaggio con un serbatoio di monopropellente FL-R1 alle coordinate indicate al Polo Nord.","Lande eine unbemannte Sonde mit einem FL-R1-Monotreibstofftank an den angegebenen Koordinaten am Nordpol.","Haz aterrizar una sonda no tripulada que lleve un depósito de monopropelente FL-R1 en las coordenadas indicadas en el polo norte.","FL-R1一液式推進剤タンクを積んだ無人探査機を、北極の指定された座標に着陸させる。","FL-R1 단일추진제 탱크를 실은 무인 탐사선을 북극의 지정된 좌표에 착륙시키세요.","Wyląduj bezzałogową sondą ze zbiornikiem monergolu FL-R1 we wskazanych współrzędnych na biegunie północnym.","Посадите беспилотный зонд с баком монотоплива FL-R1 в указанных координатах на Северном полюсе.","让一台携带FL-R1单组元推进剂罐的无人探测器降落在北极的指定坐标。","Pouse uma sonda não tripulada carregando um tanque de monopropelente FL-R1 nas coordenadas indicadas no Polo Norte.","讓一具攜帶FL-R1單元推進劑燃料罐的無人探測器降落在北極的指定座標。","Land an unmanned probe carryin' a FL-R1 Wind 'n a bottle tank at the marked coordinates in the North Pole.","Спустите беспилотну сонду која носи резервоар монопропеланта FL-R1 на задате координате на Северном полу.","Landa en obemannad sond som bär en FL-R1-tank med monopropellant vid de angivna koordinaterna på Nordpolen.","Aterizați o sondă fără echipaj care transportă un rezervor de monopropelant FL-R1 la coordonatele indicate de la Polul Nord."
Missions/Secondary/MTES11/Brief01,Text,,"Hello, Director. As expected we have a situation at the North Pole Research Station. The team’s been having a bit <i>too</i> much fun with their new rover. They’ve been exploring every nook and cranny of the arctic, which is excellent for science, but… not so excellent for fuel consumption. They’re running low.","Bonjour, directeur. Comme prévu, nous avons un problème à la station de recherche du pôle Nord. L'équipe s'amuse un peu <i>trop</i> avec son nouveau rover. Ils ont exploré tous les recoins de l'Arctique, ce qui est excellent pour la science, mais… beaucoup moins pour la consommation de carburant. Ils commencent à en manquer.","Ciao, direttore. Come previsto, abbiamo un problema alla stazione di ricerca del Polo Nord. Il team si sta divertendo un po' <i>troppo</i> con il nuovo rover. Hanno esplorato ogni angolo dell'Artico, il che è ottimo per la scienza, ma… non altrettanto per il consumo di carburante. Stanno restando a secco.","Hallo, Direktor. Wie erwartet haben wir ein Problem an der Nordpol-Forschungsstation. Das Team hat ein bisschen <i>zu</i> viel Spaß mit seinem neuen Rover. Sie haben jeden Winkel der Arktis erkundet, was hervorragend für die Wissenschaft ist, aber… nicht so hervorragend für den Treibstoffverbrauch. Ihnen geht der Sprit aus.","Hola, dire. Como era de esperar, tenemos un problema en la estación de investigación del polo norte. El equipo se lo está pasando <i>demasiado</i> bien con su nuevo rover. Han explorado cada rincón del Ártico, lo que es excelente para la ciencia, pero… no tanto para el consumo de combustible. Se están quedando sin él.","こんにちは、所長。予想どおり、北極研究ステーションで問題が起きています。チームが新しいローバーで少し楽しみ<i>すぎて</i>いるんです。北極圏の隅々まで探検していて、それは科学にとっては素晴らしいことなんですが…燃料の消費にとってはそれほど素晴らしくありません。燃料が残り少なくなっています。","안녕하세요, 국장님. 예상대로 북극 연구 기지에 문제가 생겼어요. 팀이 새 로버로 좀 <i>너무</i> 즐거운 시간을 보내고 있거든요. 북극권 구석구석을 다 탐험했는데, 과학에는 아주 좋은 일이지만… 연료 소비에는 그렇게 좋지 않아요. 연료가 떨어져 가고 있어요.","Cześć, dyrektorze. Zgodnie z przewidywaniami mamy problem na stacji badawczej na biegunie północnym. Zespół trochę <i>za</i> dobrze się bawi swoim nowym łazikiem. Zbadali każdy zakamarek Arktyki, co jest świetne dla nauki, ale… już nie tak świetne dla zużycia paliwa. Kończy im się.","Здравствуйте, директор. Как и ожидалось, на полярной исследовательской станции возникла проблема. Команда слишком <i>уж</i> веселится со своим новым вездеходом. Они облазили каждый уголок арктики, что отлично для науки, но… не так уж отлично для расхода топлива. Оно у них заканчивается.","你好，局长。不出所料，北极科研站出了状况。团队在新探测车上玩得有点<i>太</i>开心了。他们探索了北极圈的每一个角落，这对科学来说是好事，但……对燃料消耗来说可就没那么好了。他们的燃料快用完了。","Olá, Diretor. Como esperado, temos uma situação na Estação de Pesquisa do Polo Norte. A equipe está se divertindo um pouco <i>demais</i> com o rover novo. Eles exploraram cada canto do Ártico, o que é excelente para a ciência, mas… nem tanto para o consumo de combustível. Está acabando.","你好，總監。不出所料，北極研究站出狀況了。團隊開新探測車開得有點<i>太</i>開心了。他們把北極圈的每個角落都探索過了，這對科學來說很棒，但……對燃料消耗來說就沒那麼棒了。他們的燃料快用完了。","Ahoy, Cap'n. As expected, we have a situation at the North Pole Research Station. The crew's been havin' a bit <i>too</i> much fun with their new rover. They've been explorin' every nook an' cranny o' the arctic, which be excellent fer science, but… not so excellent fer fuel consumption. They be runnin' low.","Здраво, директоре. Као што се и очекивало, имамо проблем на истраживачкој станици на Северном полу. Тим се мало <i>превише</i> забавља са својим новим ровером. Истражили су сваки кутак арктика, што је одлично за науку, али… не баш тако одлично за потрошњу горива. Понестаје им.","Hej, chefen. Som väntat har vi en situation på Nordpolens forskningsstation. Teamet har haft lite <i>för</i> roligt med sin nya rover. De har utforskat varenda vrå av arktis, vilket är utmärkt för vetenskapen, men… inte lika utmärkt för bränsleförbrukningen. Det börjar ta slut.","Bună, director. Așa cum ne așteptam, avem o problemă la stația de cercetare de la Polul Nord. Echipa se distrează puțin <i>prea</i> mult cu noul rover. Au explorat fiecare colțișor al Arcticii, ceea ce e excelent pentru știință, dar… nu chiar la fel de excelent pentru consumul de combustibil. Rămân fără."
Missions/Secondary/MTES11/Brief02,Text,,"I think 4,5 tons of monopropellant should be sufficient. Grab one of the spare FL-R1 at the VAB and strap it to a rocket!","Je pense que 4,5 tonnes de monergol devraient suffire. Prenez l'un des FL-R1 de réserve au BAV et attachez-le à une fusée !","Penso che 4,5 tonnellate di monopropellente dovrebbero bastare. Prendi uno degli FL-R1 di scorta nell'EAV e legalo a un razzo!","Ich denke, 4,5 Tonnen Monotreibstoff sollten genügen. Schnapp dir einen der Ersatz-FL-R1 in der FZF und schnall ihn an eine Rakete!","Creo que 4,5 toneladas de monopropelente deberían bastar. ¡Coge uno de los FL-R1 de repuesto del EEV y átalo a un cohete!","一液式推進剤は4.5トンあれば十分だと思います。VABにある予備のFL-R1をひとつ持ってきて、ロケットにくくりつけてください！","단일추진제 4.5톤이면 충분할 것 같아요. VAB에 있는 예비 FL-R1 하나를 가져다 로켓에 묶으세요!","Myślę, że 4,5 tony monergolu powinno wystarczyć. Weź jeden z zapasowych FL-R1 w MON i przypnij go do rakiety!","Думаю, 4,5 тонны монотоплива должно хватить. Возьмите один из запасных FL-R1 в ЦВС и прикрепите его к ракете!","我想4.5吨单组元推进剂应该够了。去组装大楼拿一个备用的FL-R1，把它绑到火箭上！","Acho que 4,5 toneladas de monopropelente devem bastar. Pegue um dos FL-R1 de reserva no PMV e amarre num foguete!","我想4.5噸單元推進劑應該就夠了。去VAB拿一個備用的FL-R1，把它綁在火箭上！","I reckon 4,5 tons o' Wind 'n a bottle should be enough. Grab one o' the spare FL-R1 at the VAB an' lash it to a rocket!","Мислим да би 4,5 тона монопропеланта требало да буде довољно. Узмите један од резервних FL-R1 у VAB-у и причврстите га за ракету!","Jag tror att 4,5 ton monopropellant borde räcka. Ta en av reserv-FL-R1:orna i VAB och spänn fast den på en raket!","Cred că 4,5 tone de monopropelant ar trebui să fie suficiente. Luați unul dintre FL-R1 de rezervă din VAB și legați-l de o rachetă!"
Missions/Secondary/MTES11/Brief03,Text,,"Dunmar sent us a set of coordinates where you need to land the cargo. I have provided you with a new waypoint in the Tracking Station. The team will rendezvous with the delivery later at this location. Make sure you land as close to those coordinates as possible. We don't want them having to drive any further than necessary and waste some more precious fuel!

<style=""TXT-Objective"">Land an unmanned probe carrying a FL-R1 monopropellant tank at the designated coordinates in the North Pole.</style>","Dunmar nous a envoyé les coordonnées où vous devez poser la cargaison. Je vous ai ajouté un nouveau point de navigation dans la station de contrôle. L'équipe récupérera la livraison plus tard à cet endroit. Posez-vous aussi près que possible de ces coordonnées. Il ne faudrait pas qu'ils aient à rouler plus loin que nécessaire et à gaspiller encore plus de précieux carburant !

<style=""TXT-Objective"">Faites atterrir une sonde non habitée transportant un réservoir de monergol FL-R1 aux coordonnées indiquées au pôle Nord.</style>","Dunmar ci ha mandato le coordinate in cui devi far atterrare il carico. Ti ho fornito un nuovo waypoint nella Stazione di Tracciamento. Il team recupererà la consegna più tardi in quel punto. Assicurati di atterrare il più vicino possibile a quelle coordinate. Non vogliamo che debbano guidare più del necessario e sprecare altro prezioso carburante!

<style=""TXT-Objective"">Fai atterrare una sonda senza equipaggio con un serbatoio di monopropellente FL-R1 alle coordinate indicate al Polo Nord.</style>","Dunmar hat uns Koordinaten geschickt, an denen du die Fracht landen musst. Ich habe dir in der Ortungsstation einen neuen Wegpunkt eingerichtet. Das Team wird die Lieferung später an diesem Ort abholen. Sieh zu, dass du so nah wie möglich an diesen Koordinaten landest. Wir wollen nicht, dass sie weiter fahren müssen als nötig und noch mehr wertvollen Treibstoff verschwenden!

<style=""TXT-Objective"">Lande eine unbemannte Sonde mit einem FL-R1-Monotreibstofftank an den angegebenen Koordinaten am Nordpol.</style>","Dunmar nos ha enviado unas coordenadas donde tienes que hacer aterrizar la carga. Te he añadido un nuevo punto de ruta en la Estación de seguimiento. El equipo recogerá el envío más tarde en ese lugar. Asegúrate de aterrizar lo más cerca posible de esas coordenadas. ¡No queremos que tengan que conducir más de lo necesario y desperdiciar aún más combustible del valioso!

<style=""TXT-Objective"">Haz aterrizar una sonda no tripulada que lleve un depósito de monopropelente FL-R1 en las coordenadas indicadas en el polo norte.</style>","ダンマーが積み荷を着陸させる座標を送ってきました。トラッキングステーションに新しいウェイポイントを用意しておきました。チームは後でこの場所で荷物を受け取ります。できるだけその座標の近くに着陸してください。必要以上に運転させて、貴重な燃料をさらに無駄にさせたくありませんから！

<style=""TXT-Objective"">FL-R1一液式推進剤タンクを積んだ無人探査機を、北極の指定された座標に着陸させてください。</style>","던마가 화물을 착륙시켜야 할 좌표를 보내왔어요. 추적국에 새 경유지를 설정해 두었어요. 팀이 나중에 이 위치에서 배송품을 받을 거예요. 그 좌표에 최대한 가깝게 착륙하도록 하세요. 필요 이상으로 운전해서 귀한 연료를 더 낭비하게 할 수는 없으니까요!

<style=""TXT-Objective"">FL-R1 단일추진제 탱크를 실은 무인 탐사선을 북극의 지정된 좌표에 착륙시키세요.</style>","Dunmar przysłał nam współrzędne, gdzie musisz wylądować z ładunkiem. Dodałam ci nowy punkt nawigacyjny w stacji łączności. Zespół odbierze przesyłkę później w tym miejscu. Postaraj się wylądować jak najbliżej tych współrzędnych. Nie chcemy, żeby musieli jechać dalej, niż to konieczne, i marnować jeszcze więcej cennego paliwa!

<style=""TXT-Objective"">Wyląduj bezzałogową sondą ze zbiornikiem monergolu FL-R1 we wskazanych współrzędnych na biegunie północnym.</style>","Данмар прислал нам координаты, куда нужно посадить груз. Я добавила для вас новую путевую точку в Центре слежения. Позже команда заберет груз в этом месте. Постарайтесь сесть как можно ближе к этим координатам. Не хотелось бы, чтобы им пришлось ехать дальше необходимого и тратить еще больше драгоценного топлива!

<style=""TXT-Objective"">Посадите беспилотный зонд с баком монотоплива FL-R1 в указанных координатах на Северном полюсе.</style>","Dunmar发来了一组坐标，你需要把货物降落在那里。我已经在追踪站为你设置了一个新的导航点。团队稍后会在这个位置接收货物。一定要尽量降落在离这些坐标最近的地方。我们可不想让他们多开冤枉路，再浪费更多宝贵的燃料！

<style=""TXT-Objective"">让一台携带FL-R1单组元推进剂罐的无人探测器降落在北极的指定坐标。</style>","O Dunmar nos mandou as coordenadas onde você precisa pousar a carga. Criei um novo marcador para você na Estação de rastreamento. A equipe vai buscar a entrega depois nesse local. Pouse o mais perto possível dessas coordenadas. Não queremos que eles tenham que dirigir mais do que o necessário e desperdiçar ainda mais combustível precioso!

<style=""TXT-Objective"">Pouse uma sonda não tripulada carregando um tanque de monopropelente FL-R1 nas coordenadas indicadas no Polo Norte.</style>","鄧瑪傳來了一組座標，你需要把貨物降落在那裡。我已經在追蹤站幫你設好一個新的航點。團隊稍後會在這個地點接收貨物。一定要盡量降落在離這些座標最近的地方。我們可不想讓他們多開冤枉路，浪費更多寶貴的燃料！

<style=""TXT-Objective"">讓一具攜帶FL-R1單元推進劑燃料罐的無人探測器降落在北極的指定座標。</style>","Dunmar sent us a set o' coordinates where ye need to land the cargo. I've given ye a new waypoint in the Tracking Station. The crew will rendezvous with the delivery later at this spot. Make sure ye land as close to those coordinates as ye can. We don't want them havin' to drive any further than needed an' waste more precious fuel!

<style=""TXT-Objective"">Land an unmanned probe carryin' a FL-R1 Wind 'n a bottle tank at the marked coordinates in the North Pole.</style>","Данмар нам је послао координате на које треба да спустите терет. Додала сам Вам нову путну тачку у Станици за праћење. Тим ће касније на том месту преузети пошиљку. Постарајте се да слетите што ближе тим координатама. Не желимо да морају да возе даље него што је потребно и да троше још драгоценог горива!

<style=""TXT-Objective"">Спустите беспилотну сонду која носи резервоар монопропеланта FL-R1 на задате координате на Северном полу.</style>","Dunmar har skickat oss koordinater där du måste landa lasten. Jag har lagt in en ny waypoint åt dig på Spårningsstationen. Teamet kommer att möta upp leveransen senare på den platsen. Se till att landa så nära koordinaterna som möjligt. Vi vill inte att de ska behöva köra längre än nödvändigt och slösa ännu mer dyrbart bränsle!

<style=""TXT-Objective"">Landa en obemannad sond som bär en FL-R1-tank med monopropellant vid de angivna koordinaterna på Nordpolen.</style>","Dunmar ne-a trimis coordonatele la care trebuie să aterizați încărcătura. V-am adăugat un nou punct de reper în Stația de urmărire. Echipa va prelua livrarea mai târziu, în acel loc. Asigurați-vă că aterizați cât mai aproape de acele coordonate. Nu vrem să fie nevoiți să conducă mai mult decât e necesar și să risipească și mai mult combustibil prețios!

<style=""TXT-Objective"">Aterizați o sondă fără echipaj care transportă un rezervor de monopropelant FL-R1 la coordonatele indicate de la Polul Nord.</style>"
Missions/Secondary/MTES11/Brief04,Text,,"This mission is vital to the continued operation of the North Pole Research Station. We can’t have our scientists stranded in the middle of the arctic with no fuel. It would be bad for morale. And for science. And for Dunmar’s toes.","Cette mission est vitale pour le bon fonctionnement de la station de recherche du pôle Nord. Nous ne pouvons pas laisser nos scientifiques bloqués au milieu de l'Arctique sans carburant. Ce serait mauvais pour le moral. Et pour la science. Et pour les orteils de Dunmar.","Questa missione è vitale per il funzionamento continuo della stazione di ricerca del Polo Nord. Non possiamo lasciare i nostri scienziati bloccati in mezzo all'Artico senza carburante. Sarebbe un male per il morale. E per la scienza. E per le dita dei piedi di Dunmar.","Diese Mission ist entscheidend für den Weiterbetrieb der Nordpol-Forschungsstation. Wir können unsere Wissenschaftler nicht ohne Treibstoff mitten in der Arktis festsitzen lassen. Das wäre schlecht für die Moral. Und für die Wissenschaft. Und für Dunmars Zehen.","Esta misión es vital para el funcionamiento continuado de la estación de investigación del polo norte. No podemos dejar a nuestros científicos tirados en mitad del Ártico sin combustible. Sería malo para la moral. Y para la ciencia. Y para los dedos de los pies de Dunmar.","このミッションは、北極研究ステーションの運営を続けるために欠かせません。科学者たちを燃料なしで北極圏の真ん中に取り残すわけにはいきません。士気に悪影響が出ます。科学にも。それに、ダンマーの足の指にも。","이 임무는 북극 연구 기지를 계속 운영하는 데 꼭 필요해요. 과학자들을 연료도 없이 북극권 한가운데 고립시킬 수는 없어요. 사기에 좋지 않을 거예요. 과학에도요. 그리고 던마의 발가락에도요.","Ta misja jest kluczowa dla dalszego działania stacji badawczej na biegunie północnym. Nie możemy zostawić naszych naukowców uwięzionych bez paliwa pośrodku Arktyki. To byłoby złe dla morale. I dla nauki. I dla palców u stóp Dunmara.","Эта миссия жизненно важна для дальнейшей работы полярной исследовательской станции. Мы не можем оставить наших ученых без топлива посреди арктики. Это плохо скажется на моральном духе. И на науке. И на пальцах ног Данмара.","这项任务对北极科研站的持续运转至关重要。我们不能让科学家们在北极圈中央因为没燃料而被困住。那对士气不好。对科学也不好。对Dunmar的脚趾头更不好。","Esta missão é vital para a operação contínua da Estação de Pesquisa do Polo Norte. Não podemos deixar nossos cientistas presos no meio do Ártico sem combustível. Seria ruim para o moral. E para a ciência. E para os dedos dos pés do Dunmar.","這項任務對北極研究站的持續運作非常重要。我們不能讓科學家們沒有燃料、困在北極圈正中央。那對士氣不好。對科學也不好。對鄧瑪的腳趾頭更不好。","This voyage be vital to keepin' the North Pole Research Station afloat. We can't have our scientists marooned in the middle o' the arctic with no fuel. It'd be bad fer morale. An' fer science. An' fer Dunmar's toes.","Ова мисија је од виталног значаја за даљи рад истраживачке станице на Северном полу. Не смемо да оставимо наше научнике насукане усред арктика без горива. То би било лоше за морал. И за науку. И за Данмарове ножне прсте.","Det här uppdraget är avgörande för den fortsatta driften av Nordpolens forskningsstation. Vi kan inte låta våra forskare bli strandsatta mitt i arktis utan bränsle. Det vore dåligt för moralen. Och för vetenskapen. Och för Dunmars tår.","Această misiune este vitală pentru funcționarea în continuare a stației de cercetare de la Polul Nord. Nu putem lăsa oamenii noștri de știință blocați în mijlocul Arcticii fără combustibil. Ar fi rău pentru moral. Și pentru știință. Și pentru degetele de la picioare ale lui Dunmar."
Missions/Secondary/MTES11/Brief05,Text,,"So, get that fuel tanker ready, Director! And try not to use too much fuel getting there! It would defeat the purpose of the whole operation.","Alors, préparez ce ravitailleur, directeur ! Et essayez de ne pas consommer trop de carburant pour y arriver ! Ça irait à l'encontre du but de toute l'opération.","Quindi, prepara quella cisterna, direttore! E cerca di non consumare troppo carburante per arrivarci! Vanificherebbe lo scopo dell'intera operazione.","Also, mach den Tanker startklar, Direktor! Und versuch, auf dem Weg dorthin nicht zu viel Treibstoff zu verbrauchen! Das würde den Zweck der ganzen Aktion zunichtemachen.","¡Así que prepara esa cisterna, dire! ¡Y procura no gastar demasiado combustible en llegar! Eso echaría por tierra el propósito de toda la operación.","というわけで、燃料輸送機の準備をお願いします、所長！ それと、現地に着くまでに燃料を使いすぎないようにしてくださいね！ それでは作戦全体の意味がなくなってしまいますから。","그러니 연료 수송선을 준비해 주세요, 국장님! 그리고 가는 동안 연료를 너무 많이 쓰지 않도록 하세요! 그러면 작전 전체의 의미가 없어지니까요.","Więc szykuj tę cysternę, dyrektorze! I postaraj się nie zużyć zbyt dużo paliwa po drodze! To przekreśliłoby sens całej operacji.","Так что готовьте заправщик, директор! И постарайтесь не потратить слишком много топлива по дороге! Иначе вся операция потеряет смысл.","所以，把那辆加油车准备好吧，局长！还有，尽量别在路上消耗太多燃料！那样整个行动就失去意义了。","Então, prepare esse tanqueiro, Diretor! E tente não gastar combustível demais para chegar lá! Isso acabaria com o propósito de toda a operação.","所以，把那輛加油車準備好吧，總監！還有，盡量別在路上用掉太多燃料！不然整個行動就失去意義了。","So, get that fuel tanker ready, Cap'n! An' try not to burn too much fuel gettin' there! It'd defeat the purpose o' the whole operation.","Зато спремите ту цистерну, директоре! И покушајте да не потрошите превише горива на путу тамо! То би обесмислило целу операцију.","Så gör tankfarkosten redo, chefen! Och försök att inte göra av med för mycket bränsle på vägen dit! Det vore att motverka hela syftet med operationen.","Așadar, pregătiți cisterna, director! Și încercați să nu consumați prea mult combustibil până acolo! Asta ar anula scopul întregii operațiuni."
Missions/Secondary/MTES11/Debrief01,Text,,"We just received confirmation from the North Pole Research Station: the fuel has been acquired, and the team is back on the move!","Nous venons de recevoir la confirmation de la station de recherche du pôle Nord : le carburant a été récupéré, et l'équipe est repartie !","Abbiamo appena ricevuto conferma dalla stazione di ricerca del Polo Nord: il carburante è stato recuperato e il team è di nuovo in movimento!","Wir haben gerade die Bestätigung von der Nordpol-Forschungsstation erhalten: Der Treibstoff ist angekommen, und das Team ist wieder unterwegs!","Acabamos de recibir la confirmación de la estación de investigación del polo norte: ¡ya tienen el combustible y el equipo vuelve a estar en marcha!","北極研究ステーションから確認の連絡が届きました。燃料を受け取って、チームはまた動き出しました！","방금 북극 연구 기지에서 확인 연락이 왔어요. 연료를 확보했고, 팀이 다시 움직이고 있대요!","Właśnie otrzymaliśmy potwierdzenie ze stacji badawczej na biegunie północnym: paliwo zostało odebrane, a zespół znów jest w drodze!","Мы только что получили подтверждение с полярной исследовательской станции: топливо получено, и команда снова в пути!","我们刚刚收到北极科研站的确认：燃料已经拿到，团队又上路了！","Acabamos de receber a confirmação da Estação de Pesquisa do Polo Norte: o combustível foi recebido e a equipe está em movimento de novo!","我們剛收到北極研究站的確認：燃料已經到手，團隊又重新上路了！","We just received word from the North Pole Research Station: the fuel's been taken aboard, an' the crew be on the move again!","Управо смо добили потврду од истраживачке станице на Северном полу: гориво је преузето и тим је поново у покрету!","Vi har precis fått bekräftelse från Nordpolens forskningsstation: bränslet har hämtats och teamet är på väg igen!","Tocmai am primit confirmarea de la stația de cercetare de la Polul Nord: combustibilul a fost preluat, iar echipa e din nou în mișcare!"
Missions/Secondary/MTES11/Debrief02,Text,,"Dunmar sent a rather enthusiastic message, something about the rover “purring like a kitten”. The rest of the team also expressed their sincere appreciation. They were starting to get a little restless with the fear of being stranded out there. Apparently, card games and hot cocoa can only hold one’s attention for so long.","Dunmar nous a envoyé un message plutôt enthousiaste, où il parle du rover qui « ronronne comme un chaton ». Le reste de l'équipe a aussi exprimé sa sincère gratitude. Ils commençaient à s'impatienter, de peur de rester bloqués là-bas. Apparemment, les jeux de cartes et le chocolat chaud ne suffisent pas à occuper les esprits très longtemps.","Dunmar ci ha mandato un messaggio piuttosto entusiasta, qualcosa sul rover che ""fa le fusa come un gattino"". Anche il resto del team ha espresso il suo sincero apprezzamento. Cominciavano a diventare un po' irrequieti per la paura di restare bloccati laggiù. A quanto pare, giochi di carte e cioccolata calda possono tenere occupati solo fino a un certo punto.","Dunmar hat eine ziemlich begeisterte Nachricht geschickt, irgendetwas darüber, dass der Rover „schnurrt wie ein Kätzchen“. Der Rest des Teams hat ebenfalls seinen aufrichtigen Dank ausgesprochen. Sie wurden langsam etwas unruhig aus Angst, dort draußen festzusitzen. Anscheinend können Kartenspiele und heißer Kakao einen nur begrenzt bei Laune halten.","Dunmar ha enviado un mensaje bastante entusiasta, algo sobre que el rover ""ronronea como un gatito"". El resto del equipo también ha expresado su sincero agradecimiento. Empezaban a estar algo inquietos por miedo a quedarse tirados allí. Por lo visto, los juegos de cartas y el chocolate caliente solo entretienen hasta cierto punto.","ダンマーからかなり熱のこもったメッセージが届きました。ローバーが「子猫みたいにゴロゴロ言ってる」とかなんとか。ほかのチームメンバーも心から感謝していました。向こうで立ち往生するのを恐れて、少し落ち着かなくなっていたようです。トランプとホットココアで気を紛らわせられるのにも限度があるみたいですね。","던마가 꽤 열정적인 메시지를 보냈어요. 로버가 '새끼 고양이처럼 가르랑거린다'나 뭐라나요. 나머지 팀원들도 진심으로 고마워했어요. 거기에 고립될까 봐 슬슬 불안해하던 참이었대요. 카드 게임과 핫초코로 버틸 수 있는 시간에도 한계가 있나 봐요.","Dunmar przysłał dość entuzjastyczną wiadomość, coś o tym, że łazik „mruczy jak kociak”. Reszta zespołu też wyraziła szczere podziękowania. Zaczynali się trochę niecierpliwić z obawy, że utkną tam na dobre. Najwyraźniej gry karciane i gorące kakao potrafią zająć uwagę tylko na jakiś czas.","Данмар прислал весьма восторженное сообщение — что-то о том, что вездеход «мурлычет, как котенок». Остальные члены команды тоже выразили искреннюю благодарность. Они уже начинали нервничать, боясь застрять там надолго. Похоже, карточные игры и горячее какао способны занять внимание лишь на какое-то время.","Dunmar发来一条相当兴奋的消息，说什么探测车“像小猫一样呼噜呼噜叫”。团队的其他成员也表达了真诚的谢意。他们担心被困在那里，已经开始有点坐立不安了。看来，纸牌游戏和热可可也只能让人专注那么一会儿。","O Dunmar mandou uma mensagem bastante empolgada, algo sobre o rover estar ""ronronando como um gatinho"". O resto da equipe também expressou sua sincera gratidão. Eles estavam começando a ficar inquietos com medo de ficarem presos por lá. Pelo visto, jogos de cartas e chocolate quente só prendem a atenção por um tempo.","鄧瑪傳來一則相當興奮的訊息，說什麼探測車「像小貓一樣呼嚕呼嚕叫」。團隊的其他成員也表達了誠摯的謝意。他們因為擔心被困在那裡，已經開始有點坐立不安了。看來紙牌遊戲和熱可可也只能讓人專心一陣子而已。","Dunmar sent a rather excited message, somethin' about the rover ""purrin' like a ship's cat"". The rest o' the crew also gave their hearty thanks. They were startin' to get a wee bit restless, fearin' they'd be marooned out there. Seems card games an' hot cocoa can only hold one's attention fer so long.","Данмар је послао прилично одушевљену поруку, нешто о томе како ровер „преде као маче”. И остатак тима је изразио искрену захвалност. Почели су да постају помало немирни из страха да ће остати насукани тамо. Изгледа да игре картама и топли какао могу да задрже пажњу само неко време.","Dunmar skickade ett ganska entusiastiskt meddelande, något om att rovern ”spinner som en kattunge”. Resten av teamet framförde också sitt uppriktiga tack. De började bli lite rastlösa av rädsla för att bli strandsatta där ute. Kortspel och varm choklad kan tydligen bara hålla uppmärksamheten uppe ett tag.","Dunmar a trimis un mesaj destul de entuziast, ceva despre roverul care „toarce ca un pisoi”. Restul echipei și-a exprimat și ea sincera recunoștință. Începeau să devină puțin neliniștiți de teamă că vor rămâne blocați acolo. Se pare că jocurile de cărți și ciocolata caldă îți pot ține atenția doar o vreme."

Missions/Secondary/MTES12/Name,Text,,"Strong Is The Far Side","Fort est le côté caché","Forte è il lato nascosto","Stark ist die Rückseite","Fuerte es la cara oculta","裏側は強し","뒷면은 강하다","Silna jest niewidoczna strona","Сильна обратная сторона","背面最强","Forte é o lado oculto","背面最強","Strong Be the Far Side","Јака је далека страна","Stark är baksidan","Puternică e fața ascunsă"
Missions/Secondary/MTES12/Description,Text,,"Greetings, Director! We’ve received a rather… <i>illuminating</i> proposal from Rokea Inc. You know, the light bulb company? They want to showcase the power of their space-graded light bulbs, and they’ve chosen us to help them do it.

They want us to land a rover on the <i>dark side</i> of the Mun. You know, the side that’s (allegedly) perpetually shrouded in darkness? Talk about a <i>bright</i> idea!

Rokea Inc. insists that their light bulb is so powerful that it can pierce even the deepest Munar shadows.

If we can pull this off, Rokea will grant us a lifetime supply of light bulbs for Mission Control!","Salutations, directeur ! Nous avons reçu une proposition plutôt… <i>lumineuse</i> de la part de Rokea SARL. Vous savez, le fabricant d'ampoules ? Ils veulent montrer la puissance de leurs ampoules spatiales, et ils nous ont choisis pour les y aider.

Ils veulent que nous posions un rover sur la <i>face cachée</i> de la Mune. Vous savez, la face (soi-disant) plongée dans l'obscurité éternelle ? En voilà une idée <i>brillante</i> !

Rokea SARL affirme que son ampoule est si puissante qu'elle peut percer même les ombres munaires les plus profondes.

Si nous y arrivons, Rokea nous offrira des ampoules à vie pour le Contrôle mission !","Saluti, direttore! Abbiamo ricevuto una proposta piuttosto… <i>illuminante</i> da Rokea Inc. Sai, l'azienda di lampadine? Vogliono mostrare la potenza delle loro lampadine per uso spaziale e hanno scelto noi per aiutarli.

Vogliono che facciamo atterrare un rover sul <i>lato oscuro</i> di Mun. Sai, il lato che (presumibilmente) è avvolto nell'oscurità perpetua? Un'idea davvero <i>brillante</i>!

Rokea Inc. sostiene che la sua lampadina è così potente da poter squarciare anche le ombre munari più profonde.

Se ci riusciamo, Rokea ci regalerà una fornitura a vita di lampadine per il Controllo Missioni!","Grüße, Direktor! Wir haben einen ziemlich… <i>erhellenden</i> Vorschlag von Rokea Inc. erhalten. Du weißt schon, die Glühbirnenfirma? Sie wollen die Leistung ihrer weltraumtauglichen Glühbirnen vorführen und haben uns ausgewählt, um ihnen dabei zu helfen.

Sie wollen, dass wir einen Rover auf der <i>dunklen Seite</i> des Muns landen. Du weißt schon, die Seite, die (angeblich) in ewige Dunkelheit gehüllt ist? Was für eine <i>glänzende</i> Idee!

Rokea Inc. besteht darauf, dass ihre Glühbirne so stark ist, dass sie selbst die tiefsten Schatten auf dem Mun durchdringen kann.

Wenn wir das schaffen, schenkt uns Rokea einen lebenslangen Vorrat an Glühbirnen fürs Missionszentrum!","¡Saludos, dire! Hemos recibido una propuesta bastante… <i>iluminadora</i> de Rokea Inc. ¿Sabes, la empresa de bombillas? Quieren demostrar la potencia de sus bombillas aptas para el espacio, y nos han elegido a nosotros para ayudarles.

Quieren que hagamos aterrizar un rover en la <i>cara oscura</i> de la Muna. Ya sabes, la cara que (supuestamente) está sumida en la oscuridad perpetua. ¡Vaya idea más <i>brillante</i>!

Rokea Inc. asegura que su bombilla es tan potente que puede atravesar hasta las sombras munares más profundas.

¡Si lo conseguimos, Rokea nos regalará bombillas de por vida para Control de misión!","こんにちは、所長！ ロケアから、なかなか…<i>明るい</i>提案をいただきました。ほら、あの電球の会社ですよ。宇宙仕様の電球の性能をアピールしたいそうで、その手伝いに私たちを選んでくれたんです。

彼らは、ムンの<i>暗黒面</i>にローバーを着陸させてほしいそうです。ほら、（噂では）永遠に闇に包まれているという側ですよ。なんとも<i>輝かしい</i>アイデアですね！

ロケアは、自社の電球はとても強力で、ムンの最も深い影さえ貫けると言い張っています。

これをやり遂げたら、ロケアがミッションコントロールセンターに電球を一生分提供してくれるそうです！","안녕하세요, 국장님! 주식회사 로키아에서 꽤… <i>빛나는</i> 제안을 받았어요. 그 전구 회사 아시죠? 우주용 전구의 성능을 보여주고 싶다면서, 그 일을 도울 곳으로 우리를 선택했어요.

그들은 우리가 문의 <i>어두운 면</i>에 로버를 착륙시키길 원해요. 그 왜, (소문에 따르면) 영원히 어둠에 싸여 있다는 면 말이에요. 정말 <i>번뜩이는</i> 아이디어죠!

주식회사 로키아는 자기네 전구가 너무 강력해서 문의 가장 깊은 그림자까지 뚫을 수 있다고 주장해요.

이걸 해내면, 로키아가 우주 비행 관제소에 평생 쓸 전구를 제공해 준대요!","Pozdrowienia, dyrektorze! Otrzymaliśmy dość… <i>olśniewającą</i> propozycję od firmy Rokea S.A. Wiesz, tej od żarówek? Chcą zaprezentować moc swoich żarówek przystosowanych do lotów kosmicznych i wybrali nas, żebyśmy im w tym pomogli.

Chcą, żebyśmy wylądowali łazikiem na <i>ciemnej stronie</i> Muna. No wiesz, tej stronie, która (rzekomo) jest spowita wieczną ciemnością? Co za <i>świetlany</i> pomysł!

Rokea S.A. twierdzi, że ich żarówka jest tak mocna, że przebije nawet najgłębsze cienie na Munie.

Jeśli nam się uda, Rokea zapewni kontroli misji dożywotni zapas żarówek!","Приветствую, директор! Мы получили довольно… <i>светлое</i> предложение от корпорации «Rokea». Помните, производитель лампочек? Они хотят продемонстрировать мощь своих космических лампочек и выбрали нас, чтобы мы им в этом помогли.

Они хотят, чтобы мы посадили вездеход на <i>темной стороне</i> Муны. Ну, на той стороне, которая (якобы) вечно окутана тьмой? Вот это <i>блестящая</i> идея!

Корпорация «Rokea» уверяет, что их лампочка настолько мощная, что может пронзить даже самые глубокие тени на Муне.

Если у нас получится, «Rokea» обеспечит Центр аэрокосмических программ лампочками на всю жизнь!","你好，局长！我们收到了火箭联合公司一个相当……<i>发人深省</i>的提议。你知道的，就是那家灯泡公司？他们想展示自家太空级灯泡的威力，并选中了我们来帮忙。

他们希望我们在Mun的<i>暗面</i>降落一辆探测车。你知道的，就是（据说）永远笼罩在黑暗中的那一面？真是个<i>光明</i>的点子！

火箭联合公司坚称，他们的灯泡威力强大，甚至能穿透Mun上最深的阴影。

如果我们能做到，火箭联合公司就会为任务控制中心提供终身灯泡！","Saudações, Diretor! Recebemos uma proposta bem… <i>iluminada</i> da Rokea Inc. Sabe, a empresa de lâmpadas? Eles querem mostrar a potência das suas lâmpadas de nível espacial, e nos escolheram para ajudá-los.

Eles querem que a gente pouse um rover no <i>lado escuro</i> da Mun. Sabe, o lado que está (supostamente) sempre envolto em escuridão? Que ideia <i>brilhante</i>!

A Rokea Inc. garante que a lâmpada deles é tão potente que consegue atravessar até as sombras mais profundas da Mun.

Se conseguirmos, a Rokea vai nos dar um estoque vitalício de lâmpadas para o Controle de Missão!","你好，總監！我們收到火箭家聯合公司一個相當……<i>閃亮</i>的提議。你知道的，就是那家燈泡公司？他們想展示自家太空等級燈泡的威力，並選中我們來幫忙。

他們希望我們在穆恩星的<i>暗面</i>降落一輛探測車。你知道的，就是那一面（據說）永遠籠罩在黑暗中？真是個<i>光明</i>的點子！

火箭家聯合公司堅稱，他們的燈泡威力強大到連穆恩星最深的陰影都能穿透。

如果我們能辦到，火箭家聯合公司就會提供任務控制中心終身份量的燈泡！","Ahoy, Cap'n! We've received a rather… <i>illuminatin'</i> proposal from Rokea Inc. Ye know, the light bulb outfit? They want to show off the power o' their space-grade light bulbs, an' they've chosen us to help 'em do it.

They want us to land a rover on the <i>dark side</i> o' the Mun. Ye know, the side that be (allegedly) forever shrouded in darkness? Talk about a <i>bright</i> idea!

Rokea Inc. swears their light bulb be so mighty it can pierce even the deepest Munar shadows.

If we pull this off, Rokea will give us a lifetime supply o' light bulbs fer Mission Control!","Поздрав, директоре! Добили смо прилично… <i>просветљујући</i> предлог од компаније Rokea Inc. Знате, произвођач сијалица? Желе да покажу снагу својих сијалица за свемир и изабрали су нас да им у томе помогнемо.

Желе да спустимо ровер на <i>тамну страну</i> Муна. Знате, страну која је (наводно) вечито обавијена тамом? Баш <i>бриљантна</i> идеја!

Rokea Inc. тврди да је њихова сијалица толико снажна да може да пробије чак и најдубље сенке на Муну.

Ако успемо, Rokea ће нам обезбедити доживотну залиху сијалица за Контролу мисије!","Hälsningar, chefen! Vi har fått ett ganska… <i>upplysande</i> förslag från Rokea Inc. Du vet, glödlampsföretaget? De vill visa upp kraften i sina rymdklassade glödlampor, och de har valt oss för att hjälpa dem med det.

De vill att vi landar en rover på Muns <i>mörka sida</i>. Du vet, den sida som (påstås) vara höljd i evigt mörker? Snacka om en <i>ljus</i> idé!

Rokea Inc. hävdar att deras glödlampa är så kraftfull att den kan tränga igenom till och med de djupaste skuggorna på Mun.

Om vi lyckas med det här ger Rokea oss livslångt förråd av glödlampor till Uppdragskontrollen!","Salutări, director! Am primit o propunere destul de… <i>luminoasă</i> de la Rokea Inc. Știți, compania de becuri? Vor să arate puterea becurilor lor de uz spațial și ne-au ales pe noi să-i ajutăm.

Vor să aterizăm un rover pe <i>fața întunecată</i> a lui Mun. Știți, fața care este (chipurile) învăluită veșnic în întuneric? Ce idee <i>strălucită</i>!

Rokea Inc. susține că becul lor este atât de puternic încât poate străpunge chiar și cele mai adânci umbre de pe Mun.

Dacă reușim, Rokea ne va oferi becuri pe viață pentru Controlul Misiunii!"
Missions/Secondary/MTES12/Objective,Text,,"Land an uncrewed four-wheeled rover carrying one Rokea Inc. lights on the side of the Mun opposite to Kerbin.","Poser un rover à quatre roues sans équipage, équipé d'une lampe Rokea SARL, sur la face de la Mune opposée à Kerbin.","Fai atterrare un rover a quattro ruote senza equipaggio con una luce Rokea Inc. sul lato di Mun opposto a Kerbin.","Lande einen unbemannten vierrädrigen Rover mit einer Rokea-Inc.-Lampe auf der Kerbin abgewandten Seite des Muns.","Haz aterrizar un rover no tripulado de cuatro ruedas que lleve una luz de Rokea Inc. en la cara de la Muna opuesta a Kerbin.","ロケアのライトを1つ搭載した無人の4輪ローバーを、ムンのカービンと反対側に着陸させる。","주식회사 로키아 조명을 장착한 무인 4륜 로버를 커빈 반대편에 있는 문의 면에 착륙시키세요.","Wyląduj bezzałogowym czterokołowym łazikiem z jedną lampą Rokea S.A. po stronie Muna przeciwnej do Kerbina.","Посадите беспилотный четырехколесный вездеход с одним светильником корпорации «Rokea» на стороне Муны, противоположной Кербину.","让一辆搭载一盏火箭联合公司灯具的无人四轮探测车降落在Mun背对Kerbin的那一面。","Pouse um rover não tripulado de quatro rodas carregando uma luz da Rokea Inc. no lado da Mun oposto a Kerbin.","讓一輛搭載一盞火箭家聯合公司燈具的無人四輪探測車，降落在穆恩星背對坎巴拉星的那一面。","Land an uncrewed four-wheeled rover carryin' one Rokea Inc. light on the side o' the Mun facin' away from Kerbin.","Спустите беспилотни ровер са четири точка који носи једно светло компаније Rokea Inc. на страну Муна супротну од Кербина.","Landa en obemannad fyrhjulig rover som bär en Rokea Inc.-lampa på den sida av Mun som är vänd bort från Kerbin.","Aterizați un rover cu patru roți fără echipaj, care transportă o lampă Rokea Inc., pe fața lui Mun opusă lui Kerbin."
Missions/Secondary/MTES12/Debrief01,Text,,"As you saw, the “dark side” of the <style=""OBJ-Mun"">Mun</style>… isn’t actually perpetually dark. It’s only dark during its respective night. It’s called the “dark side” because it’s the side that’s <i>never visible from <style=""OBJ-Kerbin"">Kerbin</style></i>. The <style=""OBJ-Mun"">Mun</style> is tidally locked, meaning it rotates at the same rate it orbits <style=""OBJ-Kerbin"">Kerbin</style>, so we only ever see one face. So, “dark” in this case means “unseen” or “unknown”, not “lacking sunlight”.","Comme vous l'avez vu, la « face sombre » de la <style=""OBJ-Mun"">Mune</style>… n'est pas plongée dans l'obscurité éternelle. Elle n'est sombre que pendant sa propre nuit. On l'appelle « face sombre » parce que c'est la face qui n'est <i>jamais visible depuis <style=""OBJ-Kerbin"">Kerbin</style></i>. La <style=""OBJ-Mun"">Mune</style> est en rotation synchrone : elle tourne sur elle-même au même rythme qu'elle tourne autour de <style=""OBJ-Kerbin"">Kerbin</style>, si bien que nous n'en voyons jamais qu'une face. Ici, « sombre » veut donc dire « invisible » ou « inconnu », et non « privé de soleil ».","Come hai visto, il ""lato oscuro"" di <style=""OBJ-Mun"">Mun</style>… non è affatto perpetuamente buio. È buio solo durante la sua notte. Si chiama ""lato oscuro"" perché è il lato che non è <i>mai visibile da <style=""OBJ-Kerbin"">Kerbin</style></i>. <style=""OBJ-Mun"">Mun</style> ha una rotazione sincrona: ruota su se stesso alla stessa velocità con cui orbita intorno a <style=""OBJ-Kerbin"">Kerbin</style>, quindi ne vediamo sempre e solo una faccia. Quindi, in questo caso, ""oscuro"" significa ""invisibile"" o ""sconosciuto"", non ""privo di luce solare"".","Wie du gesehen hast, ist die „dunkle Seite“ des <style=""OBJ-Mun"">Muns</style>… gar nicht ewig dunkel. Sie ist nur während ihrer eigenen Nacht dunkel. Man nennt sie „dunkle Seite“, weil es die Seite ist, die <i>von <style=""OBJ-Kerbin"">Kerbin</style> aus nie sichtbar ist</i>. Der <style=""OBJ-Mun"">Mun</style> hat eine gebundene Rotation, das heißt, er dreht sich im gleichen Takt um sich selbst, in dem er <style=""OBJ-Kerbin"">Kerbin</style> umkreist, also sehen wir immer nur eine Seite. „Dunkel“ bedeutet in diesem Fall also „ungesehen“ oder „unbekannt“, nicht „ohne Sonnenlicht“.","Como has visto, la ""cara oscura"" de la <style=""OBJ-Mun"">Muna</style>… en realidad no está a oscuras permanentemente. Solo está oscura durante su propia noche. Se llama ""cara oscura"" porque es la cara que <i>nunca es visible desde <style=""OBJ-Kerbin"">Kerbin</style></i>. La <style=""OBJ-Mun"">Muna</style> tiene acoplamiento de marea, lo que significa que gira sobre sí misma al mismo ritmo al que orbita <style=""OBJ-Kerbin"">Kerbin</style>, así que solo vemos una de sus caras. Por tanto, ""oscura"" significa en este caso ""no vista"" o ""desconocida"", no ""sin luz solar"".","ご覧のとおり、<style=""OBJ-Mun"">ムン</style>の「暗黒面」は…実際には永遠に暗いわけではありません。暗いのはその側の夜の間だけなんです。「暗黒面」と呼ばれるのは、そこが<i><style=""OBJ-Kerbin"">カービン</style>からは決して見えない</i>側だからです。<style=""OBJ-Mun"">ムン</style>は潮汐固定されていて、<style=""OBJ-Kerbin"">カービン</style>を公転するのと同じ速さで自転しているので、私たちにはいつも同じ面しか見えません。つまり、この場合の「暗い」は「見えない」とか「知られていない」という意味で、「日が当たらない」という意味ではないんです。","보셨다시피 <style=""OBJ-Mun"">문</style>의 '어두운 면'은… 사실 영원히 어둡지 않아요. 그 면의 밤 동안에만 어두울 뿐이에요. '어두운 면'이라고 부르는 이유는 그곳이 <i><style=""OBJ-Kerbin"">커빈</style>에서는 절대 보이지 않는</i> 면이기 때문이에요. <style=""OBJ-Mun"">문</style>은 조석 고정되어 있어서, <style=""OBJ-Kerbin"">커빈</style> 주위를 공전하는 것과 같은 속도로 자전해요. 그래서 우리는 항상 한쪽 면만 보게 되죠. 그러니까 여기서 '어둡다'는 건 '보이지 않는다'나 '알려지지 않았다'는 뜻이지, '햇빛이 없다'는 뜻이 아니에요.","Jak widziałeś, „ciemna strona” <style=""OBJ-Mun"">Muna</style>… wcale nie jest wiecznie ciemna. Jest ciemna tylko podczas swojej nocy. Nazywa się ją „ciemną stroną”, bo to strona, której <i>nigdy nie widać z <style=""OBJ-Kerbin"">Kerbina</style></i>. <style=""OBJ-Mun"">Mun</style> jest w obrocie synchronicznym, czyli obraca się wokół własnej osi w tym samym tempie, w jakim krąży wokół <style=""OBJ-Kerbin"">Kerbina</style>, więc zawsze widzimy tylko jedną jego stronę. Tak więc „ciemna” oznacza tu „niewidoczna” albo „nieznana”, a nie „pozbawiona światła słonecznego”.","Как вы видели, «темная сторона» <style=""OBJ-Mun"">Муны</style>… на самом деле не всегда темная. Темно там только во время ее собственной ночи. «Темной стороной» ее называют потому, что это сторона, которую <i>никогда не видно с <style=""OBJ-Kerbin"">Кербина</style></i>. <style=""OBJ-Mun"">Муна</style> находится в приливном захвате: она вращается вокруг своей оси с той же скоростью, с какой обращается вокруг <style=""OBJ-Kerbin"">Кербина</style>, поэтому мы всегда видим только одну ее сторону. Так что «темная» здесь означает «невидимая» или «неизвестная», а не «лишенная солнечного света».","正如你所见，<style=""OBJ-Mun"">Mun</style>的“暗面”……其实并不是永远黑暗的。它只在自己的夜晚才是黑的。之所以叫“暗面”，是因为那一面<i>从<style=""OBJ-Kerbin"">Kerbin</style>上永远看不到</i>。<style=""OBJ-Mun"">Mun</style>处于潮汐锁定状态，也就是说它的自转速度和它绕<style=""OBJ-Kerbin"">Kerbin</style>公转的速度相同，所以我们永远只能看到它的一面。因此，这里的“暗”指的是“看不见”或“未知”，而不是“没有阳光”。","Como você viu, o ""lado escuro"" da <style=""OBJ-Mun"">Mun</style>… não é de fato sempre escuro. Ele só fica escuro durante a sua própria noite. É chamado de ""lado escuro"" porque é o lado que <i>nunca é visível de <style=""OBJ-Kerbin"">Kerbin</style></i>. A <style=""OBJ-Mun"">Mun</style> tem rotação sincronizada, o que significa que ela gira em torno de si mesma no mesmo ritmo em que orbita <style=""OBJ-Kerbin"">Kerbin</style>, então só vemos uma face dela. Portanto, ""escuro"" aqui significa ""não visto"" ou ""desconhecido"", e não ""sem luz do sol"".","你也看到了，<style=""OBJ-Mun"">穆恩星</style>的「暗面」……其實並不是永遠黑暗的。它只有在自己的夜晚才是暗的。之所以叫「暗面」，是因為那一面<i>從<style=""OBJ-Kerbin"">坎巴拉星</style>永遠看不到</i>。<style=""OBJ-Mun"">穆恩星</style>處於潮汐鎖定，也就是說它的自轉速度和繞<style=""OBJ-Kerbin"">坎巴拉星</style>公轉的速度相同，所以我們永遠只看得到它的一面。因此，這裡的「暗」指的是「看不見」或「未知」，而不是「沒有陽光」。","As ye saw, the ""dark side"" o' the <style=""OBJ-Mun"">Mun</style>… ain't actually forever dark. It be only dark durin' its own night. It be called the ""dark side"" because it be the side that be <i>never visible from <style=""OBJ-Kerbin"">Kerbin</style></i>. The <style=""OBJ-Mun"">Mun</style> be tidally locked, meanin' it spins at the same rate it orbits <style=""OBJ-Kerbin"">Kerbin</style>, so we only ever see one face. So ""dark"" here means ""unseen"" or ""unknown"", not ""lackin' sunlight"".","Као што сте видели, „тамна страна” <style=""OBJ-Mun"">Муна</style>… заправо није вечито тамна. Тамна је само током своје ноћи. Зове се „тамна страна” зато што је то страна која се <i>никада не види са <style=""OBJ-Kerbin"">Кербина</style></i>. <style=""OBJ-Mun"">Мун</style> је у синхроној ротацији, што значи да се окреће око своје осе истом брзином којом кружи око <style=""OBJ-Kerbin"">Кербина</style>, па увек видимо само једну његову страну. Дакле, „тамна” овде значи „невиђена” или „непозната”, а не „без сунчеве светлости”.","Som du såg är <style=""OBJ-Mun"">Muns</style> ”mörka sida”… faktiskt inte evigt mörk. Den är bara mörk under sin egen natt. Den kallas ”mörka sidan” för att det är den sida som <i>aldrig syns från <style=""OBJ-Kerbin"">Kerbin</style></i>. <style=""OBJ-Mun"">Mun</style> har bunden rotation, vilket innebär att den roterar i samma takt som den kretsar kring <style=""OBJ-Kerbin"">Kerbin</style>, så vi ser alltid bara en sida. ”Mörk” betyder alltså i det här fallet ”osedd” eller ”okänd”, inte ”utan solljus”.","Așa cum ați văzut, „fața întunecată” a lui <style=""OBJ-Mun"">Mun</style>… nu este de fapt veșnic întunecată. E întunecată doar în timpul propriei nopți. Se numește „fața întunecată” pentru că este fața care <i>nu se vede niciodată de pe <style=""OBJ-Kerbin"">Kerbin</style></i>. <style=""OBJ-Mun"">Mun</style> are o rotație sincronă, adică se rotește în jurul axei sale în același ritm în care orbitează în jurul lui <style=""OBJ-Kerbin"">Kerbin</style>, așa că vedem mereu o singură față. Așadar, „întunecată” înseamnă aici „nevăzută” sau „necunoscută”, nu „lipsită de lumina soarelui”."
Missions/Secondary/MTES12/Debrief02,Text,,"We really should be calling it the “far side” instead. It’s much more accurate. I'll send a memo to the appropriate department.","Nous devrions vraiment l'appeler la « face cachée ». C'est bien plus exact. J'enverrai une note au service concerné.","Dovremmo proprio chiamarlo ""lato nascosto"". È molto più preciso. Manderò un promemoria al reparto competente.","Wir sollten sie wirklich „Rückseite“ nennen. Das ist viel genauer. Ich schicke der zuständigen Abteilung ein Memo.","Realmente deberíamos llamarla ""cara oculta"". Es mucho más preciso. Enviaré una nota al departamento correspondiente.","本当は「裏側」と呼ぶべきなんです。そのほうがずっと正確です。担当部署にメモを送っておきますね。","정말로 '뒷면'이라고 불러야 해요. 그게 훨씬 정확하거든요. 담당 부서에 메모를 보낼게요.","Naprawdę powinniśmy ją nazywać „niewidoczną stroną”. To dużo dokładniejsze. Wyślę notatkę do odpowiedniego działu.","На самом деле ее следовало бы называть «обратной стороной». Это гораздо точнее. Я отправлю служебную записку в соответствующий отдел.","我们真应该把它叫作“背面”。那样准确得多。我会给相关部门发一份备忘录。","Deveríamos chamá-lo de ""lado oculto"". É bem mais preciso. Vou mandar um memorando para o departamento responsável.","我們真的應該叫它「背面」才對。那樣精確多了。我會發一份備忘錄給相關部門。","We really should be callin' it the ""far side"" instead. It be much more accurate. I'll send a memo to the proper department.","Заиста би требало да је зовемо „далека страна”. То је много тачније. Послаћу допис надлежном одељењу.","Vi borde egentligen kalla den ”baksidan” i stället. Det är mycket mer korrekt. Jag skickar ett PM till rätt avdelning.","Chiar ar trebui să-i spunem „fața ascunsă”. E mult mai exact. Voi trimite o notă departamentului responsabil."
Missions/Secondary/MTES12/Debrief03,Text,,"I probably should have mentioned that before. But then we wouldn’t have had this mission, would we?","J'aurais sans doute dû le mentionner plus tôt. Mais alors, nous n'aurions pas eu cette mission, n'est-ce pas ?","Probabilmente avrei dovuto dirlo prima. Ma allora non avremmo avuto questa missione, no?","Das hätte ich wohl vorher erwähnen sollen. Aber dann hätten wir diese Mission nicht gehabt, oder?","Seguramente debería haberlo mencionado antes. Pero entonces no habríamos tenido esta misión, ¿verdad?","たぶん、先に言っておくべきでしたね。でも、そうしたらこのミッションはなかったでしょう？","아마 미리 말씀드렸어야 했겠죠. 하지만 그랬다면 이 임무도 없었을 거예요, 그렇죠?","Pewnie powinnam była wspomnieć o tym wcześniej. Ale wtedy nie byłoby tej misji, prawda?","Наверное, мне стоило упомянуть об этом раньше. Но тогда у нас не было бы этой миссии, правда?","我大概应该早点说的。但那样的话，我们就不会有这次任务了，对吧？","Eu provavelmente deveria ter mencionado isso antes. Mas aí não teríamos tido esta missão, não é?","我大概應該早點說的。但那樣的話，我們就不會有這次任務了，對吧？","I probably should've mentioned that before. But then we wouldn't have had this voyage, would we?","Вероватно је требало да то поменем раније. Али онда не бисмо имали ову мисију, зар не?","Jag borde nog ha nämnt det tidigare. Men då hade vi inte fått det här uppdraget, eller hur?","Probabil ar fi trebuit să menționez asta mai devreme. Dar atunci n-am fi avut misiunea asta, nu-i așa?"
Missions/Secondary/MTES12/Debrief04,Text,,"Anyway congratulations on yet another successful mission! And you have corrected some long-standing astronomical terminology. Not a bad day’s work!","Quoi qu'il en soit, félicitations pour cette nouvelle mission réussie ! Et vous avez corrigé une terminologie astronomique erronée depuis des lustres. Pas mal pour une journée de travail !","Comunque, congratulazioni per l'ennesima missione riuscita! E hai corretto una terminologia astronomica sbagliata da tempo immemorabile. Non male per una giornata di lavoro!","Wie auch immer, herzlichen Glückwunsch zu einer weiteren erfolgreichen Mission! Und du hast eine seit Ewigkeiten falsche astronomische Bezeichnung korrigiert. Nicht schlecht für einen Arbeitstag!","En fin, ¡enhorabuena por otra misión exitosa! Y encima has corregido una terminología astronómica errónea desde hace siglos. ¡No está mal para un día de trabajo!","とにかく、またもやミッション成功おめでとうございます！ それに、長年の天文学用語の誤りまで正してくれました。1日の仕事としては悪くないですね！","아무튼 또 하나의 임무 성공을 축하드려요! 게다가 오랫동안 잘못 쓰이던 천문학 용어까지 바로잡으셨어요. 하루 일로는 나쁘지 않네요!","W każdym razie gratulacje z okazji kolejnej udanej misji! A przy okazji poprawiłeś od dawna błędną terminologię astronomiczną. Nieźle jak na jeden dzień pracy!","В любом случае поздравляю с очередной успешной миссией! А заодно вы исправили давнюю астрономическую ошибку в терминологии. Неплохо для одного рабочего дня!","总之，恭喜你又完成了一次成功的任务！而且你还纠正了一个沿用已久的天文学术语错误。一天的工作能有这样的成绩，相当不错！","Enfim, parabéns por mais uma missão bem-sucedida! E você ainda corrigiu uma terminologia astronômica errada há muito tempo. Nada mal para um dia de trabalho!","總之，恭喜你又完成一次成功的任務！而且你還修正了一個沿用已久的天文學用語錯誤。一天的工作有這種成果，相當不錯！","Anyhow, congratulations on yet another successful voyage! An' ye've corrected some long-standin' star-charter terminology. Not a bad day's work!","Елем, честитам на још једној успешној мисији! А исправили сте и дугогодишњу погрешну астрономску терминологију. Није лоше за један радни дан!","Hur som helst, grattis till ännu ett lyckat uppdrag! Och du har rättat till en sedan länge felaktig astronomisk terminologi. Inte illa för en dags arbete!","Oricum, felicitări pentru încă o misiune reușită! Și ați corectat o terminologie astronomică greșită de multă vreme. Nu-i rău pentru o zi de muncă!"

Missions/Secondary/MTES13/Name,Text,,"Survival Training, I","Entraînement à la survie, I","Addestramento di sopravvivenza, I","Überlebenstraining, I","Entrenamiento de supervivencia, I","サバイバル訓練 I","생존 훈련 I","Szkolenie z przetrwania, I","Обучение выживанию, часть I","生存训练（一）","Treinamento de sobrevivência, I","生存訓練 I","Survival Trainin', I","Обука за преживљавање, I","Överlevnadsträning, I","Antrenament de supraviețuire, I"
Missions/Secondary/MTES13/Description,Text,,"We’re entering a new era of space exploration! We’ve recently welcomed a fresh batch of eager Kerbonauts, a new generation ready to explore the vast expanse of space. But before they can reach for the stars, they must first master the art of… staying alive.

A spacecraft leaving Kerbin’s orbit might be forced to return prematurely, forcing our Kerbonauts to make emergency landings in unexpected locations. In such scenarios, rescue might not be immediate. They must be prepared to rely on their own skills and the limited resources available in their emergency packs. That's why rigorous survival training is a vital component of their basic training. Theoritically, anyway. In reality our capsules always land at the intended location, right? <i>Right?</i>","Nous entrons dans une nouvelle ère de l'exploration spatiale ! Nous venons d'accueillir une nouvelle promotion de kerbonautes enthousiastes, une nouvelle génération prête à explorer l'immensité de l'espace. Mais avant de pouvoir décrocher les étoiles, ils doivent d'abord maîtriser l'art de… rester en vie.

Un vaisseau qui quitte l'orbite de Kerbin peut être contraint de rentrer prématurément, obligeant nos kerbonautes à effectuer des atterrissages d'urgence en des lieux inattendus. Dans ce genre de situation, les secours ne sont pas toujours immédiats. Ils doivent être prêts à compter sur leurs propres compétences et sur les ressources limitées de leur kit de survie. C'est pourquoi un entraînement rigoureux à la survie est un élément essentiel de leur formation de base. En théorie, du moins. En réalité, nos capsules atterrissent toujours à l'endroit prévu, pas vrai ? <i>Pas vrai ?</i>","Stiamo entrando in una nuova era dell'esplorazione spaziale! Abbiamo appena accolto un nuovo gruppo di kerbonauti entusiasti, una nuova generazione pronta a esplorare la vastità dello spazio. Ma prima di poter toccare le stelle, devono padroneggiare l'arte di… restare vivi.

Un veicolo spaziale che lascia l'orbita di Kerbin potrebbe essere costretto a rientrare prima del previsto, obbligando i nostri kerbonauti ad atterraggi di emergenza in luoghi inaspettati. In queste situazioni, i soccorsi potrebbero non essere immediati. Devono essere pronti a contare sulle proprie capacità e sulle risorse limitate dei loro kit di emergenza. Ecco perché un rigoroso addestramento di sopravvivenza è una componente fondamentale della loro formazione di base. In teoria, almeno. In realtà le nostre capsule atterrano sempre nel punto previsto, giusto? <i>Giusto?</i>","Wir treten in eine neue Ära der Raumfahrt ein! Vor Kurzem haben wir einen frischen Jahrgang eifriger Kerbonauten begrüßt, eine neue Generation, bereit, die Weiten des Weltraums zu erkunden. Doch bevor sie nach den Sternen greifen können, müssen sie zuerst die Kunst beherrschen… am Leben zu bleiben.

Ein Raumschiff, das die Umlaufbahn von Kerbin verlässt, könnte gezwungen sein, vorzeitig zurückzukehren, sodass unsere Kerbonauten an unerwarteten Orten notlanden müssen. In solchen Fällen kommt die Rettung womöglich nicht sofort. Sie müssen bereit sein, sich auf ihre eigenen Fähigkeiten und die begrenzten Vorräte in ihren Notfallpaketen zu verlassen. Deshalb ist ein strenges Überlebenstraining ein wesentlicher Bestandteil ihrer Grundausbildung. Theoretisch jedenfalls. In Wirklichkeit landen unsere Kapseln immer am vorgesehenen Ort, nicht wahr? <i>Nicht wahr?</i>","¡Estamos entrando en una nueva era de la exploración espacial! Hace poco recibimos una nueva hornada de entusiastas kerbonautas, una nueva generación lista para explorar la inmensidad del espacio. Pero, antes de alcanzar las estrellas, primero tienen que dominar el arte de… seguir con vida.

Una nave que abandona la órbita de Kerbin podría verse obligada a volver antes de tiempo, lo que obligaría a nuestros kerbonautas a realizar aterrizajes de emergencia en lugares inesperados. En esas situaciones, el rescate podría no ser inmediato. Deben estar preparados para depender de sus propias habilidades y de los limitados recursos de sus kits de emergencia. Por eso un riguroso entrenamiento de supervivencia es una parte esencial de su formación básica. En teoría, al menos. En realidad, nuestras cápsulas siempre aterrizan en el lugar previsto, ¿verdad? <i>¿Verdad?</i>","私たちは宇宙探査の新時代に入ろうとしています！ 最近、意欲あふれるカーバル宇宙飛行士の新人たちを迎えました。広大な宇宙を探検する準備ができた新世代です。でも、星に手を伸ばす前に、まず身につけなければならない技術があります…生き延びる技術です。

カービンの軌道を離れた宇宙船が予定より早く帰還を余儀なくされ、カーバル宇宙飛行士たちが思わぬ場所に緊急着陸しなければならないこともあります。そんなとき、救助がすぐに来るとは限りません。自分たちの技術と、緊急キットに入っている限られた物資に頼る覚悟が必要です。だからこそ、厳しいサバイバル訓練は基礎訓練の重要な一部なんです。少なくとも理論上は。実際には、私たちのカプセルはいつも予定どおりの場所に着陸しますよね？ <i>ですよね？</i>","우리는 우주 탐사의 새로운 시대에 들어서고 있어요! 최근 의욕 넘치는 신입 커보너츠들을 맞이했어요. 광활한 우주를 탐험할 준비가 된 새로운 세대죠. 하지만 별을 향해 손을 뻗기 전에, 먼저 익혀야 할 기술이 있어요… 바로 살아남는 기술이에요.

커빈 궤도를 떠난 우주선이 예정보다 일찍 귀환해야 할 수도 있고, 그러면 커보너츠들은 예상치 못한 장소에 비상 착륙을 해야 해요. 그런 상황에서는 구조가 바로 오지 않을 수도 있어요. 자신의 기술과 비상 키트에 든 제한된 물자에 의지할 준비가 되어 있어야 해요. 그래서 혹독한 생존 훈련이 기초 훈련의 중요한 부분인 거예요. 적어도 이론상으로는요. 실제로는 우리 캡슐은 항상 예정된 위치에 착륙하죠, 그렇죠? <i>그렇죠?</i>","Wkraczamy w nową erę eksploracji kosmosu! Niedawno powitaliśmy świeżą grupę zapalonych kerbonautów, nowe pokolenie gotowe badać bezmiar kosmosu. Ale zanim sięgną gwiazd, muszą najpierw opanować sztukę… pozostawania przy życiu.

Statek opuszczający orbitę Kerbina może zostać zmuszony do przedwczesnego powrotu, co zmusi naszych kerbonautów do awaryjnego lądowania w nieoczekiwanych miejscach. W takich sytuacjach ratunek może nie nadejść od razu. Muszą być gotowi polegać na własnych umiejętnościach i ograniczonych zasobach z zestawów ratunkowych. Dlatego rygorystyczne szkolenie z przetrwania jest kluczowym elementem ich podstawowego szkolenia. Przynajmniej w teorii. W rzeczywistości nasze kapsuły zawsze lądują w zaplanowanym miejscu, prawda? <i>Prawda?</i>","Мы вступаем в новую эру освоения космоса! Недавно к нам пришла свежая группа увлеченных кербонавтов — новое поколение, готовое исследовать бескрайние просторы космоса. Но прежде чем тянуться к звездам, им нужно освоить искусство… оставаться в живых.

Корабль, покинувший орбиту Кербина, может быть вынужден вернуться досрочно, и тогда нашим кербонавтам придется совершать аварийные посадки в неожиданных местах. В таких ситуациях спасатели могут прибыть не сразу. Кербонавты должны быть готовы полагаться на собственные навыки и ограниченные ресурсы своих аварийных наборов. Вот почему строгая подготовка к выживанию — важнейшая часть их базового обучения. По крайней мере, в теории. На практике наши капсулы всегда приземляются в запланированном месте, верно? <i>Верно?</i>","我们正在进入太空探索的新时代！我们最近迎来了一批热情洋溢的新坎巴拉宇航员，这是准备好探索浩瀚太空的新一代。但在摘星揽月之前，他们必须先掌握一门艺术……活下去。

离开Kerbin轨道的航天器可能会被迫提前返回，迫使我们的坎巴拉宇航员在意想不到的地点紧急着陆。在这种情况下，救援可能不会立即到来。他们必须做好准备，依靠自己的技能和应急包里有限的物资。正因如此，严格的生存训练是他们基础训练的重要组成部分。至少理论上是这样。实际上，我们的返回舱总是会降落在预定地点，对吧？<i>对吧？</i>","Estamos entrando numa nova era da exploração espacial! Recentemente recebemos uma nova turma de kerbonautas animados, uma nova geração pronta para explorar a vastidão do espaço. Mas, antes de alcançar as estrelas, eles precisam dominar a arte de… continuar vivos.

Uma nave que deixa a órbita de Kerbin pode ser forçada a voltar antes da hora, obrigando nossos kerbonautas a fazer pousos de emergência em lugares inesperados. Nesses casos, o resgate pode não ser imediato. Eles precisam estar preparados para contar com suas próprias habilidades e com os recursos limitados dos kits de emergência. É por isso que um treinamento de sobrevivência rigoroso é parte essencial da formação básica deles. Na teoria, pelo menos. Na prática, nossas cápsulas sempre pousam no lugar previsto, certo? <i>Certo?</i>","我們正在進入太空探索的新紀元！我們最近迎來了一批熱血的新坎巴拉太空人，這是準備好探索浩瀚太空的新世代。但在伸手摘星之前，他們必須先學會一門藝術……活下去。

離開坎巴拉星軌道的太空船可能會被迫提前返航，讓我們的坎巴拉太空人不得不在意想不到的地點緊急降落。在這種情況下，救援可能不會馬上到來。他們必須做好準備，依靠自己的技能和緊急包裡有限的物資。正因如此，嚴格的生存訓練是他們基礎訓練中不可或缺的一環。至少理論上是這樣。實際上，我們的太空艙總是會降落在預定地點，對吧？<i>對吧？</i>","We be enterin' a new era o' space exploration! We've recently welcomed a fresh batch o' eager Kerbonauts, a new generation ready to explore the vast black sea o' space. But before they can reach fer the stars, they must first master the art o'… stayin' alive.

A ship leavin' Kerbin's orbit might be forced to return early, makin' our Kerbonauts put down in emergency landin's in unexpected places. In such cases, rescue might not come right away. They must be ready to rely on their own skills an' the scant supplies in their emergency packs. That be why hard survival trainin' be a vital part o' their basic trainin'. In theory, anyway. In truth our capsules always land where they be meant to, right? <i>Right?</i>","Улазимо у нову еру истраживања свемира! Недавно смо примили нову групу жељних кербонаута, нову генерацију спремну да истражује пространства свемира. Али пре него што посегну за звездама, морају прво да савладају вештину… останка у животу.

Летелица која напушта орбиту Кербина могла би бити приморана да се врати пре времена, па би наши кербонаути морали да изводе принудна слетања на неочекиваним местима. У таквим ситуацијама спасавање можда неће бити тренутно. Морају бити спремни да се ослоне на сопствене вештине и ограничене залихе у својим пакетима за хитне случајеве. Зато је ригорозна обука за преживљавање кључни део њихове основне обуке. Бар у теорији. У стварности, наше капсуле увек слећу на предвиђено место, зар не? <i>Зар не?</i>","Vi går in i en ny era av rymdutforskning! Vi har nyligen välkomnat en ny kull ivriga kerbonauter, en ny generation redo att utforska rymdens vidder. Men innan de kan sträcka sig efter stjärnorna måste de först bemästra konsten att… hålla sig vid liv.

En rymdfarkost som lämnar Kerbins omloppsbana kan tvingas återvända i förtid, så att våra kerbonauter måste nödlanda på oväntade platser. I sådana fall kanske räddningen inte kommer direkt. De måste vara beredda att förlita sig på sina egna färdigheter och de begränsade resurserna i sina nödpaket. Därför är rigorös överlevnadsträning en avgörande del av deras grundutbildning. I teorin, i alla fall. I verkligheten landar våra kapslar alltid på den avsedda platsen, eller hur? <i>Eller hur?</i>","Intrăm într-o nouă eră a explorării spațiale! Recent am primit o nouă serie de kerbonauți entuziaști, o nouă generație pregătită să exploreze vastitatea spațiului. Dar înainte de a putea atinge stelele, trebuie mai întâi să stăpânească arta de a… rămâne în viață.

O navă care părăsește orbita lui Kerbin ar putea fi nevoită să se întoarcă prematur, obligându-i pe kerbonauții noștri să facă aterizări de urgență în locuri neașteptate. În astfel de situații, salvarea s-ar putea să nu vină imediat. Trebuie să fie pregătiți să se bazeze pe propriile abilități și pe resursele limitate din trusele de urgență. De aceea, un antrenament riguros de supraviețuire este o componentă esențială a pregătirii lor de bază. Cel puțin în teorie. În realitate, capsulele noastre aterizează mereu în locul prevăzut, nu-i așa? <i>Nu-i așa?</i>"
Missions/Secondary/MTES13/Objective,Text,,"Ferry three Kerbals in the desert.","Emmener trois Kerbals dans le désert.","Porta tre Kerbal nel deserto.","Bringe drei Kerbals in die Wüste.","Lleva a tres kerbals al desierto.","3人のカーバルを砂漠に送り届ける。","커벌 3명을 사막으로 데려가세요.","Przetransportuj trzech Kerbali na pustynię.","Доставьте трех кербалов в пустыню.","将三名坎巴拉人送到沙漠。","Leve três Kerbals ao deserto.","把三名坎巴拉人送到沙漠。","Ferry three Kerbals to the desert.","Пребаците три кербала у пустињу.","Flyg tre kerbaler till öknen.","Duceți trei kerbali în deșert."
Missions/Secondary/MTES13/Debrief01,Text,,"Good job! The recruits are back. They’re alive and it sounds like they had a great experience. They camped in their tents to escape the scorching sun and even navigated through sandstorms using only a compass and their innate sense of direction (which, in some cases, was more like a desperate gamble).","Beau travail ! Les recrues sont de retour. Elles sont vivantes et on dirait qu'elles ont vécu une expérience formidable. Elles ont campé sous leurs tentes pour échapper au soleil brûlant et ont même traversé des tempêtes de sable en s'aidant uniquement d'une boussole et de leur sens inné de l'orientation (qui, dans certains cas, relevait plutôt du pari désespéré).","Ottimo lavoro! Le reclute sono tornate. Sono vive e sembra che abbiano vissuto un'esperienza fantastica. Si sono accampate nelle tende per sfuggire al sole cocente e hanno persino attraversato tempeste di sabbia usando solo una bussola e il loro innato senso dell'orientamento (che, in alcuni casi, somigliava più a una scommessa disperata).","Gute Arbeit! Die Rekruten sind zurück. Sie leben, und es klingt, als hätten sie eine tolle Erfahrung gemacht. Sie haben in ihren Zelten gecampt, um der sengenden Sonne zu entkommen, und sich sogar nur mit einem Kompass und ihrem angeborenen Orientierungssinn durch Sandstürme gekämpft (was in manchen Fällen eher einem verzweifelten Glücksspiel glich).","¡Buen trabajo! Los reclutas han vuelto. Están vivos y parece que han vivido una experiencia genial. Acamparon en sus tiendas para escapar del sol abrasador e incluso atravesaron tormentas de arena usando solo una brújula y su sentido innato de la orientación (que, en algunos casos, se parecía más a una apuesta desesperada).","よくやりました！ 新人たちが帰ってきました。全員無事で、素晴らしい経験ができたようです。焼けつくような日差しを避けてテントでキャンプし、コンパスと生まれつきの方向感覚（場合によっては、むしろ一か八かの賭けに近かったようですが）だけを頼りに砂嵐の中を進みもしたそうです。","잘하셨어요! 신병들이 돌아왔어요. 모두 살아 있고, 아주 멋진 경험을 한 것 같아요. 타는 듯한 햇볕을 피해 텐트에서 야영하고, 나침반과 타고난 방향 감각(어떤 경우에는 차라리 절박한 도박에 가까웠지만요)만으로 모래 폭풍을 헤쳐 나가기까지 했대요.","Dobra robota! Rekruci wrócili. Żyją i wygląda na to, że mieli wspaniałe doświadczenie. Biwakowali w namiotach, żeby schronić się przed palącym słońcem, a nawet przeszli przez burze piaskowe, używając tylko kompasu i wrodzonego zmysłu orientacji (który w niektórych przypadkach bardziej przypominał desperacki hazard).","Отличная работа! Новобранцы вернулись. Они живы, и, судя по всему, у них остались прекрасные впечатления. Они жили в палатках, чтобы укрыться от палящего солнца, и даже пробирались сквозь песчаные бури, полагаясь только на компас и врожденное чувство направления (которое в некоторых случаях больше походило на отчаянную лотерею).","干得好！新兵们回来了。他们都活着，而且听起来收获了一段很棒的经历。他们在帐篷里扎营躲避烈日，甚至只靠一个指南针和与生俱来的方向感（有时候更像是孤注一掷的赌博）穿越了沙尘暴。","Bom trabalho! Os recrutas voltaram. Estão vivos e parece que tiveram uma ótima experiência. Acamparam em barracas para fugir do sol escaldante e até atravessaram tempestades de areia usando só uma bússola e o senso de direção inato deles (que, em alguns casos, estava mais para uma aposta desesperada).","做得好！新兵們回來了。他們都還活著，而且聽起來度過了一段很棒的經驗。他們在帳篷裡紮營躲避烈日，甚至只靠一個指南針和天生的方向感（有些時候比較像是孤注一擲的賭博）穿越了沙塵暴。","Good job! The recruits be back. They be alive an' it sounds like they had a grand time. They camped in their tents to escape the scorchin' sun an' even navigated through sandstorms usin' only a compass an' their natural sense o' direction (which, in some cases, was more like a desperate gamble).","Одличан посао! Регрути су се вратили. Живи су и звучи као да су имали сјајно искуство. Камповали су у шаторима да би избегли жарко сунце, па су се чак пробијали кроз пешчане олује користећи само компас и урођени осећај за правац (који је у неким случајевима више личио на очајничко коцкање).","Bra jobbat! Rekryterna är tillbaka. De lever och det låter som att de har haft en fantastisk upplevelse. De tältade för att undkomma den brännande solen och tog sig till och med igenom sandstormar med bara en kompass och sitt medfödda lokalsinne (vilket i vissa fall mer liknade ett desperat chansspel).","Bună treabă! Recruții s-au întors. Sunt în viață și se pare că au avut o experiență grozavă. Au campat în corturi ca să scape de soarele arzător și au traversat chiar și furtuni de nisip folosind doar o busolă și simțul lor înnăscut al orientării (care, în unele cazuri, semăna mai mult cu un pariu disperat)."
Missions/Secondary/MTES13/Debrief02,Text,,"One recruit even said it was “the best vacation ever”, which makes me wonder what kind of vacations they were taking before joining the Kerbal Space Center.","Une recrue a même déclaré que c'étaient « les meilleures vacances de sa vie », ce qui me fait me demander quel genre de vacances elle prenait avant de rejoindre le Centre Spatial Kerbal.","Una recluta ha persino detto che è stata ""la vacanza migliore di sempre"", il che mi fa chiedere che tipo di vacanze facesse prima di entrare al Centro Spaziale Kerbal.","Ein Rekrut meinte sogar, es sei „der beste Urlaub aller Zeiten“ gewesen, was mich fragen lässt, was für Urlaube er gemacht hat, bevor er zum Kerbal-Weltraumzentrum kam.","Un recluta incluso dijo que habían sido ""las mejores vacaciones de su vida"", lo que me hace preguntarme qué clase de vacaciones tomaba antes de entrar en el Centro Espacial Kerbal.","ある新人なんて「最高の休暇だった」と言っていました。カーバル宇宙センターに入る前は、いったいどんな休暇を過ごしていたんでしょうね。","한 신병은 '인생 최고의 휴가'였다고까지 했어요. 커벌 우주 센터에 들어오기 전에 대체 어떤 휴가를 보냈던 건지 궁금해지네요.","Jeden rekrut powiedział nawet, że to były „najlepsze wakacje w życiu”, co każe mi się zastanawiać, jakie wakacje spędzał, zanim dołączył do Kerbińskiego Ośrodka Kosmicznego.","Один новобранец даже сказал, что это был «лучший отпуск в жизни», и теперь мне интересно, какой же отпуск у него был до прихода в Кербальский космический центр.","有个新兵甚至说这是“有史以来最棒的假期”，这让我很好奇他在加入坎巴拉航天中心之前都度过了什么样的假期。","Um recruta chegou a dizer que foram ""as melhores férias da vida"", o que me faz pensar que tipo de férias ele tirava antes de entrar no Centro Espacial Kerbal.","有個新兵甚至說這是「有史以來最棒的假期」，這讓我很好奇他在加入坎巴拉太空中心之前，都過的是什麼樣的假期。","One recruit even said it was ""the best shore leave ever"", which makes me wonder what sort o' shore leave they were takin' before joinin' the Kerbal Space Center.","Један регрут је чак рекао да је то био „најбољи одмор икада”, што ме тера да се запитам какве је одморе имао пре него што се придружио Кербалском свемирском центру.","En rekryt sa till och med att det var ”den bästa semestern någonsin”, vilket får mig att undra vilken sorts semestrar de tog innan de gick med i Kerbal Space Center.","Un recrut a spus chiar că a fost „cea mai bună vacanță din viața lui”, ceea ce mă face să mă întreb ce fel de vacanțe își făcea înainte să vină la Kerbal Space Center."
Missions/Secondary/MTES13/Debrief03,Text,,"As for me, I went through a survival training of my own. It was so intense, I barely survived the paperwork.","Quant à moi, j'ai suivi mon propre entraînement à la survie. C'était si intense que j'ai à peine survécu à la paperasse.","Quanto a me, ho affrontato un addestramento di sopravvivenza tutto mio. È stato così intenso che sono sopravvissuta a malapena alle scartoffie.","Was mich betrifft, ich habe mein eigenes Überlebenstraining absolviert. Es war so intensiv, dass ich den Papierkram kaum überlebt habe.","En cuanto a mí, pasé mi propio entrenamiento de supervivencia. Fue tan intenso que apenas sobreviví al papeleo.","私はというと、自分なりのサバイバル訓練を経験しました。あまりに過酷で、書類仕事をかろうじて生き延びたくらいです。","저도 저만의 생존 훈련을 겪었어요. 너무 혹독해서 서류 작업에서 겨우 살아남았답니다.","Co do mnie, przeszłam własne szkolenie z przetrwania. Było tak intensywne, że ledwo przeżyłam papierkową robotę.","Что до меня, я прошла собственное обучение выживанию. Оно было настолько суровым, что я едва пережила бумажную волокиту.","至于我，我也经历了一场属于自己的生存训练。那场训练太激烈了，我差点没能从文书工作中活下来。","Quanto a mim, passei pelo meu próprio treinamento de sobrevivência. Foi tão intenso que mal sobrevivi à papelada.","至於我，我也經歷了一場自己的生存訓練。那場訓練激烈到我差點沒從文書工作裡活下來。","As fer me, I went through a survival trainin' o' me own. It was so fierce, I barely survived the paperwork.","Што се мене тиче, прошла сам сопствену обуку за преживљавање. Била је толико интензивна да сам једва преживела папирологију.","Själv gick jag igenom en egen överlevnadsträning. Den var så intensiv att jag knappt överlevde pappersarbetet.","Cât despre mine, am trecut prin propriul antrenament de supraviețuire. A fost atât de intens încât abia am supraviețuit hârțogăriei."

Missions/Secondary/MTES14/Name,Text,,"Survival Training, II","Entraînement à la survie, II","Addestramento di sopravvivenza, II","Überlebenstraining, II","Entrenamiento de supervivencia, II","サバイバル訓練 II","생존 훈련 II","Szkolenie z przetrwania, II","Обучение выживанию, часть II","生存训练（二）","Treinamento de sobrevivência, II","生存訓練 II","Survival Trainin', II","Обука за преживљавање, II","Överlevnadsträning, II","Antrenament de supraviețuire, II"
Missions/Secondary/MTES14/Description,Text,,"Our new Kerbonaut recruits have proven their mettle in the harsh desert environment where they’ve faced scorching sun, scarce water, and enough sand to fill a small Munar crater. But their training is not over. It’s time to test their resilience in the treacherous Kerbin mountains. It’s a far cry from the flat expanse of the desert. The constant threat of falling will perhaps accustom them to weightlessness!

May their survival skills be <i>peak</i> performance!

Sidenote: explosions are considered a valid form of signaling for help.

Sidenote 2: we’d prefer they use them as a last resort. We don't want to start any avalanches.","Nos nouvelles recrues kerbonautes ont fait leurs preuves dans le rude environnement du désert, où elles ont affronté un soleil brûlant, une eau rare et assez de sable pour remplir un petit cratère munaire. Mais leur entraînement n'est pas terminé. Il est temps de tester leur résistance dans les montagnes traîtresses de Kerbin. On est loin des étendues plates du désert. La menace constante de chuter les habituera peut-être à l'apesanteur !

Que leurs compétences de survie atteignent des <i>sommets</i> !

Remarque : les explosions sont considérées comme un moyen valable d'appeler à l'aide.

Remarque n° 2 : nous préférerions qu'ils n'y aient recours qu'en dernier ressort. Nous ne voulons pas déclencher d'avalanches.","Le nostre nuove reclute kerbonaute hanno dimostrato il loro valore nell'ostile ambiente del deserto, dove hanno affrontato sole cocente, acqua scarsa e abbastanza sabbia da riempire un piccolo cratere munare. Ma il loro addestramento non è finito. È ora di mettere alla prova la loro resistenza sulle insidiose montagne di Kerbin. Tutt'altra cosa rispetto alle distese piatte del deserto. La costante minaccia di cadere li abituerà forse all'assenza di gravità!

Che le loro capacità di sopravvivenza raggiungano la <i>vetta</i>!

Nota: le esplosioni sono considerate un modo valido per chiedere aiuto.

Nota 2: preferiremmo che le usassero come ultima risorsa. Non vogliamo provocare valanghe.","Unsere neuen Kerbonauten-Rekruten haben sich in der rauen Wüstenumgebung bewährt, wo sie sengender Sonne, knappem Wasser und genug Sand getrotzt haben, um einen kleinen Mun-Krater zu füllen. Aber ihr Training ist noch nicht vorbei. Zeit, ihre Widerstandskraft in den tückischen Bergen von Kerbin zu testen. Das ist etwas ganz anderes als die flache Weite der Wüste. Die ständige Absturzgefahr gewöhnt sie vielleicht an die Schwerelosigkeit!

Mögen ihre Überlebenskünste <i>Gipfel</i>leistungen erreichen!

Randbemerkung: Explosionen gelten als zulässige Methode, um Hilfe zu rufen.

Randbemerkung 2: Uns wäre lieber, sie nutzen sie nur als letztes Mittel. Wir wollen keine Lawinen auslösen.","Nuestros nuevos reclutas kerbonautas han demostrado su valía en el duro entorno del desierto, donde se enfrentaron a un sol abrasador, agua escasa y arena suficiente para llenar un pequeño cráter munar. Pero su entrenamiento no ha terminado. Ha llegado la hora de poner a prueba su resistencia en las traicioneras montañas de Kerbin. Nada que ver con la llanura del desierto. ¡La amenaza constante de caer quizá los acostumbre a la ingravidez!

¡Que sus habilidades de supervivencia lleguen a la <i>cumbre</i>!

Nota: las explosiones se consideran una forma válida de pedir ayuda.

Nota 2: preferiríamos que las usaran como último recurso. No queremos provocar ninguna avalancha.","カーバル宇宙飛行士の新人たちは、過酷な砂漠の環境でその実力を証明しました。焼けつく日差し、乏しい水、そして小さなムンのクレーターを埋められるほどの砂に立ち向かったんです。でも、訓練はまだ終わっていません。今度は危険なカービンの山岳地帯で、彼らの粘り強さを試す時です。平らな砂漠とはまるで違います。常に落下の危険があることで、無重力に慣れることができるかもしれません！

彼らのサバイバル技術が<i>頂点</i>に達しますように！

追記：爆発は、助けを求める合図として有効な手段とみなされます。

追記2：できれば最後の手段にしてほしいです。雪崩を起こしたくはありませんから。","우리 신입 커보너츠들은 혹독한 사막 환경에서 실력을 증명했어요. 타는 듯한 햇볕, 부족한 물, 그리고 작은 문의 크레이터를 채울 만큼 많은 모래와 맞섰죠. 하지만 훈련은 아직 끝나지 않았어요. 이제 위험한 커빈의 산악 지대에서 그들의 끈기를 시험할 때예요. 평평한 사막과는 전혀 달라요. 끊임없이 추락할 위험이 있으니 무중력에 익숙해질지도 모르겠어요!

그들의 생존 기술이 <i>정상</i>에 오르기를!

추신: 폭발은 도움을 요청하는 유효한 신호 수단으로 간주됩니다.

추신 2: 최후의 수단으로만 써 주셨으면 해요. 눈사태를 일으키고 싶지는 않거든요.","Nasi nowi rekruci kerbonautów sprawdzili się w surowych warunkach pustyni, gdzie stawili czoła palącemu słońcu, niedoborowi wody i takiej ilości piasku, że wystarczyłoby jej do zasypania małego krateru na Munie. Ale ich szkolenie się nie skończyło. Pora sprawdzić ich wytrzymałość w zdradliwych górach Kerbina. To zupełnie co innego niż płaska pustynia. Ciągłe ryzyko upadku może przyzwyczai ich do nieważkości!

Niech ich umiejętności przetrwania sięgną <i>szczytu</i>!

Uwaga: eksplozje są uznawane za prawidłowy sposób wzywania pomocy.

Uwaga 2: wolelibyśmy, żeby używali ich w ostateczności. Nie chcemy wywołać żadnych lawin.","Наши новобранцы-кербонавты проявили себя в суровых условиях пустыни, где столкнулись с палящим солнцем, нехваткой воды и таким количеством песка, что им можно заполнить небольшой кратер на Муне. Но их обучение еще не закончено. Пора проверить их стойкость в коварных горах Кербина. Это совсем не то, что ровные просторы пустыни. Постоянная угроза падения, возможно, приучит их к невесомости!

Пусть их навыки выживания достигнут <i>вершины</i>!

Примечание: взрывы считаются допустимым способом подачи сигнала о помощи.

Примечание 2: мы бы предпочли, чтобы они прибегали к ним в крайнем случае. Мы не хотим вызвать лавину.","我们的新坎巴拉宇航员已经在严酷的沙漠环境中证明了自己的实力，他们战胜了烈日、缺水，还有多到能填满一个小型Mun陨石坑的沙子。但他们的训练还没结束。是时候在险峻的Kerbin山区考验他们的韧性了。这和平坦的沙漠可完全不同。时刻面临坠落的威胁，说不定能让他们适应失重！

愿他们的生存技能登上<i>巅峰</i>！

附注：爆炸被视为一种有效的求救信号方式。

附注2：我们希望他们只在万不得已时才使用。我们可不想引发雪崩。","Nossos novos recrutas kerbonautas provaram seu valor no ambiente hostil do deserto, onde enfrentaram sol escaldante, água escassa e areia suficiente para encher uma pequena cratera da Mun. Mas o treinamento deles não acabou. É hora de testar a resistência deles nas traiçoeiras montanhas de Kerbin. É bem diferente da planície do deserto. A ameaça constante de queda talvez os acostume à falta de gravidade!

Que suas habilidades de sobrevivência cheguem ao <i>topo</i>!

Observação: explosões são consideradas uma forma válida de pedir ajuda.

Observação 2: preferimos que as usem como último recurso. Não queremos causar avalanches.","我們的新坎巴拉太空人已經在嚴酷的沙漠環境中證明了自己，他們挺過了烈日、缺水，還有多到可以填滿一個小型穆恩星隕石坑的沙子。但他們的訓練還沒結束。該在險峻的坎巴拉星山區考驗他們的韌性了。這和平坦的沙漠完全不一樣。時時刻刻都有摔落的危險，說不定能讓他們適應失重！

願他們的生存技能登上<i>巔峰</i>！

附註：爆炸被視為一種有效的求救信號方式。

附註2：我們希望他們只在萬不得已時才使用。我們可不想引發雪崩。","Our new Kerbonaut recruits have proven their mettle in the harsh desert, where they faced scorchin' sun, scarce water, an' enough sand to fill a small Munar crater. But their trainin' ain't over. It be time to test their grit in the treacherous Kerbin mountains. It be a far cry from the flat stretch o' the desert. The constant threat o' fallin' might get them used to weightlessness!

May their survival skills reach the <i>peak</i>!

Sidenote: explosions be considered a fine way o' signalin' fer help.

Sidenote 2: we'd prefer they use them as a last resort. We don't want to start any avalanches.","Наши нови регрути кербонаути доказали су се у суровом пустињском окружењу, где су се суочили са жарким сунцем, оскудицом воде и довољно песка да се напуни мали кратер на Муну. Али њихова обука није завршена. Време је да се њихова издржљивост тестира на подмуклим планинама Кербина. То је нешто сасвим друго од равне пустиње. Стална опасност од пада можда ће их навикнути на бестежинско стање!

Нека њихове вештине преживљавања достигну <i>врхунац</i>!

Напомена: експлозије се сматрају ваљаним начином позивања у помоћ.

Напомена 2: више бисмо волели да их користе као последње средство. Не желимо да изазовемо лавине.","Våra nya kerbonautrekryter har visat vad de går för i den hårda ökenmiljön, där de har trotsat brännande sol, knappt med vatten och tillräckligt med sand för att fylla en liten munkrater. Men deras träning är inte över. Det är dags att testa deras motståndskraft i Kerbins förrädiska berg. Det är något helt annat än öknens platta vidder. Det ständiga hotet om att falla kanske vänjer dem vid tyngdlöshet!

Må deras överlevnadsfärdigheter nå <i>toppen</i>!

Anmärkning: explosioner räknas som ett giltigt sätt att signalera efter hjälp.

Anmärkning 2: vi föredrar att de använder dem som en sista utväg. Vi vill inte utlösa några laviner.","Noii noștri recruți kerbonauți și-au dovedit valoarea în mediul aspru al deșertului, unde au înfruntat soarele arzător, lipsa apei și suficient nisip cât să umple un mic crater de pe Mun. Dar antrenamentul lor nu s-a încheiat. E timpul să le testăm rezistența în munții perfizi ai lui Kerbin. E cu totul altceva decât întinderea plată a deșertului. Amenințarea constantă a căderii îi va obișnui poate cu imponderabilitatea!

Fie ca abilitățile lor de supraviețuire să atingă <i>culmea</i>!

Notă: exploziile sunt considerate o modalitate validă de a cere ajutor.

Notă 2: am prefera să le folosească doar ca ultimă soluție. Nu vrem să declanșăm avalanșe."
Missions/Secondary/MTES14/Objective,Text,,"Ferry three Kerbals in the mountains.","Emmener trois Kerbals dans les montagnes.","Porta tre Kerbal in montagna.","Bringe drei Kerbals in die Berge.","Lleva a tres kerbals a las montañas.","3人のカーバルを山岳地帯に送り届ける。","커벌 3명을 산으로 데려가세요.","Przetransportuj trzech Kerbali w góry.","Доставьте трех кербалов в горы.","将三名坎巴拉人送到山区。","Leve três Kerbals às montanhas.","把三名坎巴拉人送到山區。","Ferry three Kerbals to the mountains.","Пребаците три кербала у планине.","Flyg tre kerbaler till bergen.","Duceți trei kerbali în munți."
Missions/Secondary/MTES14/Debrief01,Text,,"So how did that training go? I heard they all made it back intact! It sounds like they truly earned their Kerbonaut wings.","Alors, comment s'est passé cet entraînement ? J'ai entendu dire qu'ils étaient tous revenus en un seul morceau ! On dirait qu'ils ont vraiment mérité leurs ailes de kerbonautes.","Allora, com'è andato l'addestramento? Ho sentito che sono tornati tutti interi! Sembra che si siano davvero guadagnati le ali da kerbonauti.","Und, wie lief das Training? Ich habe gehört, sie sind alle heil zurückgekommen! Klingt, als hätten sie sich ihre Kerbonauten-Flügel wirklich verdient.","¿Qué tal fue el entrenamiento? ¡Me han dicho que todos volvieron enteros! Parece que de verdad se han ganado sus alas de kerbonauta.","それで、訓練はどうでした？ 全員無事に帰ってきたと聞きました！ カーバル宇宙飛行士の翼を本当に勝ち取ったみたいですね。","그래서 훈련은 어땠어요? 다들 무사히 돌아왔다고 들었어요! 커보너츠의 날개를 제대로 얻은 것 같네요.","No i jak poszło szkolenie? Słyszałam, że wszyscy wrócili w jednym kawałku! Wygląda na to, że naprawdę zasłużyli na swoje skrzydła kerbonautów.","Ну, как прошло обучение? Я слышала, все вернулись целыми и невредимыми! Похоже, они действительно заслужили свои крылья кербонавтов.","训练进行得怎么样？我听说他们全都完好无损地回来了！听起来他们真的赢得了坎巴拉宇航员之翼。","E aí, como foi o treinamento? Ouvi dizer que todos voltaram inteiros! Parece que eles realmente conquistaram suas asas de kerbonauta.","所以訓練進行得怎麼樣？我聽說他們全都毫髮無傷地回來了！聽起來他們真的贏得了坎巴拉太空人之翼。","So how did that trainin' go? I heard they all made it back in one piece! It sounds like they truly earned their Kerbonaut wings.","Па, како је прошла обука? Чула сам да су се сви вратили читави! Звучи као да су заиста заслужили своја кербонаутска крила.","Så hur gick träningen? Jag hörde att alla kom tillbaka hela! Det låter som att de verkligen har förtjänat sina kerbonautvingar.","Deci, cum a mers antrenamentul? Am auzit că s-au întors toți întregi! Se pare că și-au câștigat cu adevărat aripile de kerbonaut."
Missions/Secondary/MTES14/Debrief02,Text,,"I also heard they started a fire in the pouring rain using a rocket engine! Which, while technically within the rules, did raise a few eyebrows here in <style=""KSC-Mission-Control"">Mission Control</style>. But hey, it worked! And that’s what matters, right?","J'ai aussi entendu dire qu'ils avaient allumé un feu sous une pluie battante à l'aide d'un moteur de fusée ! Ce qui, bien que techniquement conforme au règlement, a fait hausser quelques sourcils ici au <style=""KSC-Mission-Control"">Contrôle mission</style>. Mais bon, ça a marché ! Et c'est ce qui compte, non ?","Ho anche sentito che hanno acceso un fuoco sotto la pioggia battente usando un motore a razzo! Cosa che, pur essendo tecnicamente nel regolamento, ha fatto alzare qualche sopracciglio qui al <style=""KSC-Mission-Control"">Controllo Missioni</style>. Ma ehi, ha funzionato! Ed è questo che conta, no?","Ich habe auch gehört, dass sie im strömenden Regen mit einem Raketentriebwerk ein Feuer gemacht haben! Was, obwohl technisch regelkonform, hier im <style=""KSC-Mission-Control"">Missionszentrum</style> für einige hochgezogene Augenbrauen gesorgt hat. Aber hey, es hat funktioniert! Und darauf kommt es an, oder?","¡También me han contado que encendieron una hoguera bajo un aguacero usando un motor de cohete! Algo que, aunque técnicamente está dentro de las normas, hizo levantar más de una ceja aquí en <style=""KSC-Mission-Control"">Control de misión</style>. Pero oye, ¡funcionó! Y eso es lo que importa, ¿no?","土砂降りの雨の中、ロケットエンジンを使って火をおこしたとも聞きました！ 厳密にはルールの範囲内とはいえ、ここ<style=""KSC-Mission-Control"">ミッションコントロールセンター</style>では何人か眉をひそめていました。でも、うまくいったんです！ 大事なのはそこですよね？","퍼붓는 빗속에서 로켓 엔진으로 불을 피웠다는 얘기도 들었어요! 엄밀히 말하면 규칙 위반은 아니지만, 여기 <style=""KSC-Mission-Control"">우주 비행 관제소</style>에서 몇몇 사람들이 눈썹을 치켜올렸어요. 그래도 통했잖아요! 그게 중요한 거죠, 그렇죠?","Słyszałam też, że rozpalili ognisko w ulewnym deszczu za pomocą silnika rakietowego! Co, choć technicznie mieściło się w regulaminie, wywołało tu, w <style=""KSC-Mission-Control"">kontroli misji</style>, kilka uniesionych brwi. Ale hej, zadziałało! A to się liczy, prawda?","А еще я слышала, что они развели костер под проливным дождем с помощью ракетного двигателя! Хотя формально это не нарушает правил, здесь, в <style=""KSC-Mission-Control"">Центре аэрокосмических программ</style>, кое у кого брови поползли вверх. Но ведь сработало! А это главное, верно?","我还听说他们在倾盆大雨中用火箭发动机生了一堆火！虽然严格来说这并不违反规定，但还是让我们<style=""KSC-Mission-Control"">任务控制中心</style>的一些人皱起了眉头。不过嘿，成功了！这才是最重要的，对吧？","Também ouvi dizer que eles acenderam uma fogueira debaixo de chuva torrencial usando um motor de foguete! O que, embora tecnicamente dentro das regras, fez algumas sobrancelhas se erguerem aqui no <style=""KSC-Mission-Control"">Controle de Missão</style>. Mas, ei, funcionou! E é isso que importa, certo?","我還聽說他們在傾盆大雨中用火箭引擎生了一堆火！雖然嚴格說來沒有違反規定，但還是讓我們<style=""KSC-Mission-Control"">任務控制中心</style>有些人皺起了眉頭。不過嘿，成功了！這才是最重要的，對吧？","I also heard they started a fire in the pourin' rain usin' a rocket engine! Which, while technically within the code, did raise a few eyebrows here in <style=""KSC-Mission-Control"">Mission Control</style>. But hey, it worked! An' that be what matters, right?","Чула сам и да су запалили ватру по пљуску помоћу ракетног мотора! Што је, иако технички у оквиру правила, изазвало подизање неколико обрва овде у <style=""KSC-Mission-Control"">Контроли мисије</style>. Али, ето, успело је! А то је оно што је важно, зар не?","Jag hörde också att de tände en eld i ösregnet med hjälp av en raketmotor! Vilket, även om det tekniskt sett var inom reglerna, fick några ögonbryn att höjas här på <style=""KSC-Mission-Control"">Uppdragskontrollen</style>. Men hallå, det fungerade! Och det är det som räknas, eller hur?","Am mai auzit că au aprins un foc pe o ploaie torențială folosind un motor de rachetă! Ceea ce, deși tehnic în regulă, a făcut ca câteva sprâncene să se ridice aici, la <style=""KSC-Mission-Control"">Controlul Misiunii</style>. Dar, hei, a funcționat! Și asta contează, nu?"
Missions/Secondary/MTES14/Debrief03,Text,,"They’re now fully qualified Kerbonauts! They are ready to explore the cosmos. We have a new generation of explorers ready to boldly go where no Kerbal has gone before! Now… let's get them some rockets!","Ce sont désormais des kerbonautes pleinement qualifiés ! Ils sont prêts à explorer le cosmos. Nous avons une nouvelle génération d'explorateurs prêts à aller, avec audace, là où aucun Kerbal n'est jamais allé ! Maintenant… trouvons-leur des fusées !","Ora sono kerbonauti pienamente qualificati! Sono pronti a esplorare il cosmo. Abbiamo una nuova generazione di esploratori pronti ad arrivare coraggiosamente là dove nessun Kerbal è mai giunto prima! Ora… procuriamogli dei razzi!","Jetzt sind sie voll ausgebildete Kerbonauten! Sie sind bereit, den Kosmos zu erkunden. Wir haben eine neue Generation von Entdeckern, die bereit ist, mutig dorthin zu gehen, wo noch nie ein Kerbal zuvor gewesen ist! Und jetzt… besorgen wir ihnen ein paar Raketen!","¡Ya son kerbonautas plenamente cualificados! Están listos para explorar el cosmos. ¡Tenemos una nueva generación de exploradores lista para llegar audazmente adonde ningún kerbal ha llegado jamás! Y ahora… ¡a conseguirles unos cohetes!","彼らはこれで正式な資格を持つカーバル宇宙飛行士です！ 宇宙を探検する準備ができました。どのカーバルも行ったことのない場所へ、大胆に進む準備ができた新世代の探検家たちがここにいます！ さあ…ロケットを用意してあげましょう！","이제 그들은 완전한 자격을 갖춘 커보너츠예요! 우주를 탐험할 준비가 되었어요. 어떤 커벌도 가 보지 못한 곳으로 대담하게 나아갈 준비가 된 새로운 세대의 탐험가들이 생겼어요! 자… 이제 로켓을 마련해 줘야죠!","Teraz są w pełni wykwalifikowanymi kerbonautami! Są gotowi badać kosmos. Mamy nowe pokolenie odkrywców gotowych śmiało dotrzeć tam, gdzie nie dotarł jeszcze żaden Kerbal! A teraz… załatwmy im jakieś rakiety!","Теперь они полностью квалифицированные кербонавты! Они готовы исследовать космос. У нас есть новое поколение исследователей, готовых смело отправиться туда, где еще не ступала нога кербала! А теперь… давайте раздобудем им ракеты!","他们现在是完全合格的坎巴拉宇航员了！他们已经准备好探索宇宙。我们有了新一代的探险家，准备勇敢地前往从未有坎巴拉人涉足的地方！现在……给他们弄几枚火箭吧！","Agora eles são kerbonautas totalmente qualificados! Estão prontos para explorar o cosmos. Temos uma nova geração de exploradores pronta para ir audaciosamente aonde nenhum Kerbal jamais esteve! Agora… vamos arranjar uns foguetes para eles!","他們現在是完全合格的坎巴拉太空人了！他們已經準備好探索宇宙。我們有了新一代的探險家，準備勇敢地前往從來沒有坎巴拉人去過的地方！現在……幫他們弄幾枚火箭吧！","They be now fully qualified Kerbonauts! They be ready to explore the cosmos. We have a new generation o' explorers ready to boldly sail where no Kerbal has sailed before! Now… let's get them some rockets!","Сада су потпуно квалификовани кербонаути! Спремни су да истражују космос. Имамо нову генерацију истраживача спремних да храбро оду тамо где ниједан кербал пре није био! А сада… хајде да им набавимо неке ракете!","Nu är de fullt kvalificerade kerbonauter! De är redo att utforska kosmos. Vi har en ny generation upptäcktsresande redo att djärvt bege sig dit ingen kerbal har varit förut! Och nu… låt oss skaffa dem några raketer!","Acum sunt kerbonauți pe deplin calificați! Sunt pregătiți să exploreze cosmosul. Avem o nouă generație de exploratori gata să meargă cu îndrăzneală acolo unde niciun kerbal n-a mai ajuns! Iar acum… hai să le facem rost de niște rachete!"

Missions/Secondary/MTES10/Name,Text,,"The Outpost","L'avant-poste","L'avamposto","Der Außenposten","El puesto avanzado","前哨基地","전초기지","Placówka","Аванпост","前哨站","O posto avançado","前哨站","The Outpost","Испостава","Utposten","Avanpostul"
Missions/Secondary/MTES10/Description,Text,,"The discovery of that monument on Minmus has generated a huge amount of public interest. Everyone’s talking about Kerbina, the Builders, and what it all means. Management wants to capitalize on this excitement and show the public that we’re taking this seriously. They want a visible, tangible demonstration of our commitment to understanding this mystery.

And that, Director, means establishing a permanent outpost on Minmus, right near the monument. A place where our scientists can conduct in-depth research and analyze the monument firsthand.

This outpost must be designed to accommodate a crew of five Kerbals, allowing for extended research stays. To meet the minimum requirements, the outpost must include:

At least one “Hitchhiker” crew cabin to provide living space.

A RA-15 antenna for reliable communication with Kerbin.

Sufficient lighting to illuminate the area around the outpost, especially at night. We don't want our scientists tripping over any minty rocks.

Also, make sure the outpost is visually impressive for any future… <i>publicity photos</i>.

This mission is about more than just science, it’s about demonstrating our dedication to exploring the unknown. Plus, having a permanent base on Minmus is just plain cool.","La découverte de ce monument sur Minmus a suscité un énorme intérêt du public. Tout le monde parle de Kerbina, des Bâtisseurs et de ce que tout cela signifie. La direction veut profiter de cet engouement et montrer au public que nous prenons l'affaire au sérieux. Elle veut une démonstration visible et concrète de notre engagement à percer ce mystère.

Et cela, directeur, signifie établir un avant-poste permanent sur Minmus, tout près du monument. Un lieu où nos scientifiques pourront mener des recherches approfondies et étudier le monument de près.

Cet avant-poste doit être conçu pour accueillir un équipage de cinq Kerbals, afin de permettre des séjours de recherche prolongés. Pour répondre aux exigences minimales, l'avant-poste doit comprendre :

Au moins une cabine d'équipage « Voyageur galactique » pour servir de lieu de vie.

Une antenne RA-15 pour une communication fiable avec Kerbin.

Un éclairage suffisant pour illuminer les abords de l'avant-poste, surtout la nuit. Nous ne voulons pas que nos scientifiques trébuchent sur des rochers mentholés.

Veillez aussi à ce que l'avant-poste soit visuellement impressionnant pour de futures… <i>photos promotionnelles</i>.

Cette mission ne se limite pas à la science : il s'agit de démontrer notre détermination à explorer l'inconnu. Et puis, avoir une base permanente sur Minmus, c'est tout simplement génial.","La scoperta di quel monumento su Minmus ha suscitato un enorme interesse nel pubblico. Tutti parlano di Kerbina, dei Costruttori e di cosa significhi tutto questo. La direzione vuole sfruttare questo entusiasmo e mostrare al pubblico che prendiamo la cosa sul serio. Vuole una dimostrazione visibile e concreta del nostro impegno a comprendere questo mistero.

E questo, direttore, significa stabilire un avamposto permanente su Minmus, proprio vicino al monumento. Un luogo dove i nostri scienziati possano condurre ricerche approfondite e analizzare il monumento di persona.

L'avamposto deve essere progettato per ospitare un equipaggio di cinque Kerbal, per consentire soggiorni di ricerca prolungati. Per soddisfare i requisiti minimi, l'avamposto deve includere:

Almeno una cabina per equipaggio ""Autostoppisti"" come spazio abitativo.

Un'antenna RA-15 per comunicazioni affidabili con Kerbin.

Un'illuminazione sufficiente per rischiarare l'area intorno all'avamposto, soprattutto di notte. Non vogliamo che i nostri scienziati inciampino su qualche roccia alla menta.

Inoltre, assicurati che l'avamposto sia d'impatto per eventuali future… <i>foto pubblicitarie</i>.

Questa missione non riguarda solo la scienza: si tratta di dimostrare la nostra dedizione all'esplorazione dell'ignoto. E poi, avere una base permanente su Minmus è semplicemente fantastico.","Die Entdeckung dieses Monuments auf Minmus hat ein enormes öffentliches Interesse geweckt. Alle reden über Kerbina, die Erbauer und was das alles bedeutet. Die Geschäftsleitung will diese Begeisterung nutzen und der Öffentlichkeit zeigen, dass wir die Sache ernst nehmen. Sie will eine sichtbare, greifbare Demonstration unseres Engagements, dieses Rätsel zu lösen.

Und das, Direktor, bedeutet, einen dauerhaften Außenposten auf Minmus zu errichten, direkt neben dem Monument. Einen Ort, an dem unsere Wissenschaftler eingehende Forschung betreiben und das Monument aus erster Hand analysieren können.

Dieser Außenposten muss für eine Besatzung von fünf Kerbals ausgelegt sein, um längere Forschungsaufenthalte zu ermöglichen. Um die Mindestanforderungen zu erfüllen, muss der Außenposten Folgendes umfassen:

Mindestens eine Crew-Kabine „Hitchhiker“ als Wohnraum.

Eine RA-15-Antenne für eine zuverlässige Kommunikation mit Kerbin.

Ausreichend Beleuchtung, um die Umgebung des Außenpostens zu erhellen, besonders nachts. Wir wollen nicht, dass unsere Wissenschaftler über minzige Felsen stolpern.

Sorg außerdem dafür, dass der Außenposten für künftige… <i>Werbefotos</i> optisch beeindruckend ist.

Bei dieser Mission geht es um mehr als nur Wissenschaft: Es geht darum, unsere Hingabe an die Erforschung des Unbekannten zu demonstrieren. Außerdem ist eine dauerhafte Basis auf Minmus einfach cool.","El descubrimiento de ese monumento en Minmus ha despertado un enorme interés en el público. Todo el mundo habla de Kerbina, de los constructores y de lo que significa todo esto. La dirección quiere aprovechar este entusiasmo y demostrar al público que nos lo tomamos en serio. Quiere una demostración visible y tangible de nuestro compromiso por comprender este misterio.

Y eso, dire, significa establecer un puesto avanzado permanente en Minmus, justo al lado del monumento. Un lugar donde nuestros científicos puedan investigar a fondo y analizar el monumento de primera mano.

Este puesto avanzado debe estar diseñado para alojar a una tripulación de cinco kerbals y permitir estancias de investigación prolongadas. Para cumplir los requisitos mínimos, el puesto avanzado debe incluir:

Al menos una cabina de tripulación ""Mochilera"" como espacio habitable.

Una antena RA-15 para tener una comunicación fiable con Kerbin.

Iluminación suficiente para alumbrar la zona alrededor del puesto avanzado, sobre todo por la noche. No queremos que nuestros científicos tropiecen con alguna roca mentolada.

Además, asegúrate de que el puesto avanzado luzca impresionante para futuras… <i>fotos promocionales</i>.

Esta misión va más allá de la ciencia: se trata de demostrar nuestra dedicación a explorar lo desconocido. Y además, tener una base permanente en Minmus mola muchísimo.","ミンマスのあのモニュメントの発見は、世間の大きな関心を集めています。誰もがカービナや建設者のこと、そしてそれが何を意味するのかを話題にしています。経営陣はこの盛り上がりを利用して、私たちが真剣に取り組んでいることを世間に示したいと考えています。この謎の解明に向けた私たちの姿勢を、目に見える具体的な形で示したいんです。

そしてそれは、所長、モニュメントのすぐそばのミンマスに恒久的な前哨基地を建設するということです。科学者たちが徹底的な研究を行い、モニュメントを直接分析できる場所です。

この前哨基地は、長期の研究滞在ができるよう、5人のカーバルのクルーを収容できるように設計する必要があります。最低要件を満たすには、前哨基地に以下が必要です：

居住空間となる「ヒッチハイカー」クルーキャビンを少なくとも1つ。

カービンとの確実な通信のためのRA-15アンテナ。

特に夜間に前哨基地の周囲を照らせる十分な照明。科学者たちにミント味の岩につまずいてほしくありませんから。

それと、将来の…<i>宣伝用写真</i>のために、前哨基地が見た目にも印象的になるようにしてください。

このミッションは科学だけの話ではありません。未知の探求に対する私たちの献身を示すことなんです。それに、ミンマスに恒久的な基地があるなんて、単純にかっこいいじゃないですか。","민무스에서 발견된 그 유적은 대중의 엄청난 관심을 불러일으켰어요. 다들 커비나와 건축가들, 그리고 그 모든 것이 무엇을 의미하는지 이야기하고 있어요. 경영진은 이 열기를 활용해서 우리가 이 일을 진지하게 받아들이고 있다는 걸 대중에게 보여주고 싶어 해요. 이 수수께끼를 이해하려는 우리의 의지를 눈에 보이는 구체적인 형태로 보여주길 원하죠.

그리고 그건, 국장님, 유적 바로 옆 민무스에 영구 전초기지를 세운다는 뜻이에요. 과학자들이 심도 있는 연구를 하고 유적을 직접 분석할 수 있는 곳이요.

이 전초기지는 장기 연구 체류가 가능하도록 커벌 5명의 승무원을 수용할 수 있게 설계되어야 해요. 최소 요건을 충족하려면 전초기지에 다음이 포함되어야 해요.

생활 공간이 될 ""히치하이커"" 승무원 객실 최소 1개.

커빈과의 안정적인 통신을 위한 RA-15 안테나.

특히 밤에 전초기지 주변을 밝힐 충분한 조명. 과학자들이 민트 맛 바위에 걸려 넘어지면 안 되니까요.

그리고 앞으로의… <i>홍보 사진</i>을 위해 전초기지가 보기에도 인상적이도록 해 주세요.

이 임무는 과학 그 이상이에요. 미지를 탐험하려는 우리의 헌신을 보여주는 일이에요. 게다가 민무스에 영구 기지가 있다니, 그냥 멋지잖아요.","Odkrycie tego monumentu na Minmusie wzbudziło ogromne zainteresowanie opinii publicznej. Wszyscy mówią o bogini Kerbinie, Budowniczych i o tym, co to wszystko znaczy. Zarząd chce wykorzystać to podekscytowanie i pokazać opinii publicznej, że traktujemy sprawę poważnie. Chce widocznego, namacalnego dowodu naszego zaangażowania w zrozumienie tej zagadki.

A to, dyrektorze, oznacza założenie stałej placówki na Minmusie, tuż obok monumentu. Miejsca, w którym nasi naukowcy będą mogli prowadzić dogłębne badania i analizować monument z pierwszej ręki.

Placówka musi być zaprojektowana dla pięcioosobowej załogi Kerbali, aby umożliwić dłuższe pobyty badawcze. Aby spełnić minimalne wymagania, placówka musi zawierać:

Co najmniej jedną kabinę załogową „Autostopowicz” jako przestrzeń mieszkalną.

Antenę RA-15 do niezawodnej łączności z Kerbinem.

Wystarczające oświetlenie, aby oświetlić teren wokół placówki, zwłaszcza w nocy. Nie chcemy, żeby nasi naukowcy potykali się o miętowe kamienie.

Zadbaj też o to, żeby placówka robiła wrażenie na przyszłych… <i>zdjęciach promocyjnych</i>.

Ta misja to coś więcej niż nauka: chodzi o pokazanie naszego zaangażowania w odkrywanie nieznanego. Poza tym stała baza na Minmusie to po prostu coś fajnego.","Открытие того монумента на Минмусе вызвало огромный общественный интерес. Все говорят о богине Кербине, Строителях и о том, что все это значит. Руководство хочет воспользоваться этим ажиотажем и показать общественности, что мы относимся к делу серьезно. Им нужно наглядное, осязаемое доказательство нашей решимости разгадать эту тайну.

А это, директор, означает создание постоянного аванпоста на Минмусе, прямо рядом с монументом. Места, где наши ученые смогут проводить углубленные исследования и изучать монумент непосредственно.

Аванпост должен быть рассчитан на экипаж из пяти кербалов, чтобы обеспечить длительное пребывание исследователей. Чтобы соответствовать минимальным требованиям, аванпост должен включать:

Как минимум одну кабину экипажа «Хитчхайкер» в качестве жилого помещения.

Антенну RA-15 для надежной связи с Кербином.

Достаточное освещение территории вокруг аванпоста, особенно ночью. Мы не хотим, чтобы наши ученые спотыкались о мятные камни.

Кроме того, проследите, чтобы аванпост внушительно смотрелся на будущих… <i>рекламных фотографиях</i>.

Эта миссия — не только о науке, она о демонстрации нашей преданности исследованию неизведанного. К тому же постоянная база на Минмусе — это просто круто.","Minmus上那座纪念碑的发现引起了公众的极大兴趣。大家都在谈论Kerbina、建筑师，以及这一切意味着什么。管理层想趁着这股热潮，向公众展示我们是认真对待这件事的。他们希望以看得见、摸得着的方式，展示我们解开这个谜团的决心。

而这，局长，意味着要在Minmus上紧挨着纪念碑建立一座永久性前哨站。一个让我们的科学家可以进行深入研究、直接分析纪念碑的地方。

这座前哨站的设计必须能容纳五名坎巴拉人组成的乘组，以便进行长期的科研驻留。为了满足最低要求，前哨站必须包括：

至少一个“乘员贮存容器”乘员舱，用作生活空间。

一副RA-15天线，用于与Kerbin保持可靠通信。

足够的照明，照亮前哨站周围的区域，尤其是在夜间。我们可不希望科学家们被薄荷味的石头绊倒。

另外，确保前哨站在未来的……<i>宣传照片</i>里看起来足够气派。

这项任务的意义不仅仅在于科学，更在于展示我们探索未知的执着。再说了，在Minmus上拥有一座永久基地，简直太酷了。","A descoberta daquele monumento em Minmus gerou um enorme interesse do público. Todo mundo está falando de Kerbina, dos Construtores e do que tudo isso significa. A diretoria quer aproveitar essa empolgação e mostrar ao público que estamos levando isso a sério. Eles querem uma demonstração visível e concreta do nosso compromisso em entender esse mistério.

E isso, Diretor, significa estabelecer um posto avançado permanente em Minmus, bem perto do monumento. Um lugar onde nossos cientistas possam fazer pesquisas aprofundadas e analisar o monumento de perto.

Esse posto avançado precisa ser projetado para abrigar uma tripulação de cinco Kerbals, permitindo estadias de pesquisa prolongadas. Para atender aos requisitos mínimos, o posto avançado deve incluir:

Pelo menos uma cabine de tripulação ""Mochileiro"" como espaço de convivência.

Uma antena RA-15 para comunicação confiável com Kerbin.

Iluminação suficiente para iluminar a área ao redor do posto avançado, principalmente à noite. Não queremos nossos cientistas tropeçando em pedras mentoladas.

Além disso, garanta que o posto avançado fique visualmente impressionante para futuras… <i>fotos publicitárias</i>.

Esta missão é sobre mais do que só ciência: é sobre demonstrar nossa dedicação a explorar o desconhecido. E, além do mais, ter uma base permanente em Minmus é simplesmente muito legal.","明穆斯星上那座紀念雕像的發現，引起了大眾極大的興趣。大家都在討論坎巴拉娜、蓋東西達人，以及這一切代表什麼意義。管理階層想趁著這股熱潮，向大眾展示我們是認真看待這件事的。他們希望用看得見、摸得著的方式，展現我們解開這個謎團的決心。

而這，總監，代表要在明穆斯星上緊鄰紀念雕像的地方建立一座永久前哨站。一個讓我們的科學家可以進行深入研究、親自分析紀念雕像的地方。

這座前哨站必須設計成能容納五名坎巴拉人組員，以便進行長期的研究駐留。為了符合最低要求，前哨站必須包括：

至少一個「銀河便車」組員機艙，作為生活空間。

一具RA-15天線，用來和坎巴拉星保持可靠的通訊。

足夠的照明，照亮前哨站周圍的區域，尤其是在晚上。我們可不希望科學家被薄荷味的石頭絆倒。

另外，確保前哨站在未來的……<i>宣傳照片</i>裡看起來夠氣派。

這項任務不只是科學而已，更是要展現我們探索未知的熱忱。再說，在明穆斯星上有一座永久基地，真的超酷的。","The discovery o' that monument on Minmus has stirred up a huge amount o' public interest. Every tongue be waggin' about Kerbina, the Builders, an' what it all means. Management wants to cash in on this excitement an' show the public we be takin' this seriously. They want a visible, solid show o' our commitment to understandin' this mystery.

An' that, Cap'n, means settin' up a permanent outpost on Minmus, right near the monument. A place where our scientists can carry out deep research an' study the monument up close.

This outpost must be built to hold a crew o' five Kerbals, allowin' fer long research stays. To meet the minimum requirements, the outpost must include:

At least one ""Hitchhiker"" crew cabin to provide livin' quarters.

A RA-15 antenna fer reliable talkin' with Kerbin.

Enough lights to light up the area 'round the outpost, especially at night. We don't want our scientists trippin' over any minty rocks.

Also, make sure the outpost looks mighty impressive fer any future… <i>publicity pictures</i>.

This voyage be about more than just science: it be about showin' our dedication to explorin' the unknown. Plus, havin' a permanent base on Minmus be just plain grand.","Откриће оног споменика на Минмусу изазвало је огромно интересовање јавности. Сви причају о богињи Кербини, Градитељима и о томе шта све то значи. Управа жели да искористи то узбуђење и покаже јавности да ово схватамо озбиљно. Желе видљив, опипљив доказ наше посвећености разумевању ове мистерије.

А то, директоре, значи успостављање сталне испоставе на Минмусу, одмах поред споменика. Места где наши научници могу да спроводе детаљна истраживања и анализирају споменик из прве руке.

Ова испостава мора бити пројектована за посаду од пет кербала, како би омогућила дужи истраживачки боравак. Да би испунила минималне захтеве, испостава мора да обухвати:

Најмање једну кабину за посаду „Аутостопер” као простор за живот.

Антену RA-15 за поуздану комуникацију са Кербином.

Довољно осветљења да се осветли простор око испоставе, нарочито ноћу. Не желимо да се наши научници саплићу о стене са укусом нане.

Такође, постарајте се да испостава изгледа импресивно на будућим… <i>промотивним фотографијама</i>.

Ова мисија није само наука: ради се о показивању наше посвећености истраживању непознатог. Осим тога, стална база на Минмусу је просто сјајна.","Upptäckten av det där monumentet på Minmus har väckt ett enormt intresse hos allmänheten. Alla pratar om Kerbina, Byggarna och vad allt det betyder. Ledningen vill dra nytta av den här entusiasmen och visa allmänheten att vi tar det här på allvar. De vill ha en synlig, konkret demonstration av vårt engagemang för att förstå mysteriet.

Och det, chefen, innebär att etablera en permanent utpost på Minmus, alldeles intill monumentet. En plats där våra forskare kan bedriva djupgående forskning och analysera monumentet på nära håll.

Utposten måste vara utformad för en besättning på fem kerbaler, så att längre forskningsvistelser blir möjliga. För att uppfylla minimikraven måste utposten innehålla:

Minst en ”Hitchhiker”-besättningshytt som bostadsutrymme.

En RA-15-antenn för pålitlig kommunikation med Kerbin.

Tillräcklig belysning för att lysa upp området runt utposten, särskilt på natten. Vi vill inte att våra forskare ska snubbla över några mintiga stenar.

Se också till att utposten ser imponerande ut på framtida… <i>reklambilder</i>.

Det här uppdraget handlar om mer än bara vetenskap: det handlar om att visa vår hängivenhet för att utforska det okända. Dessutom är en permanent bas på Minmus helt enkelt grymt häftig.","Descoperirea acelui monument de pe Minmus a stârnit un interes uriaș în rândul publicului. Toată lumea vorbește despre Kerbina, Constructori și ce înseamnă toate acestea. Conducerea vrea să profite de acest entuziasm și să-i arate publicului că tratăm problema cu seriozitate. Vor o demonstrație vizibilă și concretă a angajamentului nostru de a înțelege acest mister.

Iar asta, director, înseamnă înființarea unui avanpost permanent pe Minmus, chiar lângă monument. Un loc unde oamenii noștri de știință să poată face cercetări aprofundate și să analizeze monumentul direct.

Acest avanpost trebuie proiectat pentru un echipaj de cinci kerbali, pentru a permite șederi de cercetare prelungite. Pentru a îndeplini cerințele minime, avanpostul trebuie să includă:

Cel puțin o cabină de echipaj „Hitchhiker” ca spațiu de locuit.

O antenă RA-15 pentru o comunicare fiabilă cu Kerbin.

Suficientă iluminare pentru a lumina zona din jurul avanpostului, mai ales noaptea. Nu vrem ca oamenii noștri de știință să se împiedice de roci cu aromă de mentă.

De asemenea, asigurați-vă că avanpostul arată impresionant în viitoarele… <i>fotografii publicitare</i>.

Această misiune înseamnă mai mult decât știință: e vorba de a ne demonstra dedicarea pentru explorarea necunoscutului. În plus, o bază permanentă pe Minmus e pur și simplu grozavă."
Missions/Secondary/MTES10/Objective,Text,,"Establish an outpost on the surface of Minmus within close proximity to the monument, with five Kerbals, a “Hitchhiker” crew cabin, a RA-15 antenna and some lights.","Établir un avant-poste à la surface de Minmus, à proximité immédiate du monument, avec cinq Kerbals, une cabine d'équipage « Voyageur galactique », une antenne RA-15 et quelques projecteurs.","Stabilisci un avamposto sulla superficie di Minmus nelle immediate vicinanze del monumento, con cinque Kerbal, una cabina per equipaggio ""Autostoppisti"", un'antenna RA-15 e qualche luce.","Errichte einen Außenposten auf der Oberfläche von Minmus in unmittelbarer Nähe des Monuments, mit fünf Kerbals, einer Crew-Kabine „Hitchhiker“, einer RA-15-Antenne und einigen Lampen.","Establece un puesto avanzado en la superficie de Minmus muy cerca del monumento, con cinco kerbals, una cabina de tripulación ""Mochilera"", una antena RA-15 y algunas luces.","5人のカーバル、「ヒッチハイカー」クルーキャビン、RA-15アンテナ、いくつかのライトを備えた前哨基地を、ミンマスの地表のモニュメントのすぐ近くに建設する。","커벌 5명, ""히치하이커"" 승무원 객실, RA-15 안테나, 조명 몇 개를 갖춘 전초기지를 민무스 표면의 유적 바로 근처에 세우세요.","Załóż placówkę na powierzchni Minmusa w bezpośrednim sąsiedztwie monumentu, z pięcioma Kerbalami, kabiną załogową „Autostopowicz”, anteną RA-15 i kilkoma lampami.","Создайте аванпост на поверхности Минмуса в непосредственной близости от монумента: с пятью кербалами, кабиной экипажа «Хитчхайкер», антенной RA-15 и несколькими светильниками.","在Minmus表面紧邻纪念碑处建立一座前哨站，配备五名坎巴拉人、一个“乘员贮存容器”乘员舱、一副RA-15天线和几盏灯。","Estabeleça um posto avançado na superfície de Minmus bem perto do monumento, com cinco Kerbals, uma cabine de tripulação ""Mochileiro"", uma antena RA-15 e algumas luzes.","在明穆斯星表面緊鄰紀念雕像處建立一座前哨站，配備五名坎巴拉人、一個「銀河便車」組員機艙、一具RA-15天線和幾盞燈。","Set up an outpost on the surface o' Minmus close by the monument, with five Kerbals, a ""Hitchhiker"" crew cabin, a RA-15 antenna an' some lights.","Успоставите испоставу на површини Минмуса у непосредној близини споменика, са пет кербала, кабином за посаду „Аутостопер”, антеном RA-15 и неколико светала.","Etablera en utpost på Minmus yta i omedelbar närhet av monumentet, med fem kerbaler, en ”Hitchhiker”-besättningshytt, en RA-15-antenn och några lampor.","Înființați un avanpost pe suprafața lui Minmus, în imediata apropiere a monumentului, cu cinci kerbali, o cabină de echipaj „Hitchhiker”, o antenă RA-15 și câteva lumini."
Missions/Secondary/MTES10/Debrief01,Text,,"Well done! This outpost is a shining beacon of Kerbal ingenuity on the minty plains of <style=""OBJ-Minmus"">Minmus</style>! I’ve got to admit, your design for this outpost is <i>out of this world</i>.","Bien joué ! Cet avant-poste est un phare étincelant de l'ingéniosité kerbale sur les plaines mentholées de <style=""OBJ-Minmus"">Minmus</style> ! Je dois avouer que votre conception de cet avant-poste est <i>vraiment extraterrestre</i>.","Ben fatto! Questo avamposto è un faro scintillante dell'ingegno kerbal sulle pianure alla menta di <style=""OBJ-Minmus"">Minmus</style>! Devo ammettere che il tuo progetto per questo avamposto è <i>fuori dal mondo</i>.","Gut gemacht! Dieser Außenposten ist ein strahlendes Leuchtfeuer des Kerbal-Erfindergeists auf den minzigen Ebenen von <style=""OBJ-Minmus"">Minmus</style>! Ich muss zugeben, dein Entwurf für diesen Außenposten ist <i>nicht von dieser Welt</i>.","¡Bien hecho! ¡Este puesto avanzado es un faro reluciente del ingenio kerbal en las llanuras mentoladas de <style=""OBJ-Minmus"">Minmus</style>! Tengo que admitir que tu diseño para este puesto avanzado es <i>de otro mundo</i>.","よくやりました！ この前哨基地は、<style=""OBJ-Minmus"">ミンマス</style>のミントの平原に輝く、カーバルの創意工夫の灯台です！ 正直言って、所長のこの前哨基地の設計は<i>この世のものとは思えない</i>出来ですね。","잘하셨어요! 이 전초기지는 <style=""OBJ-Minmus"">민무스</style>의 민트빛 평원에서 빛나는 커벌 독창성의 등대예요! 솔직히 말해서 국장님의 전초기지 설계는 <i>이 세상의 것이 아닌</i> 수준이에요.","Świetna robota! Ta placówka to lśniąca latarnia kerbalskiej pomysłowości na miętowych równinach <style=""OBJ-Minmus"">Minmusa</style>! Muszę przyznać, że twój projekt tej placówki jest <i>nie z tej ziemi</i>.","Отличная работа! Этот аванпост — сияющий маяк кербальской изобретательности на мятных равнинах <style=""OBJ-Minmus"">Минмуса</style>! Должна признать, ваш проект аванпоста просто <i>не от мира сего</i>.","干得好！这座前哨站是坎巴拉人智慧在<style=""OBJ-Minmus"">Minmus</style>薄荷色平原上闪耀的灯塔！我不得不承认，你设计的这座前哨站简直<i>超凡脱俗</i>。","Muito bem! Este posto avançado é um farol reluzente da engenhosidade kerbal nas planícies mentoladas de <style=""OBJ-Minmus"">Minmus</style>! Tenho que admitir, o seu projeto para este posto avançado é <i>de outro mundo</i>.","做得好！這座前哨站是坎巴拉人巧思在<style=""OBJ-Minmus"">明穆斯星</style>薄荷色平原上閃耀的燈塔！我不得不承認，你設計的這座前哨站簡直<i>超凡脫俗</i>。","Well done! This outpost be a shinin' beacon o' Kerbal ingenuity on the minty plains o' <style=""OBJ-Minmus"">Minmus</style>! I must admit, yer design fer this outpost be <i>out o' this world</i>.","Браво! Ова испостава је блистав светионик кербалске домишљатости на равницама нане на <style=""OBJ-Minmus"">Минмусу</style>! Морам да признам, Ваш дизајн ове испоставе је <i>неземаљски</i>.","Bra jobbat! Den här utposten är en lysande fyr av kerbalisk uppfinningsrikedom på de mintiga slätterna på <style=""OBJ-Minmus"">Minmus</style>! Jag måste erkänna att din design för utposten är <i>helt utomjordisk</i>.","Bravo! Acest avanpost este un far strălucitor al ingeniozității kerbale pe câmpiile mentolate de pe <style=""OBJ-Minmus"">Minmus</style>! Trebuie să recunosc, designul dumneavoastră pentru acest avanpost este <i>de pe altă lume</i>."
Missions/Secondary/MTES10/Debrief02,Text,,"The crew have already set up a small observation platform overlooking the monument, which they’ve affectionately nicknamed “The Squid Mouth View.”","L'équipage a déjà installé une petite plateforme d'observation qui surplombe le monument, et qu'il a affectueusement surnommée « la Vue sur la Bouche du Calmar ».","L'equipaggio ha già allestito una piccola piattaforma di osservazione che si affaccia sul monumento e che ha affettuosamente soprannominato ""Vista Bocca di Calamaro"".","Die Besatzung hat bereits eine kleine Beobachtungsplattform mit Blick auf das Monument eingerichtet, die sie liebevoll „Tintenfischmaul-Aussicht“ getauft hat.","La tripulación ya ha montado una pequeña plataforma de observación con vistas al monumento, a la que han apodado cariñosamente ""el Mirador de la Boca de Calamar"".","クルーはもう、モニュメントを見下ろす小さな展望台を設置しました。愛着を込めて「イカの口ビュー」と呼んでいるそうです。","승무원들은 벌써 유적이 내려다보이는 작은 관측대를 설치하고, '오징어 입 전망대'라는 애칭까지 붙였어요.","Załoga już zbudowała małą platformę obserwacyjną z widokiem na monument, którą czule nazwała „Widokiem na Paszczę Kałamarnicy”.","Экипаж уже обустроил небольшую смотровую площадку с видом на монумент, которую ласково прозвал «Вид на пасть кальмара».","乘组已经搭建了一座俯瞰纪念碑的小型观景台，还亲切地给它起了个昵称叫“乌贼嘴观景台”。","A tripulação já montou uma pequena plataforma de observação com vista para o monumento, que eles carinhosamente apelidaram de ""Mirante da Boca de Lula"".","組員們已經搭好一座俯瞰紀念雕像的小型觀景台，還親暱地幫它取了個綽號叫「烏賊嘴觀景台」。","The crew have already set up a small lookout platform overlookin' the monument, which they've fondly nicknamed ""The Squid Mouth View.""","Посада је већ поставила малу осматрачку платформу са погледом на споменик, коју су од милоште прозвали „Поглед на уста лигње”.","Besättningen har redan byggt en liten observationsplattform med utsikt över monumentet, som de kärleksfullt har döpt till ”Bläckfiskmunsutsikten”.","Echipajul a amenajat deja o mică platformă de observare cu vedere spre monument, pe care au poreclit-o cu afecțiune „Priveliștea Gurii de Calmar”."
Missions/Secondary/MTES10/Debrief03,Text,,"Management is now talking about adding a gift shop. I’m not sure about that one, but… you know how Management can be.","La direction parle maintenant d'ajouter une boutique de souvenirs. Je ne suis pas convaincue, mais… vous savez comment est la direction.","Ora la direzione parla di aggiungere un negozio di souvenir. Non ne sono convinta, ma… sai com'è fatta la direzione.","Die Geschäftsleitung spricht jetzt davon, einen Souvenirladen hinzuzufügen. Da bin ich mir nicht so sicher, aber… du weißt ja, wie die Geschäftsleitung so ist.","Ahora la dirección habla de añadir una tienda de recuerdos. No lo tengo muy claro, pero… ya sabes cómo es la dirección.","経営陣は今、ギフトショップを追加する話をしています。それはどうかと思いますが…経営陣ってそういうものですよね。","경영진은 이제 기념품 가게를 추가하자는 얘기를 하고 있어요. 그건 잘 모르겠지만… 경영진이 어떤지 아시잖아요.","Zarząd mówi teraz o dodaniu sklepu z pamiątkami. Nie jestem tego pewna, ale… wiesz, jaki jest zarząd.","Теперь руководство говорит о том, чтобы добавить сувенирный магазин. Не уверена насчет этого, но… вы же знаете, каково руководство.","管理层现在正在讨论增设一家礼品店。我不太确定这个主意好不好，不过……你也知道管理层是什么样的。","Agora a diretoria está falando em acrescentar uma loja de presentes. Não sei, não, mas… você sabe como a diretoria é.","管理階層現在在討論要不要加開一間紀念品店。我不太確定這主意好不好，不過……你也知道管理階層是什麼德性。","Management be now talkin' about addin' a gift shop. I ain't sure about that one, but… ye know how Management can be.","Управа сада говори о додавању сувенирнице. Нисам сигурна у то, али… знате каква уме да буде управа.","Ledningen pratar nu om att lägga till en souvenirbutik. Jag är inte så säker på det, men… du vet hur ledningen kan vara.","Conducerea vorbește acum despre adăugarea unui magazin de suveniruri. Nu sunt prea sigură de asta, dar… știți cum e conducerea."

Missions/Secondary/Kerbin_Plane/Objective2,Text,,"Land a vessel that uses jet engines after reaching at least 500m.","Faire atterrir un appareil équipé de réacteurs après avoir atteint au moins 500 m d'altitude.","Fai atterrare un velivolo con motori a reazione dopo aver raggiunto almeno 500 m.","Lande ein Fahrzeug mit Strahltriebwerken, nachdem du mindestens 500 m erreicht hast.","Haz aterrizar una nave con motores a reacción tras alcanzar al menos 500 m.","少なくとも高度500mに達した後、ジェットエンジンを使用する機体を着陸させる。","최소 500m 고도에 도달한 후 제트 엔진을 사용하는 기체를 착륙시키세요.","Wyląduj statkiem z silnikami odrzutowymi po osiągnięciu co najmniej 500 m.","Посадите аппарат с реактивными двигателями после набора высоты не менее 500 м.","在达到至少500m高度后，让一架使用喷气发动机的载具着陆。","Pouse uma aeronave com motores a jato depois de atingir pelo menos 500 m.","在達到至少500m高度後，讓一架使用噴射引擎的載具降落。","Land a vessel that uses jet engines after reachin' at least 500m.","Спустите летелицу која користи млазне моторе након што достигне најмање 500 m.","Landa en farkost med jetmotorer efter att ha nått minst 500 m.","Aterizați o navă cu motoare cu reacție după ce ați atins cel puțin 500 m."

Missions/Secondary/MTES15/Name,Text,,"Go Fast","Aller vite","Veloce","Schnell","Rápido","速く","빠르게","Szybko","Быстрее","更快","Rápido","更快","Go Fast","Брзо","Fort","Repede"
Missions/Secondary/MTES15/Description,Text,,"C7 Aerospace Division has sent us some of their old records, challenging us to beat them. Let’s just say they’re ripe for the breaking. We’ve been so focused on reaching the stars, we’ve neglected the good old-fashioned thrill of… <i>speed</i>. Specifically, we’re talking about the Kerbin atmospheric speed record. A paltry 400 meters per second. That’s frankly, embarrassing! We can do better. Much better.

This isn’t just about going fast. It’s about pushing the boundaries of Kerbal engineering. It’s about proving that Kerbals can conquer any challenge, whether it’s in the depths of space or the skies above Kerbin.","C7 Aérospatial nous a envoyé quelques-uns de ses vieux records en nous mettant au défi de les battre. Disons simplement qu'ils ne demandent qu'à tomber. Nous avons été tellement concentrés sur la conquête des étoiles que nous avons négligé le bon vieux frisson de la… <i>vitesse</i>. Plus précisément, nous parlons du record de vitesse atmosphérique de Kerbin. 400 mètres par seconde, une misère. Franchement, c'est gênant ! Nous pouvons faire mieux. Beaucoup mieux.

Il ne s'agit pas seulement d'aller vite. Il s'agit de repousser les limites de l'ingénierie kerbale. De prouver que les Kerbals peuvent relever n'importe quel défi, que ce soit dans les profondeurs de l'espace ou dans le ciel de Kerbin.","La Divisione Aerospaziale C7 ci ha mandato alcuni dei suoi vecchi record, sfidandoci a batterli. Diciamo solo che sono maturi per essere superati. Eravamo così concentrati sul raggiungere le stelle da trascurare il buon vecchio brivido della… <i>velocità</i>. Nello specifico, parliamo del record di velocità atmosferica di Kerbin. Miseri 400 metri al secondo. Francamente, è imbarazzante! Possiamo fare di meglio. Molto meglio.

Non si tratta solo di andare veloci. Si tratta di spingere oltre i limiti dell'ingegneria kerbal. Di dimostrare che i Kerbal possono vincere qualsiasi sfida, che sia nelle profondità dello spazio o nei cieli sopra Kerbin.","Die C7 Aerospace Division hat uns einige ihrer alten Rekorde geschickt und uns herausgefordert, sie zu brechen. Sagen wir einfach, sie sind reif dafür. Wir waren so darauf konzentriert, nach den Sternen zu greifen, dass wir den guten alten Nervenkitzel der… <i>Geschwindigkeit</i> vernachlässigt haben. Genauer gesagt geht es um den atmosphärischen Geschwindigkeitsrekord von Kerbin. Lächerliche 400 Meter pro Sekunde. Das ist, ehrlich gesagt, peinlich! Das können wir besser. Viel besser.

Es geht nicht nur darum, schnell zu sein. Es geht darum, die Grenzen der Kerbal-Ingenieurskunst zu verschieben. Es geht darum zu beweisen, dass Kerbals jede Herausforderung meistern können, ob in den Tiefen des Weltraums oder am Himmel über Kerbin.","C7 Aerospace Division nos ha enviado algunos de sus antiguos récords y nos ha retado a batirlos. Digamos que están pidiendo a gritos que los superen. Hemos estado tan centrados en alcanzar las estrellas que hemos descuidado la buena y vieja emoción de la… <i>velocidad</i>. En concreto, hablamos del récord de velocidad atmosférica de Kerbin. Unos míseros 400 metros por segundo. ¡Francamente, es vergonzoso! Podemos hacerlo mejor. Mucho mejor.

No se trata solo de ir rápido. Se trata de superar los límites de la ingeniería kerbal. De demostrar que los kerbals pueden vencer cualquier desafío, ya sea en las profundidades del espacio o en los cielos de Kerbin.","C7エアロスペース事業部が、自分たちの古い記録をいくつか送ってきて、それを破ってみろと挑戦してきました。まあ、破られるのを待っているような記録だとだけ言っておきます。私たちは星に手を伸ばすことに夢中になるあまり、昔ながらの…<i>スピード</i>のスリルをおろそかにしてきました。具体的には、カービンの大気中速度記録の話です。たったの秒速400メートル。正直言って、恥ずかしいくらいです！ 私たちならもっとやれます。ずっとね。

これはただ速く飛ぶだけの話ではありません。カーバルの工学技術の限界を押し広げることなんです。宇宙の深淵であれ、カービンの上空であれ、カーバルはどんな挑戦にも打ち勝てると証明することなんです。","C7 항공우주부에서 자기들의 옛 기록 몇 개를 보내면서 깨 보라고 도전해 왔어요. 뭐, 깨지기만을 기다리는 기록이라고만 해 둘게요. 우리는 별에 닿는 데 너무 집중한 나머지, 오래된 그… <i>속도</i>의 짜릿함을 소홀히 했어요. 구체적으로 말하면 커빈의 대기권 속도 기록 얘기예요. 고작 초속 400미터라니. 솔직히 창피한 수준이에요! 우리는 더 잘할 수 있어요. 훨씬 더요.

이건 그냥 빨리 나는 문제가 아니에요. 커벌 공학의 한계를 넓히는 일이에요. 우주의 깊은 곳이든 커빈의 하늘이든, 커벌은 어떤 도전도 이겨낼 수 있다는 걸 증명하는 일이죠.","C7 Aerospace Division przysłało nam kilka swoich starych rekordów, rzucając nam wyzwanie, żebyśmy je pobili. Powiedzmy, że aż się proszą o pobicie. Tak skupiliśmy się na sięganiu gwiazd, że zaniedbaliśmy stary, dobry dreszczyk… <i>prędkości</i>. Konkretnie mówimy o rekordzie prędkości w atmosferze Kerbina. Marne 400 metrów na sekundę. Szczerze mówiąc, to żenujące! Stać nas na więcej. Dużo więcej.

Tu nie chodzi tylko o szybkość. Chodzi o przesuwanie granic kerbalskiej inżynierii. O udowodnienie, że Kerbale potrafią pokonać każde wyzwanie, czy to w głębinach kosmosu, czy na niebie nad Kerbinem.","«C7 Космотех» прислали нам несколько своих старых рекордов и бросили вызов побить их. Скажем так, эти рекорды давно напрашиваются. Мы были так сосредоточены на покорении звезд, что забыли про старый добрый азарт… <i>скорости</i>. А именно — речь о рекорде скорости в атмосфере Кербина. Жалкие 400 метров в секунду. Честно говоря, это стыдно! Мы можем лучше. Намного лучше.

Дело не только в скорости. Дело в том, чтобы раздвинуть границы кербальской инженерии. Доказать, что кербалы способны преодолеть любое испытание, будь то в глубинах космоса или в небе над Кербином.","C7航天部门给我们发来了他们的一些旧纪录，向我们发起挑战，看我们能否打破。这么说吧，这些纪录早就该被打破了。我们一直专注于摘星揽月，却忽视了那种老派的……<i>速度</i>带来的刺激。具体来说，我们说的是Kerbin大气层内的速度纪录。区区每秒400米。说实话，这太丢人了！我们可以做得更好。好得多。

这不仅仅是飞得快的问题。这是要突破坎巴拉工程学的极限。是要证明坎巴拉人能够战胜任何挑战，无论是在太空深处还是在Kerbin的天空中。","A Divisão Aeroespacial C7 nos mandou alguns dos seus recordes antigos, desafiando a gente a quebrá-los. Digamos que eles estão implorando para serem quebrados. Estivemos tão focados em alcançar as estrelas que deixamos de lado a boa e velha emoção da… <i>velocidade</i>. Mais especificamente, estamos falando do recorde de velocidade atmosférica de Kerbin. Míseros 400 metros por segundo. Sinceramente, é vergonhoso! Podemos fazer melhor. Muito melhor.

Não se trata só de ir rápido. Trata-se de expandir os limites da engenharia kerbal. De provar que os Kerbals podem vencer qualquer desafio, seja nas profundezas do espaço ou nos céus de Kerbin.","C7航太部門寄來了他們的一些舊紀錄，向我們下戰帖，看我們能不能打破。這麼說吧，這些紀錄早就該被打破了。我們一直專注於伸手摘星，卻忽略了那種老派的……<i>速度</i>帶來的刺激。具體來說，我們說的是坎巴拉星大氣層內的速度紀錄。區區每秒400公尺。老實說，這太丟臉了！我們可以做得更好。好上許多。

這不只是飛得快的問題。這是要突破坎巴拉工程學的極限。是要證明坎巴拉人能夠克服任何挑戰，不管是在太空深處，還是在坎巴拉星的天空中。","C7 Aerospace Division has sent us some o' their old records, darin' us to beat them. Let's just say they be ripe fer the breakin'. We've been so focused on reachin' the stars, we've neglected the good old-fashioned thrill o'… <i>speed</i>. Specifically, we be talkin' about the Kerbin atmospheric speed record. A measly 400 meters per second. That be frankly embarrassin'! We can do better. Much better.

This ain't just about goin' fast. It be about pushin' the limits o' Kerbal engineerin'. It be about provin' that Kerbals can conquer any challenge, whether in the depths o' space or the skies above Kerbin.","C7 Aerospace Division нам је послао неке своје старе рекорде, изазивајући нас да их оборимо. Рецимо да само чекају да буду оборени. Били смо толико усредсређени на досезање звезда да смо занемарили старо добро узбуђење… <i>брзине</i>. Тачније, говоримо о рекорду атмосферске брзине на Кербину. Јадних 400 метара у секунди. То је, искрено, срамота! Можемо ми боље. Много боље.

Не ради се само о брзини. Ради се о померању граница кербалског инжењерства. Ради се о доказивању да кербали могу да савладају сваки изазов, било у дубинама свемира или на небу изнад Кербина.","C7 Aerospace Division har skickat oss några av sina gamla rekord och utmanat oss att slå dem. Låt oss bara säga att de är mogna att slås. Vi har varit så fokuserade på att nå stjärnorna att vi har försummat den gamla goda spänningen i… <i>fart</i>. Närmare bestämt pratar vi om Kerbins atmosfäriska hastighetsrekord. Futtiga 400 meter per sekund. Det är ärligt talat pinsamt! Vi kan bättre. Mycket bättre.

Det handlar inte bara om att åka fort. Det handlar om att tänja på gränserna för kerbalisk ingenjörskonst. Om att bevisa att kerbaler kan klara vilken utmaning som helst, vare sig det är i rymdens djup eller på himlen över Kerbin.","C7 Aerospace Division ne-a trimis câteva dintre vechile sale recorduri, provocându-ne să le batem. Să zicem doar că așteaptă de mult să fie doborâte. Am fost atât de concentrați să ajungem la stele încât am neglijat bunul și vechiul fior al… <i>vitezei</i>. Mai exact, vorbim despre recordul de viteză atmosferică al lui Kerbin. Niște amărâți de 400 de metri pe secundă. Sincer, e jenant! Putem mai bine. Mult mai bine.

Nu e vorba doar de a merge repede. E vorba de a împinge limitele ingineriei kerbale. De a dovedi că kerbalii pot învinge orice provocare, fie în adâncurile spațiului, fie pe cerul de deasupra lui Kerbin."
Missions/Secondary/MTES15/Objective,Text,,"Go faster than 400 m/s with jet engines while being below 500m sea level.","Dépasser 400 m/s avec des réacteurs en restant à moins de 500 m au-dessus du niveau de la mer.","Supera i 400 m/s con motori a reazione restando sotto i 500 m sul livello del mare.","Fliege mit Strahltriebwerken schneller als 400 m/s, unter 500 m über dem Meeresspiegel.","Supera los 400 m/s con motores a reacción a menos de 500 m sobre el nivel del mar.","海抜500m以下を保ちながら、ジェットエンジンで秒速400mを超える。","해발 500m 이하를 유지하며 제트 엔진으로 초속 400m를 넘기세요.","Przekrocz 400 m/s z silnikami odrzutowymi, będąc poniżej 500 m nad poziomem morza.","Превысьте скорость 400 м/с на реактивных двигателях, находясь ниже 500 м над уровнем моря.","在海拔500m以下，使用喷气发动机使速度超过400m/s。","Ultrapasse 400 m/s com motores a jato estando abaixo de 500 m acima do nível do mar.","在海拔500m以下，使用噴射引擎讓速度超過400m/s。","Go faster than 400 m/s with jet engines while stayin' below 500m above sea level.","Пређите 400 m/s са млазним моторима док сте испод 500 m надморске висине.","Flyg fortare än 400 m/s med jetmotorer på under 500 m över havet.","Depășiți 400 m/s cu motoare cu reacție, sub 500 m deasupra nivelului mării."
Missions/Secondary/MTES15/Debrief01,Text,,"Great! You absolutely shattered the <style=""OBJ-Kerbin"">Kerbin</style> atmospheric speed record!","Génial ! Vous avez littéralement pulvérisé le record de vitesse atmosphérique de <style=""OBJ-Kerbin"">Kerbin</style> !","Fantastico! Hai letteralmente polverizzato il record di velocità atmosferica di <style=""OBJ-Kerbin"">Kerbin</style>!","Großartig! Du hast den atmosphärischen Geschwindigkeitsrekord von <style=""OBJ-Kerbin"">Kerbin</style> regelrecht pulverisiert!","¡Genial! ¡Has pulverizado por completo el récord de velocidad atmosférica de <style=""OBJ-Kerbin"">Kerbin</style>!","素晴らしい！ <style=""OBJ-Kerbin"">カービン</style>の大気中速度記録を完全に打ち砕きましたね！","대단해요! <style=""OBJ-Kerbin"">커빈</style>의 대기권 속도 기록을 완전히 박살 내셨어요!","Świetnie! Absolutnie zmiażdżyłeś rekord prędkości w atmosferze <style=""OBJ-Kerbin"">Kerbina</style>!","Великолепно! Вы буквально разнесли в клочья рекорд скорости в атмосфере <style=""OBJ-Kerbin"">Кербина</style>!","太棒了！你彻底粉碎了<style=""OBJ-Kerbin"">Kerbin</style>的大气层速度纪录！","Ótimo! Você simplesmente estraçalhou o recorde de velocidade atmosférica de <style=""OBJ-Kerbin"">Kerbin</style>!","太棒了！你徹底粉碎了<style=""OBJ-Kerbin"">坎巴拉星</style>的大氣層速度紀錄！","Great! Ye absolutely shattered the <style=""OBJ-Kerbin"">Kerbin</style> atmospheric speed record!","Сјајно! Потпуно сте разбили рекорд атмосферске брзине <style=""OBJ-Kerbin"">Кербина</style>!","Toppen! Du krossade fullständigt <style=""OBJ-Kerbin"">Kerbins</style> atmosfäriska hastighetsrekord!","Grozav! Ați pulverizat de-a dreptul recordul de viteză atmosferică al lui <style=""OBJ-Kerbin"">Kerbin</style>!"
Missions/Secondary/MTES15/Debrief02,Text,,"You made those old 400 m/s records look like they were set by a slow-moving cloud!","À côté de vous, ces vieux records de 400 m/s ont l'air d'avoir été établis par un nuage paresseux !","Hai fatto sembrare quei vecchi record da 400 m/s stabiliti da una nuvola pigra!","Neben dir sehen diese alten 400-m/s-Rekorde aus, als hätte sie eine träge Wolke aufgestellt!","¡A tu lado, esos viejos récords de 400 m/s parecen batidos por una nube perezosa!","あの秒速400mの古い記録が、のろのろ流れる雲が出した記録みたいに見えますよ！","그 초속 400m짜리 옛 기록들이 느릿느릿 움직이는 구름이 세운 기록처럼 보이네요!","Przy tobie te stare rekordy 400 m/s wyglądają, jakby ustanowiła je leniwa chmura!","Рядом с вами эти старые рекорды в 400 м/с выглядят так, будто их установило ленивое облако!","你让那些400m/s的旧纪录看起来就像是一朵慢吞吞的云创造的！","Você fez aqueles recordes antigos de 400 m/s parecerem feitos por uma nuvem preguiçosa!","你讓那些400m/s的舊紀錄看起來像是一朵慢吞吞的雲創下的！","Ye made those old 400 m/s records look like they were set by a slow-driftin' cloud!","Због Вас ти стари рекорди од 400 m/s изгледају као да их је поставио лењи облак!","Du fick de gamla rekorden på 400 m/s att se ut som om de satts av ett långsamt moln!","Ați făcut ca vechile recorduri de 400 m/s să pară stabilite de un nor leneș!"
Missions/Secondary/MTES15/Debrief03,Text,,"You know, with that kind of speed, I could probably cut my commute time in half. Imagine, arriving at <style=""KSC-Mission-Control"">Mission Control</style> before the coffee gets cold. Now <i>that</i> would be a record worth breaking!","Vous savez, à cette vitesse-là, je pourrais sans doute réduire mon temps de trajet de moitié. Imaginez : arriver au <style=""KSC-Mission-Control"">Contrôle mission</style> avant que le café refroidisse. Ça, <i>ce serait</i> un record qui vaut la peine d'être battu !","Sai, con una velocità del genere potrei probabilmente dimezzare il tempo del tragitto per venire al lavoro. Immagina, arrivare al <style=""KSC-Mission-Control"">Controllo Missioni</style> prima che il caffè si raffreddi. <i>Quello</i> sì che sarebbe un record da battere!","Weißt du, mit so einer Geschwindigkeit könnte ich meinen Arbeitsweg wahrscheinlich halbieren. Stell dir vor, im <style=""KSC-Mission-Control"">Missionszentrum</style> anzukommen, bevor der Kaffee kalt wird. <i>Das</i> wäre mal ein Rekord, den es sich zu brechen lohnt!","¿Sabes? Con esa velocidad, seguramente podría reducir a la mitad lo que tardo en llegar al trabajo. Imagínate: llegar a <style=""KSC-Mission-Control"">Control de misión</style> antes de que se enfríe el café. ¡<i>Eso</i> sí que sería un récord digno de batir!","そうだ、それだけのスピードがあれば、通勤時間を半分にできそうです。想像してみてください、コーヒーが冷める前に<style=""KSC-Mission-Control"">ミッションコントロールセンター</style>に到着するんです。<i>それこそ</i>破る価値のある記録ですよ！","있잖아요, 그 정도 속도라면 출근 시간을 반으로 줄일 수 있을 것 같아요. 상상해 보세요, 커피가 식기 전에 <style=""KSC-Mission-Control"">우주 비행 관제소</style>에 도착하는 거예요. <i>그거야말로</i> 깰 가치가 있는 기록이죠!","Wiesz, z taką prędkością pewnie skróciłabym dojazd do pracy o połowę. Wyobraź sobie: dotrzeć do <style=""KSC-Mission-Control"">kontroli misji</style>, zanim kawa wystygnie. <i>To</i> byłby rekord wart pobicia!","Знаете, с такой скоростью я, наверное, могла бы вдвое сократить дорогу на работу. Представьте: приехать в <style=""KSC-Mission-Control"">Центр аэрокосмических программ</style>, пока кофе еще не остыл. <i>Вот</i> это был бы рекорд, который стоит побить!","你知道吗，有这样的速度，我的通勤时间大概能缩短一半。想象一下，在咖啡变凉之前就赶到<style=""KSC-Mission-Control"">任务控制中心</style>。<i>那</i>才是一项值得打破的纪录！","Sabe, com essa velocidade, eu provavelmente conseguiria cortar meu tempo de deslocamento pela metade. Imagine só, chegar ao <style=""KSC-Mission-Control"">Controle de Missão</style> antes que o café esfrie. <i>Esse</i> sim seria um recorde que vale a pena quebrar!","你知道嗎，有這種速度，我的通勤時間大概可以砍掉一半。想像一下，在咖啡變涼之前就抵達<style=""KSC-Mission-Control"">任務控制中心</style>。<i>那</i>才是值得打破的紀錄！","Ye know, with that kind o' speed, I could probably cut me commute in half. Imagine, arrivin' at <style=""KSC-Mission-Control"">Mission Control</style> before the coffee gets cold. Now <i>that</i> would be a record worth breakin'!","Знате, са таквом брзином вероватно бих преполовила време путовања до посла. Замислите, стићи у <style=""KSC-Mission-Control"">Контролу мисије</style> пре него што се кафа охлади. <i>То</i> би био рекорд вредан обарања!","Du vet, med den farten skulle jag förmodligen kunna halvera min pendlingstid. Tänk dig att komma till <style=""KSC-Mission-Control"">Uppdragskontrollen</style> innan kaffet hinner kallna. <i>Det</i> vore ett rekord värt att slå!","Știți, cu o asemenea viteză, probabil mi-aș putea înjumătăți drumul până la serviciu. Imaginați-vă: să ajung la <style=""KSC-Mission-Control"">Controlul Misiunii</style> înainte să se răcească cafeaua. <i>Ăsta</i> ar fi un record care merită doborât!"

Missions/Secondary/MTES16/Name,Text,,"Go High","Aller haut","In alto","Hoch","Alto","高く","높게","Wysoko","Выше","更高","Alto","更高","Go High","Високо","Högt","Sus"
Missions/Secondary/MTES16/Description,Text,,"We’ve received a new request from C7 Aerospace Division. They want to test their engine performance at high altitudes, specifically, by reaching an altitude of 20 kilometers above sea level. We need to make sure the engine gets enough fuel, because if we run out, we are going to have a bad time.","Nous avons reçu une nouvelle demande de C7 Aérospatial. Ils veulent tester les performances de leurs moteurs à haute altitude, plus précisément en atteignant une altitude de 20 kilomètres au-dessus du niveau de la mer. Il faudra veiller à ce que le moteur reçoive assez de carburant, parce que si nous tombons en panne sèche, ça va mal se passer.","Abbiamo ricevuto una nuova richiesta dalla Divisione Aerospaziale C7. Vogliono testare le prestazioni dei loro motori ad alta quota, nello specifico raggiungendo un'altitudine di 20 chilometri sul livello del mare. Dobbiamo assicurarci che il motore riceva abbastanza carburante, perché se restiamo a secco, passeremo un brutto quarto d'ora.","Wir haben eine neue Anfrage von der C7 Aerospace Division erhalten. Sie wollen die Leistung ihrer Triebwerke in großen Höhen testen, und zwar indem sie eine Höhe von 20 Kilometern über dem Meeresspiegel erreichen. Wir müssen sicherstellen, dass das Triebwerk genug Treibstoff bekommt, denn wenn er uns ausgeht, wird es ungemütlich.","Hemos recibido una nueva petición de C7 Aerospace Division. Quieren probar el rendimiento de sus motores a gran altitud, en concreto, alcanzando una altitud de 20 kilómetros sobre el nivel del mar. Tenemos que asegurarnos de que el motor reciba suficiente combustible, porque, si nos quedamos sin él, lo vamos a pasar mal.","C7エアロスペース事業部から新しい依頼が届きました。高高度でのエンジン性能を試験したいそうで、具体的には海抜20キロメートルの高度に到達することです。エンジンに十分な燃料が行き渡るようにしないといけません。燃料切れになったら、ひどい目にあいますから。","C7 항공우주부에서 새로운 요청이 왔어요. 고고도에서 엔진 성능을 시험하고 싶대요. 구체적으로는 해발 20킬로미터 고도에 도달하는 거예요. 엔진에 연료가 충분히 공급되도록 해야 해요. 연료가 떨어지면 큰일이 나거든요.","Otrzymaliśmy nową prośbę od C7 Aerospace Division. Chcą przetestować osiągi swoich silników na dużych wysokościach, a konkretnie osiągając wysokość 20 kilometrów nad poziomem morza. Musimy zadbać, żeby silnik dostawał wystarczająco dużo paliwa, bo jeśli się skończy, będzie niewesoło.","Мы получили новый запрос от «C7 Космотех». Они хотят испытать характеристики своих двигателей на большой высоте, а именно — достичь высоты 20 километров над уровнем моря. Нужно обеспечить двигатель достаточным количеством топлива, потому что если оно закончится, нам придется несладко.","我们收到了C7航天部门的新请求。他们想测试发动机在高海拔下的性能，具体来说，就是到达海拔20公里的高度。我们得确保发动机有足够的燃料供应，因为一旦燃料耗尽，我们可就要倒大霉了。","Recebemos um novo pedido da Divisão Aeroespacial C7. Eles querem testar o desempenho dos motores em grandes altitudes, mais especificamente atingindo uma altitude de 20 quilômetros acima do nível do mar. Precisamos garantir que o motor receba combustível suficiente, porque, se acabar, vamos passar maus bocados.","我們收到C7航太部門的新請求。他們想測試引擎在高海拔的性能，具體來說，就是要達到海拔20公里的高度。我們得確保引擎有足夠的燃料供應，因為一旦燃料用完，我們就慘了。","We've received a new request from C7 Aerospace Division. They want to test their engine performance at high altitudes, specifically, by reachin' an altitude o' 20 kilometers above sea level. We need to make sure the engine gets enough fuel, because if we run dry, we be in for a bad time.","Добили смо нови захтев од C7 Aerospace Division. Желе да тестирају перформансе својих мотора на великим висинама, тачније, достизањем висине од 20 километара изнад нивоа мора. Морамо да обезбедимо да мотор добија довољно горива, јер ако остане без њега, лоше ћемо проћи.","Vi har fått en ny förfrågan från C7 Aerospace Division. De vill testa sina motorers prestanda på hög höjd, närmare bestämt genom att nå en höjd av 20 kilometer över havet. Vi måste se till att motorn får tillräckligt med bränsle, för om det tar slut kommer vi att få det kämpigt.","Am primit o nouă cerere de la C7 Aerospace Division. Vor să testeze performanța motoarelor lor la altitudini mari, mai exact atingând o altitudine de 20 de kilometri deasupra nivelului mării. Trebuie să ne asigurăm că motorul primește suficient combustibil, pentru că dacă rămânem fără, o să ne fie greu."
Missions/Secondary/MTES16/Objective,Text,,"Reach an altitude of 20 km above sea level with a jet engine.","Atteindre une altitude de 20 km au-dessus du niveau de la mer avec un réacteur.","Raggiungi un'altitudine di 20 km sul livello del mare con un motore a reazione.","Erreiche mit einem Strahltriebwerk eine Höhe von 20 km über dem Meeresspiegel.","Alcanza una altitud de 20 km sobre el nivel del mar con un motor a reacción.","ジェットエンジンで海抜20kmの高度に到達する。","제트 엔진으로 해발 20km 고도에 도달하세요.","Osiągnij wysokość 20 km nad poziomem morza z silnikiem odrzutowym.","Достигните высоты 20 км над уровнем моря на реактивном двигателе.","使用喷气发动机到达海拔20km的高度。","Atinja uma altitude de 20 km acima do nível do mar com um motor a jato.","使用噴射引擎達到海拔20km的高度。","Reach an altitude o' 20 km above sea level with a jet engine.","Достигните висину од 20 km изнад нивоа мора са млазним мотором.","Nå en höjd av 20 km över havet med en jetmotor.","Atingeți o altitudine de 20 km deasupra nivelului mării cu un motor cu reacție."
Missions/Secondary/MTES16/Debrief01,Text,,"Congratulations on reaching new heights, Director! You’ve proven that Kerbal engineering, combined with skilled piloting, can achieve remarkable feats.","Félicitations, vous avez atteint de nouveaux sommets, directeur ! Vous avez prouvé que l'ingénierie kerbale, alliée à un pilotage habile, peut accomplir des exploits remarquables.","Congratulazioni per aver raggiunto nuove vette, direttore! Hai dimostrato che l'ingegneria kerbal, unita a un pilotaggio abile, può compiere imprese straordinarie.","Glückwunsch zum Erreichen neuer Höhen, Direktor! Du hast bewiesen, dass Kerbal-Ingenieurskunst in Verbindung mit geschicktem Fliegen bemerkenswerte Leistungen vollbringen kann.","¡Enhorabuena por alcanzar nuevas cotas, dire! Has demostrado que la ingeniería kerbal, unida a un pilotaje hábil, puede lograr hazañas extraordinarias.","新たな高みへの到達おめでとうございます、所長！ カーバルの工学技術と熟練した操縦が組み合わされば、驚くべき偉業を成し遂げられると証明しましたね。","새로운 고지에 도달하신 걸 축하드려요, 국장님! 커벌의 공학 기술과 숙련된 조종이 만나면 놀라운 업적을 이룰 수 있다는 걸 증명하셨어요.","Gratulacje z okazji osiągnięcia nowych wyżyn, dyrektorze! Udowodniłeś, że kerbalska inżynieria w połączeniu z umiejętnym pilotażem może dokonywać niezwykłych wyczynów.","Поздравляю с покорением новых высот, директор! Вы доказали, что кербальская инженерия в сочетании с умелым пилотированием способна на выдающиеся достижения.","恭喜你达到了新的高度，局长！你证明了坎巴拉的工程技术加上娴熟的驾驶技巧，能够创造非凡的壮举。","Parabéns por alcançar novos patamares, Diretor! Você provou que a engenharia kerbal, aliada a uma pilotagem habilidosa, pode realizar façanhas notáveis.","恭喜你達到新的高度，總監！你證明了坎巴拉的工程技術加上高超的駕駛技巧，可以完成非凡的壯舉。","Congratulations on reachin' new heights, Cap'n! Ye've proven that Kerbal engineerin', paired with skilled pilotin', can achieve remarkable feats.","Честитам на досезању нових висина, директоре! Доказали сте да кербалско инжењерство, уз вешто пилотирање, може да постигне изванредне подвиге.","Grattis till att ha nått nya höjder, chefen! Du har bevisat att kerbalisk ingenjörskonst i kombination med skicklig flygning kan åstadkomma enastående bedrifter.","Felicitări pentru atingerea unor noi înălțimi, director! Ați dovedit că ingineria kerbală, combinată cu un pilotaj iscusit, poate realiza performanțe remarcabile."
Missions/Secondary/MTES16/Debrief02,Text,,"Who knows, maybe we can even use it to build a plane that can reach space! Now that would be something.","Qui sait, on pourra peut-être même s'en servir pour construire un avion capable d'atteindre l'espace ! Ça, ce serait quelque chose.","Chissà, forse potremo persino usarlo per costruire un aereo in grado di raggiungere lo spazio! Quello sì che sarebbe qualcosa.","Wer weiß, vielleicht können wir damit sogar ein Flugzeug bauen, das den Weltraum erreicht! Das wäre was.","Quién sabe, ¡quizá incluso podamos usarlo para construir un avión capaz de llegar al espacio! Eso sí que sería algo.","もしかしたら、それを使って宇宙まで行ける飛行機を作れるかもしれませんね！ そうなったら大したものです。","누가 알아요, 어쩌면 그걸로 우주까지 갈 수 있는 비행기를 만들 수 있을지도요! 그렇게 되면 정말 대단할 거예요.","Kto wie, może nawet uda nam się to wykorzystać do zbudowania samolotu, który doleci w kosmos! To by było coś.","Кто знает, может, мы даже сможем построить самолет, который долетит до космоса! Вот это было бы что-то.","谁知道呢，也许我们甚至可以用它造出一架能飞上太空的飞机！那可就了不起了。","Quem sabe, talvez possamos até usar isso para construir um avião capaz de chegar ao espaço! Isso sim seria incrível.","誰知道呢，也許我們甚至可以用它打造一架能飛上太空的飛機！那可就了不起了。","Who knows, maybe we can even use it to build a plane that can reach space! Now that would be somethin'.","Ко зна, можда то чак можемо да искористимо за изградњу авиона који може да стигне до свемира! То би тек било нешто.","Vem vet, vi kanske till och med kan använda det för att bygga ett flygplan som kan nå rymden! Det skulle vara något.","Cine știe, poate o vom putea folosi chiar pentru a construi un avion capabil să ajungă în spațiu! Asta da realizare."

Missions/Secondary/MTES17/Name,Text,,"Go Far","Aller loin","Lontano","Weit","Lejos","遠く","멀리","Daleko","Дальше","更远","Longe","更遠","Go Far","Далеко","Långt","Departe"
Missions/Secondary/MTES17/Description,Text,,"We’ve received another request from our friends at C7 Aerospace Division: they’ve been quite impressed with our recent high-altitude test, and now they want to showcase the range of our aircraft. They’ve asked us to fly our aircraft from the Kerbal Space Center all the way to the desert region.

Good luck, and try not to blow up the engine. That would be bad for business.","Nous avons reçu une autre demande de nos amis de C7 Aérospatial : notre récent essai à haute altitude les a beaucoup impressionnés, et ils veulent maintenant mettre en avant l'autonomie de nos appareils. Ils nous ont demandé de faire voler notre appareil depuis le Centre Spatial Kerbal jusqu'à la région désertique.

Bonne chance, et essayez de ne pas faire exploser le moteur. Ce serait mauvais pour les affaires.","Abbiamo ricevuto un'altra richiesta dai nostri amici della Divisione Aerospaziale C7: sono rimasti molto colpiti dal nostro recente test ad alta quota e ora vogliono mettere in mostra l'autonomia dei nostri velivoli. Ci hanno chiesto di far volare il nostro velivolo dal Centro Spaziale Kerbal fino alla regione desertica.

Buona fortuna, e cerca di non far esplodere il motore. Sarebbe un male per gli affari.","Wir haben eine weitere Anfrage von unseren Freunden bei der C7 Aerospace Division erhalten: Sie waren von unserem jüngsten Höhentest sehr beeindruckt und wollen nun die Reichweite unserer Flugzeuge zur Schau stellen. Sie haben uns gebeten, mit unserem Flugzeug vom Kerbal-Weltraumzentrum bis in die Wüstenregion zu fliegen.

Viel Glück, und versuch, das Triebwerk nicht in die Luft zu jagen. Das wäre schlecht fürs Geschäft.","Hemos recibido otra petición de nuestros amigos de C7 Aerospace Division: les impresionó mucho nuestra reciente prueba a gran altitud y ahora quieren mostrar la autonomía de nuestros aviones. Nos han pedido que volemos con nuestro avión desde el Centro Espacial Kerbal hasta la región desértica.

Buena suerte, y procura no reventar el motor. Sería malo para el negocio.","C7エアロスペース事業部の友人たちから、また依頼が届きました。先日の高高度試験にとても感心したようで、今度は私たちの航空機の航続距離をアピールしたいそうです。カーバル宇宙センターから砂漠地帯まで、航空機を飛ばしてほしいと頼まれました。

幸運を祈ります。エンジンを吹き飛ばさないようにしてくださいね。商売に響きますから。","C7 항공우주부의 친구들에게서 또 요청이 왔어요. 최근 고고도 시험에 꽤 감명을 받았는지, 이번엔 우리 항공기의 항속 거리를 보여주고 싶대요. 커벌 우주 센터에서 사막 지역까지 항공기를 비행시켜 달라고 부탁했어요.

행운을 빌어요. 엔진을 날려 먹지 않도록 하세요. 사업에 안 좋으니까요.","Otrzymaliśmy kolejną prośbę od naszych przyjaciół z C7 Aerospace Division: nasz niedawny test na dużej wysokości zrobił na nich duże wrażenie, a teraz chcą pokazać zasięg naszych samolotów. Poprosili nas o przelot naszym samolotem z Kerbińskiego Ośrodka Kosmicznego aż do regionu pustynnego.

Powodzenia i postaraj się nie wysadzić silnika. To byłoby złe dla interesów.","Мы получили еще один запрос от наших друзей из «C7 Космотех»: наше недавнее высотное испытание их очень впечатлило, и теперь они хотят продемонстрировать дальность полета наших самолетов. Они попросили нас долететь на самолете от Кербальского космического центра до самой пустыни.

Удачи, и постарайтесь не взорвать двигатель. Это плохо скажется на бизнесе.","我们又收到了C7航天部门朋友们的请求：他们对我们最近的高空测试印象深刻，现在想展示一下我们飞机的航程。他们请我们驾驶飞机从坎巴拉航天中心一路飞到沙漠地区。

祝你好运，尽量别把发动机炸了。那可对生意不好。","Recebemos outro pedido dos nossos amigos da Divisão Aeroespacial C7: eles ficaram bastante impressionados com nosso recente teste de grande altitude e agora querem mostrar o alcance das nossas aeronaves. Eles pediram que voássemos com nossa aeronave do Centro Espacial Kerbal até a região do deserto.

Boa sorte, e tente não explodir o motor. Seria ruim para os negócios.","我們又收到C7航太部門朋友們的請求：他們對我們最近的高空測試印象非常深刻，現在想展示我們飛機的航程。他們請我們駕駛飛機，從坎巴拉太空中心一路飛到沙漠地區。

祝你好運，盡量別把引擎炸了。那對生意可不好。","We've received another request from our mates at C7 Aerospace Division: they were mighty impressed with our recent high-altitude test, an' now they want to show off the range o' our aircraft. They've asked us to fly our aircraft from the Kerbal Space Center all the way to the desert region.

Fair winds, an' try not to blow up the engine. That'd be bad fer business.","Добили смо још један захтев од наших пријатеља из C7 Aerospace Division: били су веома импресионирани нашим недавним тестом на великој висини, а сада желе да покажу домет наших летелица. Замолили су нас да нашом летелицом прелетимо пут од Кербалског свемирског центра све до пустињског региона.

Срећно, и покушајте да не разнесете мотор. То би било лоше за посао.","Vi har fått ännu en förfrågan från våra vänner på C7 Aerospace Division: de blev mycket imponerade av vårt senaste höghöjdstest och vill nu visa upp räckvidden hos våra flygplan. De har bett oss att flyga vårt flygplan från Kerbal Space Center hela vägen till ökenregionen.

Lycka till, och försök att inte spränga motorn. Det vore dåligt för affärerna.","Am primit o nouă cerere de la prietenii noștri de la C7 Aerospace Division: au fost foarte impresionați de recentul nostru test la mare altitudine, iar acum vor să arate raza de acțiune a avioanelor noastre. Ne-au rugat să zburăm cu avionul nostru de la Kerbal Space Center până în regiunea deșertică.

Mult noroc și încercați să nu aruncați motorul în aer. Ar fi rău pentru afaceri."
Missions/Secondary/MTES17/Objective,Text,,"Land a vessel with jet engines in the desert.","Faire atterrir un appareil équipé de réacteurs dans le désert.","Fai atterrare un velivolo con motori a reazione nel deserto.","Lande ein Fahrzeug mit Strahltriebwerken in der Wüste.","Haz aterrizar una nave con motores a reacción en el desierto.","ジェットエンジンを使用する機体を砂漠に着陸させる。","제트 엔진을 사용하는 기체를 사막에 착륙시키세요.","Wyląduj statkiem z silnikami odrzutowymi na pustyni.","Посадите аппарат с реактивными двигателями в пустыне.","让一架使用喷气发动机的载具降落在沙漠中。","Pouse uma aeronave com motores a jato no deserto.","讓一架使用噴射引擎的載具降落在沙漠中。","Land a vessel with jet engines in the desert.","Спустите летелицу са млазним моторима у пустињу.","Landa en farkost med jetmotorer i öknen.","Aterizați o navă cu motoare cu reacție în deșert."
Missions/Secondary/MTES17/Debrief01,Text,,"Well done for making it all the way out there mostly intact.","Bravo d'être arrivé jusque là-bas presque intact.","Complimenti per essere arrivato fin laggiù quasi tutto intero.","Gut gemacht, dass du es weitgehend unversehrt bis dorthin geschafft hast.","Bien hecho por llegar hasta allí casi de una pieza.","ほぼ無傷であんなところまでたどり着くなんて、お見事です。","거의 멀쩡한 상태로 거기까지 가시다니, 잘하셨어요.","Brawo, że dotarłeś tam w większości w jednym kawałku.","Отличная работа: вы добрались туда почти целым.","干得好，一路飞到那里还基本完好无损。","Muito bem por chegar até lá praticamente inteiro.","做得好，一路飛到那裡還幾乎完好無缺。","Well done fer makin' it all the way out there mostly in one piece.","Браво што сте стигли све до тамо углавном читави.","Bra jobbat att du tog dig hela vägen dit i stort sett helskinnad.","Bravo că ați ajuns până acolo aproape întreg."
Missions/Secondary/MTES17/Debrief02,Text,,"The crew reported extreme heat. They also mentioned seeing a giant worm. I told them it was probably just a mirage.","L'équipage a signalé une chaleur extrême. Ils ont aussi mentionné avoir vu un ver géant. Je leur ai dit que c'était sans doute juste un mirage.","L'equipaggio ha segnalato un caldo estremo. Hanno anche detto di aver visto un verme gigante. Gli ho detto che probabilmente era solo un miraggio.","Die Besatzung meldete extreme Hitze. Sie erwähnten auch, einen riesigen Wurm gesehen zu haben. Ich habe ihnen gesagt, dass es wahrscheinlich nur eine Fata Morgana war.","La tripulación informó de un calor extremo. También mencionaron haber visto un gusano gigante. Les dije que probablemente era solo un espejismo.","クルーから猛烈な暑さの報告がありました。巨大なワームを見たとも言っていました。たぶんただの蜃気楼だと言っておきました。","승무원들이 극심한 더위를 보고했어요. 거대한 벌레를 봤다는 얘기도 했어요. 아마 그냥 신기루였을 거라고 말해 줬어요.","Załoga zgłosiła ekstremalny upał. Wspomnieli też, że widzieli gigantycznego robaka. Powiedziałam im, że to pewnie tylko fatamorgana.","Экипаж сообщил о страшной жаре. Еще они упомянули, что видели гигантского червя. Я сказала им, что это, скорее всего, просто мираж.","乘组报告说那里酷热难当。他们还提到看到了一条巨大的蠕虫。我告诉他们那很可能只是海市蜃楼。","A tripulação relatou calor extremo. Eles também mencionaram ter visto uma minhoca gigante. Eu disse que provavelmente era só uma miragem.","組員回報那裡熱得要命。他們還說看到了一條巨大的蟲。我跟他們說那大概只是海市蜃樓。","The crew reported fierce heat. They also mentioned seein' a giant worm. I told them it was probably just a mirage.","Посада је пријавила екстремну врућину. Поменули су и да су видели огромног црва. Рекла сам им да је то вероватно била само фатаморгана.","Besättningen rapporterade extrem hetta. De nämnde också att de hade sett en jättemask. Jag sa till dem att det förmodligen bara var en hägring.","Echipajul a raportat o căldură extremă. Au menționat și că au văzut un vierme uriaș. Le-am spus că probabil a fost doar un miraj."
Missions/Secondary/MTES17/Debrief03,Text,,"Now, let’s get that sand out of the cockpit. It’s starting to look like a beach in here.","Maintenant, débarrassons le cockpit de tout ce sable. On commence à se croire à la plage.","Ora, togliamo quella sabbia dall'abitacolo. Comincia a sembrare una spiaggia qui dentro.","Und jetzt holen wir den Sand aus dem Cockpit. Hier drin sieht es langsam aus wie am Strand.","Y ahora, saquemos esa arena de la cabina. Esto empieza a parecer una playa.","さて、コックピットからあの砂を出しましょう。ここがビーチみたいになってきました。","자, 이제 조종석에서 그 모래 좀 빼내죠. 여기가 점점 해변처럼 보이기 시작했어요.","A teraz wytrzepmy ten piasek z kokpitu. Zaczyna tu wyglądać jak na plaży.","А теперь давайте вытряхнем этот песок из кабины. Тут уже начинает походить на пляж.","现在，把驾驶舱里的沙子清理出去吧。这里都快变成海滩了。","Agora, vamos tirar essa areia da cabine. Isto aqui está começando a parecer uma praia.","現在，把駕駛艙裡的沙子清出去吧。這裡都快變成海灘了。","Now, let's get that sand out o' the cockpit. It be startin' to look like a beach in here.","А сада, хајде да истресемо тај песак из кокпита. Овде почиње да личи на плажу.","Nu ska vi få ut den där sanden ur cockpiten. Det börjar se ut som en strand här inne.","Acum, haideți să scoatem nisipul din cockpit. Începe să arate ca o plajă aici."
